TITLE,DESCRIPTION,PRICE,CURRENCY_CODE,QUANTITY,TAGS,MATERIALS,IMAGE1,IMAGE2,IMAGE3,IMAGE4,IMAGE5,IMAGE6,IMAGE7,IMAGE8,IMAGE9,IMAGE10,"VARIATION 1 TYPE","VARIATION 1 NAME","VARIATION 1 VALUES","VARIATION 2 TYPE","VARIATION 2 NAME","VARIATION 2 VALUES",SKU
"Natural Carved Emerald & Diamond Leaf Pendant, Gold Plated 925 Sterling Silver Jewelry","Natural Emerald Diamond Pendant – Gold Plated 925 Sterling Silver, Intricately Carved Emerald Jewelry, Pave Diamond Leaf Pendant, Wedding Guest & Festival Jewelry

Product Specifications:

Main Gemstone: Natural Emeralds — total weight 14.40 carats

Accent Stones: Pave Diamonds — total weight 1.10 carats

Pendant Size:  59×32 mm

Metal: Solid 925 Sterling Silver with luxurious gold plating

Design: Detailed leaf-inspired carving with elegant diamond accents

Why You’ll Love It:
Celebrate timeless craftsmanship and vibrant beauty with this exquisite carved emerald and diamond pendant. This statement piece is delicately handcrafted in rhodium-plated sterling silver and elevated with gold plating for a luxurious finish. Each natural emerald is intricately carved and arranged into a lush, leaf-inspired motif, symbolizing growth, prosperity, and grace. The shimmering pave diamond accents add just the right touch of brilliance, making this pendant an heirloom-worthy treasure designed to dazzle for years to come.

Perfect for elevating everyday style or making an unforgettable entrance at special occasions, this pendant effortlessly blends the allure of nature with the luxury of fine gemstone artistry. Whether layered with other favorite pieces or worn solo, it’s a stunning addition for anyone who adores unique, luxurious jewelry.

Perfect Gift For:
An ideal choice for weddings, bridesmaids, and special events — this statement pendant also makes an exceptional Mother’s Day Gift, Thanksgiving Gift Jewelry, Christmas Gift Jewelry, or a memorable birthday or anniversary surprise. With its warm green tones and classic sparkle, it’s a standout piece for Fall Jewelry, Winter Jewelry, or Spring Jewelry collections, as well as for Summer Wedding Jewelry and Festival Jewelry.

Exclusively by Vamika Jewels — Where Every Gem Tells a Story, and Every Design Is Made to Be Remembered.

★ This Jewelry comes with a Specially Designed Jewelry Box.
★ Have your own custom design? Send us a message and we will make it for you exactly how you want it to be:))
★ All our gemstones are 100% natural.

Visit links: For Other Design
https://vamijewells.etsy.com

Please Pay more attention to the Jewelry Care Tips:
★ Do not use chemical jewelry cleaners.
★ Gently polish with a soft, lint-free cloth.
★ Store your jewelry in a cool dry place.
★ Do not wear it to the pool, spa, or the beach.
★ Avoid contact with perfumes, body oils, and other chemicals, including household cleaners.
★ Remove when sleeping, exercising, or doing other physically strenuous activities.

Custom Order:
★ Please Noted that Once Custom Order has been Arranged for Production, Cancellation is not Allowed because all the Materials has been Prepared well for your Jewelry Making. Hope to get Your highly Understand! There are NO returns on custom Jewelry Thanks So Much!

Feedback:
★ If you have any problem with your order or you are not satisfied with your order please feel free to contact us and allow us to resolve your problem. But please do not leave negative or neutral feedback before contacting us.",1702.91,USD,4,"Handmade_jewelry,Luxury_jewelry,Anniversary_Gift,925_silver_pendant,Engagement_gift,Halo_Diamond_pendant,Gemstone_pendant,Dainty_Pendant,Statement_pendant,birthstone_necklace,emerald_necklace,Wedding_Gift,Birthday_Gift","Stone,Sterling silver,Silver,Emerald",https://i.etsystatic.com/24638998/r/il/9a1dd2/6994061484/il_fullxfull.6994061484_izfr.jpg,https://i.etsystatic.com/24638998/r/il/190e0e/7042037501/il_fullxfull.7042037501_rm6z.jpg,https://i.etsystatic.com/24638998/r/il/aed549/6994061532/il_fullxfull.6994061532_inud.jpg,https://i.etsystatic.com/24638998/r/il/e9d6a0/7042037449/il_fullxfull.7042037449_5p1w.jpg,https://i.etsystatic.com/24638998/r/il/31e658/6994061496/il_fullxfull.6994061496_bllq.jpg,https://i.etsystatic.com/24638998/r/il/7e6b2c/7042037493/il_fullxfull.7042037493_k4k4.jpg,https://i.etsystatic.com/24638998/r/il/aa4d89/6812623953/il_fullxfull.6812623953_cgcl.jpg,https://i.etsystatic.com/24638998/r/il/2d1957/6812525709/il_fullxfull.6812525709_8qbv.jpg,,,,,,,,,K-865
"Natural Fire Opal & Diamond Jewelry Set, Handmade Sterling Silver Ring and Earrings Jewelry","Natural Fire Opal Diamond Jewelry Set | Sterling Silver Ring & Earrings | 2.28 Ct Opal Minimalist Gift for Her | 925 Silver Anniversary Set

Product Specifications

Main Stones: Natural Fire Opals – 2.28 carats (pear cut)

Accent Stones: Natural Diamonds – 0.85 carats (pave halo)

Metal: 925 Sterling Silver, Rhodium Plated

Set Includes: Matching Ring and Earrings

Earring Length: 30 mm

Design: Pear-Cut Opal with Diamond Halo

Style: Minimalist, Statement, Handmade Jewelry

Description

This Natural Fire Opal Diamond Jewelry Set is a timeless creation of elegance and sparkle, designed to celebrate life’s most meaningful moments. Featuring 2.28 carats of natural fire opals in luminous pear cuts, the set includes a stunning opal diamond ring and a pair of graceful opal diamond earrings, both framed with 0.85 carats of natural diamonds for radiant brilliance. Handcrafted in 925 sterling silver with rhodium plating, the sleek pear-shaped design captures minimalist elegance with a luxurious touch, making this jewelry set versatile enough for both daily wear and special occasions. The earrings measure 30 mm in length, adding just the right amount of sophistication to any look.

💝 Perfect Gift Occasions:
This opal and diamond set makes a meaningful anniversary gift for wife, a romantic engagement or wedding jewelry gift, or a luxurious birthday gift for her. It is equally ideal as a Valentine’s Day surprise, a thoughtful Mother’s Day present, or a sparkling Christmas and New Year jewelry gift. A versatile treasure, it also shines as a graduation or promotion gift, an elegant bridesmaid keepsake, or a heartfelt mother of the bride jewelry gift. Whether chosen for your wife, girlfriend, sister, daughter, mom, or best friend, this opal diamond set is designed to be cherished forever.

This dazzling Fire Opal Diamond Jewelry Set includes a natural opal ring and earrings crafted in sterling silver opal jewelry style, making it a radiant minimalist opal diamond set for women who love elegance with a touch of sparkle. Perfect as an anniversary gift for wife, it also shines as bold statement jewelry for women, a glamorous luxury birthday gift for her, or a refined wedding jewelry gift set. With its timeless charm, it can be worn as an engagement jewelry alternative, a thoughtful Mother’s Day gift, or a festive holiday jewelry Christmas present. A versatile treasure, it is equally ideal as a gift for mom, sister, or daughter, a meaningful graduation or promotion gift, or a stylish bridesmaid or mother of the bride gift, ensuring it remains a cherished heirloom for years to come.

✨ A radiant blend of glowing opals and shimmering diamonds — minimalist elegance designed to sparkle forever.


★ This Jewelry comes with a Specially Designed Jewelry Box.
★ Have your own custom design? Send us a message and we will make it for you exactly how you want it to be:))
★ All our gemstones are 100% natural.

Visit links: For Other Design
https://vamijewells.etsy.com

Please Pay more attention to the Jewelry Care Tips:
★ Do not use chemical jewelry cleaners.
★ Gently polish with a soft, lint-free cloth.
★ Store your jewelry in a cool dry place.
★ Do not wear it to the pool, spa, or the beach.
★ Avoid contact with perfumes, body oils, and other chemicals, including household cleaners.
★ Remove when sleeping, exercising, or doing other physically strenuous activities.

Custom Order:
★ Please Noted that Once Custom Order has been Arranged for Production, Cancellation is not Allowed because all the Materials has been Prepared well for your Jewelry Making. Hope to get Your highly Understand! There are NO returns on custom Jewelry Thanks So Much!

Feedback:
★ If you have any problem with your order or you are not satisfied with your order please feel free to contact us and allow us to resolve your problem. But please do not leave negative or neutral feedback before contacting us.",300.99,USD,4,"Pave_diamond_ring,925_silver_ring,Unique_silver_ring,Handmade_jewelry,Luxury_jewelry,Halo_Diamond_Ring,Anniversary_Gift,Statement_Jewelry,Vintage_jewelry,Engagement_Ring_Gift,Wedding_Gift,opal_jewelry_set","Opal,Diamond,Sterling silver,Silver,Stone,Opal",https://i.etsystatic.com/24638998/r/il/be7de1/7300022239/il_fullxfull.7300022239_puk2.jpg,https://i.etsystatic.com/24638998/r/il/3a93aa/7300021725/il_fullxfull.7300021725_fbkk.jpg,https://i.etsystatic.com/24638998/r/il/883b82/7252070672/il_fullxfull.7252070672_vsys.jpg,https://i.etsystatic.com/24638998/r/il/37371c/7252070676/il_fullxfull.7252070676_7os7.jpg,https://i.etsystatic.com/24638998/r/il/e15adc/7252070662/il_fullxfull.7252070662_5hf5.jpg,https://i.etsystatic.com/24638998/r/il/aa4d89/6812623953/il_fullxfull.6812623953_cgcl.jpg,https://i.etsystatic.com/24638998/r/il/2d1957/6812525709/il_fullxfull.6812525709_8qbv.jpg,,,,"Custom Property",Style,"Earrings,Ring,Complete Set","Custom Property","Ring Size","NA FOR EARRINGS,5 US,5 1/4 US,5 1/2 US,5 3/4 US,6 US,6 1/4 US,6 1/2 US,6 3/4 US,7 US,7 1/4 US,7 1/2 US,7 3/4 US,8 US,8 1/4 US,8 1/2 US,8 3/4 US,9 US,9 1/4 US,9 1/2 US,9 3/4 US,10 US,10 1/4 US,10 1/2 US,10 3/4 US,11 US,11 1/4 US,11 1/2 US,11 3/4 US,12 US,12 1/4 US,12 1/2 US,12 3/4 US,13 US,13 1/4 US,13 1/2 US,13 3/4 US,14 US,14 1/4 US,14 1/2 US,14 3/4 US,15 US,15 1/4 US,15 1/2 US,15 3/4 US,16 US",K-1560
"Kyanite Diamond Dangle Earrings – Sterling Silver, Bridal Jewelry","Natural Kyanite Diamond Dangle Earrings, 925 Sterling Silver Statement Earrings, Handmade Blue Kyanite Jewelry, Bridal Drop Earrings, Luxury Jewelry Gift

Product Specifications:

Metal: Solid 925 Sterling Silver, Rhodium Plated

Main Stones: Natural Kyanites – 23.50 carats

Accent Stones: Natural Diamonds – 1.60 carats

Earring Length: 60 mm

Cut: Pear & Round Cut Kyanites, Round Cut Diamonds

Setting: Prong & Halo Setting

Style: Statement Dangle Earrings, Luxury Fine Jewelry

Description:
These Natural Kyanite Diamond Dangle Earrings are a stunning display of craftsmanship and luxury. Featuring an impressive 23.5 carats of deep blue kyanites, each stone radiates captivating brilliance. A delicate halo of 1.6 carats of natural diamonds frames the kyanites, enhancing their vibrant hue and creating a dazzling sparkle with every movement.

Handcrafted in solid 925 sterling silver with a rhodium-plated finish for lasting shine, these statement earrings are the perfect choice for weddings, birthdays, anniversaries, or black-tie events. The elongated 60 mm design offers a graceful, face-framing effect that is both elegant and bold.

Whether worn as bridal jewelry or a special occasion accessory, these earrings will make you feel glamorous and unforgettable.
★ This Jewelry comes with a Specially Designed Jewelry Box.
★ Have your own custom design? Send us a message and we will make it for you exactly how you want it to be:))
★ All our gemstones are 100% natural.

Visit links: For Other Design
https://vamijewells.etsy.com

Please Pay more attention to the Jewelry Care Tips:
★ Do not use chemical jewelry cleaners.
★ Gently polish with a soft, lint-free cloth.
★ Store your jewelry in a cool dry place.
★ Do not wear it to the pool, spa, or the beach.
★ Avoid contact with perfumes, body oils, and other chemicals, including household cleaners.
★ Remove when sleeping, exercising, or doing other physically strenuous activities.

Custom Order:
★ Please Noted that Once Custom Order has been Arranged for Production, Cancellation is not Allowed because all the Materials has been Prepared well for your Jewelry Making. Hope to get Your highly Understand! There are NO returns on custom Jewelry Thanks So Much!

Feedback:
★ If you have any problem with your order or you are not satisfied with your order please feel free to contact us and allow us to resolve your problem. But please do not leave negative or neutral feedback before contacting us.",1461.02,USD,4,"Handmade_jewelry,Anniversary_Gift,silver_jewelry,unique_earrings,Engagement_Gift,Minimalist_earrings,multi_stone_earrings,Diamond_Earrings,925_Silver_Earrings,blue_stone_earrings,kyanite_earrings,kyanite_jewelry,gift_for_mother","Stone,Sterling silver,Silver,Kyanite",https://i.etsystatic.com/24638998/r/il/f42f11/7104980076/il_fullxfull.7104980076_rt60.jpg,https://i.etsystatic.com/24638998/r/il/f32051/7152948037/il_fullxfull.7152948037_b06y.jpg,https://i.etsystatic.com/24638998/r/il/cd4cc4/7152948053/il_fullxfull.7152948053_8nre.jpg,https://i.etsystatic.com/24638998/r/il/09c668/7104979516/il_fullxfull.7104979516_1jis.jpg,https://i.etsystatic.com/24638998/r/il/2b6c62/7152948055/il_fullxfull.7152948055_bohq.jpg,https://i.etsystatic.com/24638998/r/il/aa4d89/6812623953/il_fullxfull.6812623953_cgcl.jpg,https://i.etsystatic.com/24638998/r/il/2d1957/6812525709/il_fullxfull.6812525709_8qbv.jpg,,,,,,,,,,K-1111
"Natural Opal Tanzanite Aquamarine & Diamond Ring, 925 Sterling Silver Jewelry, Birthday Gift For Women","Natural Opal Tanzanite Aquamarine Ring, 925 Sterling Silver Diamond Statement Jewelry, 6.44 Ct Fire Opal Cluster Ring, Unique Birthday Gift for Her

A Galaxy of Colors on Your Finger
Step into a world of enchanting brilliance with this Natural Opal and Multi-Gemstone Statement Ring. At the center lies a magnificent 6.44-carat Natural Opal, known for its mesmerizing ""fire"" and shifting colors. It is beautifully surrounded by a celestial cluster of violet-blue Tanzanites, icy Aquamarines, and sparkling Natural Diamonds.

Handcrafted in premium 925 Sterling Silver, this ring features a sophisticated split-shank band that balances the bold, oversized cluster head. It’s more than just jewelry; it’s a piece of wearable art that captures the magic of the ocean and the stars.

✨ Item Specifications:
Main Stone: Natural Fire Opal (Large Oval Cabochon) - 6.44 Carats

Accent Stones: * Natural Tanzanite: 0.58 Carats

Natural Aquamarine: 0.86 Carats

Genuine Sparkling Diamonds: 0.70 Carats

Metal: Solid 925 Sterling Silver (Hallmarked)

Design: Luxury Multi-Gemstone Cluster

Style: High-Fashion Statement / Cocktail Ring

💎 Why This Ring is Extraordinary:
Dynamic Play of Color: The Natural Opal reflects different hues from every angle, making the ring look different in every light.

Rare Gemstone Trio: The combination of Opal, Tanzanite, and Aquamarine is rare and highly sought after by gemstone collectors.

Artisan Detail: The cluster setting is designed to create a ""flower-like"" or ""galaxy"" effect, maximizing the sparkle of the 0.70 carats of diamonds.

🎁 The Ultimate Birthday Surprise
Presented in a professional jewelry box, this ring is an ideal gift for:

October Birthdays: A stunning and premium take on the Opal birthstone.

March & December Birthdays: Featuring Aquamarine and Tanzanite.

Special Anniversaries: A gift that symbolizes a vibrant and multifaceted love.

Care Instructions
Opal is a delicate gemstone. To keep it beautiful, avoid contact with water, perfumes, and heat. Clean gently with a soft, dry cloth and store in a cool place away from direct sunlight.",835.99,USD,4,"Opal_Tanzanite_Ring,925_Sterling_Silver,Statement_Ring,October_Birthstone,Aquamarine_Jewelry,Multi_Stone_Ring,Cocktail_Ring_Women,Victorian_Style_Ring,Ethiopian_Opal_Ring,Anniversary_Gift,Unique_Birthday_Gift,Filigree_Lace_Ring,Pastel_stone_Jewelry","Tanzanite,Aquamarine,Opal,Diamond,Sterling silver,Opal",https://i.etsystatic.com/24638998/r/il/4f5595/7935171894/il_fullxfull.7935171894_a9yw.jpg,https://i.etsystatic.com/24638998/r/il/6b0447/7935171146/il_fullxfull.7935171146_i333.jpg,https://i.etsystatic.com/24638998/r/il/3cca41/7983126567/il_fullxfull.7983126567_cvbo.jpg,https://i.etsystatic.com/24638998/r/il/27102d/7983126579/il_fullxfull.7983126579_nvj7.jpg,https://i.etsystatic.com/24638998/r/il/bb35b1/7983126585/il_fullxfull.7983126585_ohk0.jpg,https://i.etsystatic.com/24638998/r/il/65e3bf/7983126623/il_fullxfull.7983126623_n36h.jpg,https://i.etsystatic.com/24638998/r/il/aa4d89/6812623953/il_fullxfull.6812623953_cgcl.jpg,https://i.etsystatic.com/24638998/r/il/2d1957/6812525709/il_fullxfull.6812525709_8qbv.jpg,,,"Ring size","Ring size","5,5 1/4,5 1/2,5 3/4,6,6 1/4,6 1/2,6 3/4,7,7 1/4,7 1/2,7 3/4,8,8 1/4,8 1/2,8 3/4,9,9 1/4,9 1/2,9 3/4,10,10 1/4,10 1/2,10 3/4,11,11 1/4,11 1/2,11 3/4,12,12 1/4,12 1/2,12 3/4,13,13 1/4,13 1/2,13 3/4,14,14 1/4,14 1/2,14 3/4,15,15 1/4,15 1/2,15 3/4,16",,,,K-5090
"Natural Solitaire Tanzanite Pave Diamond Cocktail Ring, 925 Sterling Silver Statement Jewelry","Natural Tanzanite Diamond Cocktail Ring | 925 Sterling Silver Handmade Halo Ring | Luxury Statement Jewelry | Anniversary & Bridal Gift for Her

Product Specifications

Main Stone: Natural Tanzanite – 6.95 carats

Accent Stones: Natural Diamonds – 0.29 carats

Metal: 925 Sterling Silver, Rhodium Plated

Design: Oval Tanzanite Center with Classic Diamond Pave Halo

Style: Cocktail, Solitaire, Handmade Statement Jewelry

Description

This Natural Tanzanite & Diamond Cocktail Ring embodies timeless elegance, handcrafted artistry, and the captivating allure of one of the world’s rarest gemstones. At its heart lies a mesmerizing 6.95-carat natural tanzanite, glowing with enchanting shades of violet-blue — a hue that symbolizes depth, intuition, and eternal beauty. Surrounding the gemstone is a radiant halo of 0.29 carats of natural diamonds, delicately pave-set to add luminous sparkle and dimension.

Expertly handcrafted in 925 sterling silver and finished with rhodium plating for enduring shine, this ring reflects refined craftsmanship and sophistication. The design is both modern and classic — perfect for women who appreciate understated luxury with a touch of drama. Whether worn as an elegant cocktail ring, a meaningful anniversary piece, or a modern engagement ring, this tanzanite creation radiates brilliance and charm from every angle.

💎 Tanzanite, the gemstone of transformation, is said to enhance intuition, inspire confidence, and evoke inner calm — making this ring not only breathtakingly beautiful but also deeply symbolic.

💝 Perfect Gift Occasions:
This exquisite ring makes a stunning gift for a wedding, a romantic engagement gift, or a special surprise for your fiancé or fiancée. It’s the perfect anniversary celebration gift or birthday gift for her, ideal for your wife, girlfriend, sister, daughter, mom, or best friend. A thoughtful Valentine’s Day treasure, a heartfelt Mother’s Day gift, or a luxurious Christmas and New Year keepsake, it’s also a perfect graduation or promotion gift, a bridesmaid or mother of the bride/groom gift, or a “just because,” “thinking of you,” or “thank you” gift. A timeless token of love and light that transcends trends.

This classic tanzanite diamond cocktail ring embodies natural gemstone jewelry, sterling silver statement ring, halo diamond jewelry, and handmade fine craftsmanship. Designed as a luxury anniversary or engagement gift for her, it features oval tanzanite brilliance, diamond sparkle, and artistic silver detailing. Perfect for weddings, formal events, or elegant evenings, this tanzanite halo ring is the ultimate gift for wife, girlfriend, or mom, representing sophistication, strength, and timeless beauty.

Materials

Natural Tanzanite

Natural Diamonds

925 Sterling Silver

Rhodium Plating

Fine Handcrafted Setting

✨ A mesmerizing symbol of grace and transformation — this Tanzanite & Diamond Ring captures the light of elegance, handcrafted for the woman who defines luxury in her own way.







★ This Jewelry comes with a Specially Designed Jewelry Box.
★ Have your own custom design? Send us a message and we will make it for you exactly how you want it to be:))
★ All our gemstones are 100% natural.

Visit links: For Other Design
https://vamijewells.etsy.com

Please Pay more attention to the Jewelry Care Tips:
★ Do not use chemical jewelry cleaners.
★ Gently polish with a soft, lint-free cloth.
★ Store your jewelry in a cool dry place.
★ Do not wear it to the pool, spa, or the beach.
★ Avoid contact with perfumes, body oils, and other chemicals, including household cleaners.
★ Remove when sleeping, exercising, or doing other physically strenuous activities.

Custom Order:
★ Please Noted that Once Custom Order has been Arranged for Production, Cancellation is not Allowed because all the Materials has been Prepared well for your Jewelry Making. Hope to get Your highly Understand! There are NO returns on custom Jewelry Thanks So Much!

Feedback:
★ If you have any problem with your order or you are not satisfied with your order please feel free to contact us and allow us to resolve your problem. But please do not leave negative or neutral feedback before contacting us.",1060.99,USD,3,"silver_jewelry,stackable_rings,unique_silver_ring,luxury_jewelry,anniversary_gift,blue_stone_ring,wedding_ring_gift,engagement_ring_gift,birthday_gift_ring,summer_Jewelry,vacation_jewelry,beach_jewelry,Tanzanite_Ring","Sterling silver,Tanzanite,Diamond,Silver,Stone,Tanzanite",https://i.etsystatic.com/24638998/r/il/e8b6b9/7431026033/il_fullxfull.7431026033_pptd.jpg,https://i.etsystatic.com/24638998/r/il/0222ac/7431024995/il_fullxfull.7431024995_4kqb.jpg,https://i.etsystatic.com/24638998/r/il/125e6b/7431025011/il_fullxfull.7431025011_1vyb.jpg,https://i.etsystatic.com/24638998/r/il/2c19e5/7431024983/il_fullxfull.7431024983_cz27.jpg,https://i.etsystatic.com/24638998/r/il/e1943d/7431024987/il_fullxfull.7431024987_rrgd.jpg,https://i.etsystatic.com/24638998/r/il/f1733d/7431024997/il_fullxfull.7431024997_4lha.jpg,https://i.etsystatic.com/24638998/r/il/d70b26/7431024993/il_fullxfull.7431024993_n2ew.jpg,https://i.etsystatic.com/24638998/r/il/1f12b3/7431024985/il_fullxfull.7431024985_h1wk.jpg,https://i.etsystatic.com/24638998/r/il/aa4d89/6812623953/il_fullxfull.6812623953_cgcl.jpg,https://i.etsystatic.com/24638998/r/il/2d1957/6812525709/il_fullxfull.6812525709_8qbv.jpg,"Ring size","Ring size","5,5 1/4,5 1/2,5 3/4,6,6 1/4,6 1/2,6 3/4,7,7 1/4,7 1/2,7 3/4,8,8 1/4,8 1/2,8 3/4,9,9 1/4,9 1/2,9 3/4,10,10 1/4,10 1/2,10 3/4,11,11 1/4,11 1/2,11 3/4,12,12 1/4,12 1/2,12 3/4,13,13 1/4,13 1/2,13 3/4,14,14 1/4,14 1/2,14 3/4,15,15 1/4,15 1/2,15 3/4,16",,,,K-1698
"Natural Apatite & Diamond Ring, 925 Sterling Silver Pave Diamond Halo Cocktail Jewelry","Natural Apatite & Diamond Ring – 925 Sterling Silver Pavé Halo Cocktail Jewelry
Product Specifications

Main Stone: Natural Apatite

Apatite Weight: 4.84 Carats

Accent Stones: Natural Diamonds

Total Diamond Weight: 0.64 Carats

Metal: 925 Sterling Silver

Finish: Rhodium Plated

Ring Type: Statement / Cocktail Ring

Design: Cushion-style pavé diamond halo with elevated center stone

Style: Luxury, Bold, Elegant Fine Jewelry

Craftsmanship: Handcrafted with precision pavé-set diamonds and structured silver gallery

Description

This elegant Natural Apatite & Diamond Ring is a refined expression of warmth, brilliance, and contemporary luxury. Showcasing a captivating natural apatite weighing 4.84 carats, the center stone displays rich golden-brown tones with remarkable depth and fire. Encircled by a delicately pavé-set diamond halo totaling 0.64 carats, the design sparkles with refined brilliance while enhancing the bold presence of the centerpiece. Handcrafted in solid 925 sterling silver with a luminous rhodium-plated finish, this cocktail ring offers exceptional shine, balance, and comfort. Perfect for evening wear, special occasions, or collectors of distinctive gemstone jewelry, this piece blends modern sophistication with timeless elegance.

Ideal for shoppers searching for a natural apatite ring, apatite diamond cocktail ring, pavé diamond halo ring, 925 sterling silver statement ring, luxury gemstone jewelry, handmade fine gemstone ring, brown gemstone statement ring, anniversary gift for her, birthday gemstone jewelry, evening and party jewelry, artisan silver jewelry, and unique high-end gemstone designs on Etsy.

Handcrafted with a premium natural apatite centerpiece accented by sparkling natural diamonds, this ring is crafted in solid 925 sterling silver and finished with radiant rhodium plating to enhance brilliance and ensure long-lasting durability. Each diamond is carefully handset to maximize sparkle, symmetry, and structural elegance, reflecting expert craftsmanship and delivering a luxurious, high-quality statement ring designed for confident, elegant styling.",1319.99,USD,5,"925_silver_ring,Unique_silver_ring,Handmade_jewelry,Luxury_jewelry,Halo_Diamond_Ring,Engagement_Ring,Anniversary_Gift,Minimalist_Ring,wedding_gift,birthday_gift,Apatite_Ring,yellow_stone_ring,double_halo_ring","Diamond,Apatite,Sterling silver,Silver,Apatite",https://i.etsystatic.com/24638998/r/il/906508/7566440749/il_fullxfull.7566440749_puib.jpg,https://i.etsystatic.com/24638998/r/il/4738e1/7518507018/il_fullxfull.7518507018_nzs0.jpg,https://i.etsystatic.com/24638998/r/il/f12f15/7518507020/il_fullxfull.7518507020_rcl7.jpg,https://i.etsystatic.com/24638998/r/il/e0ba73/7518507024/il_fullxfull.7518507024_b0bm.jpg,https://i.etsystatic.com/24638998/r/il/9b36f0/7566440319/il_fullxfull.7566440319_isr1.jpg,https://i.etsystatic.com/24638998/r/il/f4201a/7518507028/il_fullxfull.7518507028_tjps.jpg,https://i.etsystatic.com/24638998/r/il/aa4d89/6812623953/il_fullxfull.6812623953_cgcl.jpg,https://i.etsystatic.com/24638998/r/il/2d1957/6812525709/il_fullxfull.6812525709_8qbv.jpg,,,"Ring size","Ring size","5,5 1/4,5 1/2,5 3/4,6,6 1/4,6 1/2,6 3/4,7,7 1/4,7 1/2,7 3/4,8,8 1/4,8 1/2,8 3/4,9,9 1/4,9 1/2,9 3/4,10,10 1/4,10 1/2,10 3/4,11,11 1/4,11 1/2,11 3/4,12,12 1/4,12 1/2,12 3/4,13,13 1/4,13 1/2,13 3/4,14,14 1/4,14 1/2,14 3/4,15,15 1/4,15 1/2,15 3/4,16",,,,K-2009
"Natural Apatite & Diamond Ring, 925 Sterling Silver Pave Diamond Halo Cocktail Jewelry","Natural Apatite & Diamond Ring – 925 Sterling Silver Pavé Halo Cocktail Jewelry
Product Specifications

Main Stone: Natural Apatite

Apatite Weight: 3.00 Carats

Accent Stones: Natural Diamonds

Diamond Weight: 0.78 Carats

Diamond Cut: Round & Baguette-Cut Diamonds

Metal: 925 Sterling Silver

Finish: Rhodium Plated

Ring Type: Statement / Cocktail Ring

Design: Pavé diamond halo with architectural baguette diamond accents

Style: Luxury, Bold, Elegant Fine Jewelry

Craftsmanship: Handcrafted with precision pavé setting and structured silver gallery

Description

This breathtaking Natural Apatite & Diamond Ring is a refined statement of brilliance and modern luxury. Showcasing a vivid natural apatite weighing 3.00 carats, the centerpiece radiates an intense ocean-blue glow that immediately captivates the eye. Surrounding the gemstone is a meticulously crafted pavé diamond halo, enhanced with striking round and baguette-cut diamonds totaling 0.78 carats, adding depth, dimension, and architectural elegance to the design. Handcrafted in solid 925 sterling silver with a luminous rhodium-plated finish, this cocktail ring offers exceptional sparkle from every angle. Perfect for evening wear, special occasions, or collectors of distinctive gemstone jewelry, this piece blends contemporary glamour with timeless sophistication.

Ideal for shoppers searching for a natural apatite ring, apatite diamond cocktail ring, pavé diamond halo ring, baguette diamond ring, 925 sterling silver statement ring, luxury gemstone jewelry, handmade fine gemstone ring, blue gemstone statement ring, anniversary gift for her, birthday gemstone jewelry, evening and party jewelry, artisan silver jewelry, and unique high-end gemstone designs on Etsy.

Handcrafted with a premium natural apatite centerpiece accented by sparkling natural diamonds, this ring is crafted in solid 925 sterling silver and finished with radiant rhodium plating to enhance brilliance and ensure long-lasting durability. Each round and baguette-cut diamond is carefully handset to maximize sparkle, balance, and structural elegance, reflecting expert craftsmanship and delivering a luxurious, high-quality statement ring designed for bold, elegant styling.",1035.99,USD,5,"925_silver_ring,Unique_silver_ring,Handmade_jewelry,Luxury_jewelry,Halo_Diamond_Ring,Engagement_Ring,Anniversary_Gift,Minimalist_Ring,wedding_gift,birthday_gift,Apatite_Ring,double_halo_ring,blue_stone_ring","Diamond,Apatite,Sterling silver,Silver,Apatite",https://i.etsystatic.com/24638998/r/il/85dce3/7566399655/il_fullxfull.7566399655_iwaa.jpg,https://i.etsystatic.com/24638998/r/il/c8931d/7566399295/il_fullxfull.7566399295_d0y8.jpg,https://i.etsystatic.com/24638998/r/il/5589fb/7566399287/il_fullxfull.7566399287_80yv.jpg,https://i.etsystatic.com/24638998/r/il/5f97d9/7518466110/il_fullxfull.7518466110_nkau.jpg,https://i.etsystatic.com/24638998/r/il/ef99cd/7518466112/il_fullxfull.7518466112_3o97.jpg,https://i.etsystatic.com/24638998/r/il/3dcf70/7566399289/il_fullxfull.7566399289_8rhx.jpg,https://i.etsystatic.com/24638998/r/il/7c582f/7566399293/il_fullxfull.7566399293_2b0s.jpg,https://i.etsystatic.com/24638998/r/il/aa4d89/6812623953/il_fullxfull.6812623953_cgcl.jpg,https://i.etsystatic.com/24638998/r/il/2d1957/6812525709/il_fullxfull.6812525709_8qbv.jpg,,"Ring size","Ring size","5,5 1/4,5 1/2,5 3/4,6,6 1/4,6 1/2,6 3/4,7,7 1/4,7 1/2,7 3/4,8,8 1/4,8 1/2,8 3/4,9,9 1/4,9 1/2,9 3/4,10,10 1/4,10 1/2,10 3/4,11,11 1/4,11 1/2,11 3/4,12,12 1/4,12 1/2,12 3/4,13,13 1/4,13 1/2,13 3/4,14,14 1/4,14 1/2,14 3/4,15,15 1/4,15 1/2,15 3/4,16",,,,K-2011
"Multi Tourmaline Diamond Dangle Earrings – Sterling Silver Halo Jewelry","Natural Multi Tourmaline & Diamond Dangle Earrings – Sterling Silver Halo Earrings – Handcrafted Tourmaline Diamond Jewelry

Product Specifications

Main Stone: Natural Multi Tourmaline – 16.40 Carats

Accent Stone: Natural Diamonds – 0.90 Carats

Metal: 925 Sterling Silver (Rhodium Plated)

Earring Length: 50 mm

Style: Halo / Dangle Earrings

Setting: Prong & Pave

Description
Indulge in the vibrant charm of these luxurious Natural Multi Tourmaline & Diamond Earrings, masterfully handcrafted in sterling silver. Featuring a cascade of richly hued tourmalines framed with a sparkling halo of natural diamonds, these statement dangle earrings are the epitome of elegance and sophistication.

Each gemstone radiates its own unique allure, creating a breathtaking symphony of color. The brilliant diamond accents add a timeless sparkle, while the long, graceful drop design ensures these earrings captivate attention at every angle.

Perfect for weddings, anniversaries, or any special celebration, this pair embodies luxury, artistry, and exclusivity. A truly unforgettable jewelry gift for her that will be cherished for years to come.


★ This Jewelry comes with a Specially Designed Jewelry Box.
★ Have your own custom design? Send us a message and we will make it for you exactly how you want it to be:))
★ All our gemstones are 100% natural.

Visit links: For Other Design
https://vamijewells.etsy.com

Please Pay more attention to the Jewelry Care Tips:
★ Do not use chemical jewelry cleaners.
★ Gently polish with a soft, lint-free cloth.
★ Store your jewelry in a cool dry place.
★ Do not wear it to the pool, spa, or the beach.
★ Avoid contact with perfumes, body oils, and other chemicals, including household cleaners.
★ Remove when sleeping, exercising, or doing other physically strenuous activities.

Custom Order:
★ Please Noted that Once Custom Order has been Arranged for Production, Cancellation is not Allowed because all the Materials has been Prepared well for your Jewelry Making. Hope to get Your highly Understand! There are NO returns on custom Jewelry Thanks So Much!

Feedback:
★ If you have any problem with your order or you are not satisfied with your order please feel free to contact us and allow us to resolve your problem. But please do not leave negative or neutral feedback before contacting us.",1349.42,USD,4,"Handmade_jewelry,Anniversary_Gift,silver_jewelry,unique_earrings,Engagement_Gift,Minimalist_earrings,multi_stone_earrings,Diamond_Earrings,925_Silver_Earrings,pink_stone_Earrings,Birthday_Gift,mothers_day_gift,tourmaline_earring","Stone,Sterling silver,Silver,Tourmaline",https://i.etsystatic.com/24638998/r/il/12a536/7161085457/il_fullxfull.7161085457_3pl7.jpg,https://i.etsystatic.com/24638998/r/il/d59e08/7161085081/il_fullxfull.7161085081_f3em.jpg,https://i.etsystatic.com/24638998/r/il/a76f2f/7113113406/il_fullxfull.7113113406_h7ad.jpg,https://i.etsystatic.com/24638998/r/il/f2cde9/7113113414/il_fullxfull.7113113414_5jv6.jpg,https://i.etsystatic.com/24638998/r/il/aa4d89/6812623953/il_fullxfull.6812623953_cgcl.jpg,https://i.etsystatic.com/24638998/r/il/2d1957/6812525709/il_fullxfull.6812525709_8qbv.jpg,,,,,,,,,,,K-1118
"Blue Topaz Spider Brooch Pendant, Diamond Sterling Silver, Handmade","Natural Blue Topaz & Diamond Spider Brooch Pendant – 925 Sterling Silver – Unique Handmade Convertible Jewelry – Statement Gift for Her

Product Specifications:

Main Stone: Natural Blue Topaz – 11 Carats

Accent Stones: Natural Diamonds – 2.88 Carats

Metal: 925 Sterling Silver (Rhodium Plated)

Design: Convertible Spider Design – Wear as Brooch or Pendant

Size: 40 mm

Style: Statement, Nature-Inspired, Luxury Jewelry

Occasion: Birthday, Anniversary, Special Celebrations

Craftsmanship: Handmade Fine Jewelry

Description:
Step into the extraordinary with this luxurious handmade Natural Blue Topaz & Diamond Spider Brooch Pendant, a stunning statement piece that captures the perfect balance of elegance and intrigue. The captivating 11-carat natural blue topaz shimmers with ocean-like brilliance, while 2.88 carats of sparkling natural diamonds add an irresistible touch of glamour.

Expertly crafted in rhodium-plated 925 sterling silver, this versatile design allows you to wear it both as a brooch or a pendant, making it a truly multifunctional treasure. The intricate spider-inspired design is a masterpiece of artistry, symbolizing creativity, patience, and feminine strength.

Perfect for those who appreciate unique, conversation-starting jewelry, this piece makes a remarkable gift for birthdays, anniversaries, or milestone celebrations. Each detail is finished to perfection, ensuring a heirloom-quality accessory that will be cherished for generations.

✨ Luxury. Rarity. Beauty. This spider isn’t just an accessory—it’s a showstopper.

★ This Jewelry comes with a Specially Designed Jewelry Box.
★ Have your own custom design? Send us a message and we will make it for you exactly how you want it to be:))
★ All our gemstones are 100% natural.

Visit links: For Other Design
https://vamijewells.etsy.com

Please Pay more attention to the Jewelry Care Tips:
★ Do not use chemical jewelry cleaners.
★ Gently polish with a soft, lint-free cloth.
★ Store your jewelry in a cool dry place.
★ Do not wear it to the pool, spa, or the beach.
★ Avoid contact with perfumes, body oils, and other chemicals, including household cleaners.
★ Remove when sleeping, exercising, or doing other physically strenuous activities.

Custom Order:
★ Please Noted that Once Custom Order has been Arranged for Production, Cancellation is not Allowed because all the Materials has been Prepared well for your Jewelry Making. Hope to get Your highly Understand! There are NO returns on custom Jewelry Thanks So Much!

Feedback:
★ If you have any problem with your order or you are not satisfied with your order please feel free to contact us and allow us to resolve your problem. But please do not leave negative or neutral feedback before contacting us.",2024.91,USD,5,"Luxury_jewelry,Anniversary_Gift,Pave_diamond_brooch,925_silver_brooch,Aquamarine_Pendant,Engagement_gift,Halo_Diamond_pendant,Dainty_brooch,Statement_pendant,birthstone_brooch,multi_stone_jewelry,Topaz_Brooch_Pin,Diamond_Brooch_Pin","Topaz,Stone,Sterling silver",https://i.etsystatic.com/24638998/r/il/75bb9e/7155600071/il_fullxfull.7155600071_erna.jpg,https://i.etsystatic.com/24638998/r/il/c3cc74/7155599341/il_fullxfull.7155599341_ewj5.jpg,https://i.etsystatic.com/24638998/r/il/891bd2/7155599297/il_fullxfull.7155599297_pla4.jpg,https://i.etsystatic.com/24638998/r/il/de8275/7155599301/il_fullxfull.7155599301_guqx.jpg,https://i.etsystatic.com/24638998/r/il/cd6068/7107626802/il_fullxfull.7107626802_o3qv.jpg,https://i.etsystatic.com/24638998/r/il/aa4d89/6812623953/il_fullxfull.6812623953_cgcl.jpg,https://i.etsystatic.com/24638998/r/il/2d1957/6812525709/il_fullxfull.6812525709_8qbv.jpg,,,,,,,,,,K-1103
"Natural Opal Emerald & Diamond Cocktail Ring, 925 Sterling Silver Multi Stone Statement Jewelry","Natural Opal Emerald & Diamond Cocktail Ring, Handmade 925 Sterling Silver Rhodium Plated Multi-Stone Statement Jewelry, Luxury Gift For Her

Product Specifications

Main Stone: Natural Opal

Opal Weight: 8.40 Carats

Accent Stones: Natural Emeralds, Natural Diamonds

Total Emerald Weight: 1.59 Carats

Total Diamond Weight: 0.77 Carats

Metal: 925 Sterling Silver

Finish: Rhodium Plated

Ring Type: Statement / Cocktail Ring

Design: Pear-shaped opal with emerald and diamond halo

Style: Luxury, Vintage-Inspired, Bold Fine Jewelry

Craftsmanship: Handcrafted with detailed pavé and halo stone setting

Description

This captivating Natural Opal, Emerald & Diamond Ring is a true masterpiece of color, brilliance, and artisanal luxury. At its heart lies a glowing 8.40 carat natural opal, alive with enchanting flashes of green, fire, and pastel hues that shift beautifully with the light. Surrounding the opal, vivid natural emeralds totaling 1.59 carats add rich depth and regal contrast, while sparkling diamonds totaling 0.77 carats enhance the ring with refined brilliance and vintage elegance. Handcrafted in solid 925 sterling silver and finished with luminous rhodium plating, this cocktail ring features a bold yet graceful silhouette designed to command attention. Perfect for special occasions, evening wear, celebrations, or as a statement gift, this opal emerald ring is ideal for women who appreciate distinctive multi-stone jewelry and timeless sophistication.

Perfect for shoppers searching for a natural opal ring, opal emerald diamond ring, multi stone cocktail ring, 925 sterling silver statement ring, luxury gemstone jewelry, handmade fine gemstone ring, emerald halo opal ring, vintage inspired cocktail jewelry, designer silver ring for women, anniversary gift for her, birthday gemstone ring, evening statement jewelry, artisan silver jewelry, and unique high-end opal ring designs on Etsy, this ring stands out for its vibrant color play, elegant halo, and superior craftsmanship.

Handcrafted with a premium natural opal centerpiece weighing 8.40 carats and accented by natural emeralds totaling 1.59 carats and sparkling natural diamonds totaling 0.77 carats, this ring is crafted in solid 925 sterling silver and finished with radiant rhodium plating for enhanced brilliance, durability, and long-lasting wear. Each gemstone is carefully handset to maximize color play, sparkle, and balance, delivering a luxurious statement ring ideal for collectors of fine gemstone jewelry and unforgettable gifting moments.",1120.99,USD,5,"Opal_Emerald_Ring,925_Sterling_Silver,Statement_Ring,October_Birthstone,Cocktail_Ring,Emerald_Cabochon,Anniversary_Gift,Multi_Stone_Ring,Large_Cushion_Ring,Luxury_Gift_Her,Handmade_Silver_Ring,NaturalEthiopianOpal,Victorian_Jewelry","Diamond,Emerald,Opal,Sterling silver,Silver,Opal",https://i.etsystatic.com/24638998/r/il/e35b2d/7527035804/il_fullxfull.7527035804_nkof.jpg,https://i.etsystatic.com/24638998/r/il/ef3f99/7574975739/il_fullxfull.7574975739_nv3k.jpg,https://i.etsystatic.com/24638998/r/il/cdb00f/7527035304/il_fullxfull.7527035304_ldhx.jpg,https://i.etsystatic.com/24638998/r/il/c39f4b/7527035302/il_fullxfull.7527035302_5bp9.jpg,https://i.etsystatic.com/24638998/r/il/9c0419/7574975741/il_fullxfull.7574975741_50wa.jpg,https://i.etsystatic.com/24638998/r/il/aa4d89/6812623953/il_fullxfull.6812623953_cgcl.jpg,https://i.etsystatic.com/24638998/r/il/2d1957/6812525709/il_fullxfull.6812525709_8qbv.jpg,,,,"Ring size","Ring size","5,5 1/4,5 1/2,5 3/4,6,6 1/4,6 1/2,6 3/4,7,7 1/4,7 1/2,7 3/4,8,8 1/4,8 1/2,8 3/4,9,9 1/4,9 1/2,9 3/4,10,10 1/4,10 1/2,10 3/4,11,11 1/4,11 1/2,11 3/4,12,12 1/4,12 1/2,12 3/4,13,13 1/4,13 1/2,13 3/4,14,14 1/4,14 1/2,14 3/4,15,15 1/4,15 1/2,15 3/4,16",,,,K-3037
"Natural Apatite & Polki Diamond Ring, 925 Sterling Silver Green Stone Halo Cocktail Jewelry","Natural Apatite & Polki Diamond Ring – 925 Sterling Silver Green Stone Halo Cocktail Jewelry
Product Specifications

Main Stone: Natural Apatite

Apatite Weight: 7.00 Carats

Accent Stones: Natural Polki Diamonds

Total Diamond Weight: 0.89 Carats

Metal: 925 Sterling Silver

Finish: Rhodium Plated

Ring Type: Statement / Cocktail Ring

Design: Polki diamond halo with bold elevated center stone

Style: Luxury, Regal, Elegant Fine Jewelry

Craftsmanship: Handcrafted with traditional Polki diamond setting and refined silver detailing

Description

This majestic Natural Apatite & Polki Diamond Ring is a true statement of royal elegance and artisanal craftsmanship. Featuring a striking natural green apatite weighing an impressive 7.00 carats, the center stone radiates rich depth and vibrant brilliance. Encircling the apatite is a refined halo of natural Polki diamonds totaling 0.89 carats, prized for their organic sparkle and timeless heritage appeal. Handcrafted in solid 925 sterling silver with a luminous rhodium-plated finish, this cocktail ring blends traditional Polki artistry with contemporary luxury. Bold, elegant, and unforgettable, it is perfect for weddings, festive occasions, evening wear, or collectors who appreciate distinctive high-end gemstone jewelry.

Ideal for shoppers searching for a natural apatite ring, green apatite cocktail ring, Polki diamond halo ring, 925 sterling silver statement ring, luxury gemstone cocktail jewelry, handmade Polki diamond ring, green stone statement ring, Indian Polki jewelry, anniversary gift for her, birthday gemstone jewelry, festive and bridal jewelry, artisan silver jewelry, and unique high-end gemstone designs on Etsy.

Handcrafted with a premium natural apatite centerpiece accented by authentic natural Polki diamonds, this ring is crafted in solid 925 sterling silver and finished with radiant rhodium plating to enhance brilliance and ensure long-lasting durability. Each Polki diamond is carefully handset to preserve its natural beauty while maximizing sparkle and balance, reflecting expert craftsmanship and delivering a luxurious, heirloom-quality statement ring designed for confident, elegant styling.",981.99,USD,5,"925_silver_ring,Unique_silver_ring,Handmade_jewelry,Luxury_jewelry,Halo_Diamond_Ring,Engagement_Ring,Anniversary_Gift,Minimalist_Ring,wedding_gift,birthday_gift,Apatite_Ring,double_halo_ring,green_stone_ring","Diamond,Apatite,Sterling silver,Silver,Apatite",https://i.etsystatic.com/24638998/r/il/249769/7518474546/il_fullxfull.7518474546_rhjg.jpg,https://i.etsystatic.com/24638998/r/il/90d348/7566407289/il_fullxfull.7566407289_k4cp.jpg,https://i.etsystatic.com/24638998/r/il/157869/7518474212/il_fullxfull.7518474212_lsfl.jpg,https://i.etsystatic.com/24638998/r/il/78e0c8/7518474214/il_fullxfull.7518474214_q283.jpg,https://i.etsystatic.com/24638998/r/il/fd994e/7518474240/il_fullxfull.7518474240_aerq.jpg,https://i.etsystatic.com/24638998/r/il/f27a0b/7566407293/il_fullxfull.7566407293_9ama.jpg,https://i.etsystatic.com/24638998/r/il/aa4d89/6812623953/il_fullxfull.6812623953_cgcl.jpg,https://i.etsystatic.com/24638998/r/il/2d1957/6812525709/il_fullxfull.6812525709_8qbv.jpg,,,"Ring size","Ring size","5,5 1/4,5 1/2,5 3/4,6,6 1/4,6 1/2,6 3/4,7,7 1/4,7 1/2,7 3/4,8,8 1/4,8 1/2,8 3/4,9,9 1/4,9 1/2,9 3/4,10,10 1/4,10 1/2,10 3/4,11,11 1/4,11 1/2,11 3/4,12,12 1/4,12 1/2,12 3/4,13,13 1/4,13 1/2,13 3/4,14,14 1/4,14 1/2,14 3/4,15,15 1/4,15 1/2,15 3/4,16",,,,K-2010
"Natural Apatite & Diamond Bracelet, 925 Sterling Silver Blue Stone Statement Jewelry","Natural Apatite & Diamond Bracelet – 925 Sterling Silver Blue Stone Statement Jewelry
Product Specifications

Main Stone: Natural Apatite

Accent Stones: Natural Diamonds

Metal: 925 Sterling Silver

Finish: Rhodium Plated

Bracelet Type: Statement / Tennis-Style Bracelet

Clasp: Secure Box Clasp with Safety

Style: Luxury, Elegant, Contemporary Fine Jewelry

Craftsmanship: Handcrafted with precision gemstone setting and articulated silver links

Description

This elegant Natural Apatite & Diamond Bracelet is a refined expression of modern luxury and effortless sophistication. Vivid blue natural apatite gemstones are gracefully spaced along the bracelet, radiating fresh oceanic brilliance, while delicate natural diamond accents add refined sparkle and elevate the overall design. Handcrafted in solid 925 sterling silver with a luminous rhodium-plated finish, the fluid, articulated links ensure a comfortable fit and graceful movement on the wrist. Designed for evening wear, special occasions, or elevated everyday styling, this blue gemstone bracelet delivers timeless charm with a contemporary edge, making it a perfect statement piece for collectors of fine gemstone jewelry.

Ideal for shoppers searching for a natural apatite bracelet, blue gemstone bracelet, apatite diamond bracelet, 925 sterling silver tennis bracelet, handmade gemstone bracelet, luxury blue stone jewelry, diamond accent silver bracelet, elegant statement bracelet, anniversary gift for her, birthday gemstone jewelry, evening wear jewelry, artisan silver jewelry, and unique high-end gemstone designs on Etsy.

Handcrafted with premium natural apatite gemstones accented by sparkling natural diamonds, this bracelet is crafted in solid 925 sterling silver and finished with radiant rhodium plating to enhance brilliance and ensure long-lasting durability. Each gemstone is carefully handset to maximize sparkle, color intensity, and structural elegance, reflecting expert craftsmanship and delivering a luxurious, high-quality bracelet ideal for refined occasions and confident styling.",1113.99,USD,5,"anniversary_gift,birthstone_jewelry,925_Bracelet,engagement_gift,Handcrafted_Jewelry,bridal_bangle,statement_bangle,silver_bangle,luxury_bangle,apatite_bracelet,Blue_stone_bracelet,diamond_Bracelet,Halo_Bracelet","Apatite,Sterling silver,Diamond,Apatite",https://i.etsystatic.com/24638998/r/il/00c0a9/7566361433/il_fullxfull.7566361433_ebc5.jpg,https://i.etsystatic.com/24638998/r/il/e185be/7518428084/il_fullxfull.7518428084_23z8.jpg,https://i.etsystatic.com/24638998/r/il/eb104b/7566360967/il_fullxfull.7566360967_1dti.jpg,https://i.etsystatic.com/24638998/r/il/b4ae18/7566360975/il_fullxfull.7566360975_rx9y.jpg,https://i.etsystatic.com/24638998/r/il/b5e9a5/7566360971/il_fullxfull.7566360971_ka9d.jpg,https://i.etsystatic.com/24638998/r/il/a0090d/7566360969/il_fullxfull.7566360969_odt8.jpg,https://i.etsystatic.com/24638998/r/il/aa4d89/6812623953/il_fullxfull.6812623953_cgcl.jpg,https://i.etsystatic.com/24638998/r/il/2d1957/6812525709/il_fullxfull.6812525709_8qbv.jpg,,,"Custom Property","Bangle Size","6 Inch,6.5 Inch,7 Inch,7.5 Inch,8 Inch,8.5 Inch,9 Inch",,,,K-2012
"Tanzanite Cabochon Ring, Sapphire Halo, Sterling Silver Cocktail Ring","Exquisite Natural Tanzanite & Sapphire Cocktail Ring, Sterling Silver Luxury Statement Jewelry, Royal Engagement Ring, Anniversary Gift for Her

Product Specifications:

Main Gemstone: Natural Tanzanite (Cabochon Cut)

Accent Gemstones: Natural Blue Sapphires

Metal: Solid 925 Sterling Silver

Finish: Premium Rhodium Plating (for long-lasting shine)

Ring Style: Statement / Cocktail / Engagement

Occasion: Wedding, Anniversary, Engagement, Special Celebrations

Description:
Step into timeless elegance with this Exquisite Tanzanite & Sapphire Cocktail Ring, designed to captivate at first glance.

The centerpiece features a majestic natural tanzanite cabochon, glowing with enchanting shades of violet-blue. Surrounding it, a halo of deep royal blue sapphires enhances the gem’s natural brilliance, creating a look that is regal, luxurious, and unforgettable.

Crafted in solid 925 sterling silver with a radiant rhodium-plated finish, this ring is more than jewelry – it’s a symbol of sophistication and grace. Whether worn as a statement cocktail ring, an elegant engagement keepsake, or a treasured anniversary gift, this masterpiece is designed to shine for generations.

✨ A true collector’s piece – perfect for women who deserve nothing less than extraordinary.",850.99,USD,4,"925_silver_ring,Vintage_ring,Unique_silver_ring,Handmade_jewelry,Statement_ring,Luxury_jewelry,Gemstone_Ring,Engagement_Ring,Anniversary_Gift,Graduation_Gift,Tanzanite_Ring,Sapphire_Ring,Sapphire_Jewelry","Sterling silver,Stone,Tanzanite",https://i.etsystatic.com/24638998/r/il/949547/7113200646/il_fullxfull.7113200646_36jl.jpg,https://i.etsystatic.com/24638998/r/il/36c44d/7161172161/il_fullxfull.7161172161_no6p.jpg,https://i.etsystatic.com/24638998/r/il/2519a4/7161172159/il_fullxfull.7161172159_7wh6.jpg,https://i.etsystatic.com/24638998/r/il/8ce537/7161172153/il_fullxfull.7161172153_mrsb.jpg,https://i.etsystatic.com/24638998/r/il/17e599/7161172151/il_fullxfull.7161172151_rsqh.jpg,https://i.etsystatic.com/24638998/r/il/d350f8/7161172175/il_fullxfull.7161172175_25sg.jpg,https://i.etsystatic.com/24638998/r/il/aa4d89/6812623953/il_fullxfull.6812623953_cgcl.jpg,https://i.etsystatic.com/24638998/r/il/2d1957/6812525709/il_fullxfull.6812525709_8qbv.jpg,,,"Ring size","Ring size","5,5 1/4,5 1/2,5 3/4,6,6 1/4,6 1/2,6 3/4,7,7 1/4,7 1/2,7 3/4,8,8 1/4,8 1/2,8 3/4,9,9 1/4,9 1/2,9 3/4,10,10 1/4,10 1/2,10 3/4,11,11 1/4,11 1/2,11 3/4,12,12 1/4,12 1/2,12 3/4,13,13 1/4,13 1/2,13 3/4,14,14 1/4,14 1/2,14 3/4,15,15 1/4,15 1/2,15 3/4,16",,,,K-1108
"Amethyst Cocktail Ring, Sterling Silver, Chrome Diopside, Diamond Halo","Natural Amethyst & Chrome Diopside Cocktail Ring – Sterling Silver Diamond Statement Ring – Multi-Stone Jewelry Gift for Women

Product Specifications:

Main Stone: Natural Amethyst (14.6 carats)

Accent Stones: Chrome Diopside (2.35 carats), Diamonds (0.78 carats)

Metal: 925 Sterling Silver (Rhodium Plated)

Design: Multi-stone halo with dazzling diamond pavé

Style: Statement / Cocktail Ring

Occasion: Wedding, Anniversary, Special Celebrations, Luxury Gift

Description:
Step into luxury with this breathtaking Natural Amethyst & Chrome Diopside Cocktail Ring. The centerpiece is a radiant 14.6 carat natural amethyst, glowing with royal purple brilliance, encircled by a halo of sparkling 0.78 carats of diamonds. Surrounding the halo are vivid green chrome diopsides (2.35 carats), adding a refreshing contrast that highlights the amethyst’s regal beauty.

Crafted in rhodium-plated sterling silver, this ring is a masterpiece of fine artistry and opulent design. Whether worn as a bold fashion statement or given as a cherished gift, it embodies elegance, sophistication, and timeless glamour.

Perfect for anniversaries, weddings, or special evenings, this multi-stone diamond ring is sure to captivate attention and admiration wherever you go.

✨ A true collector’s piece for lovers of vibrant gemstones and unique statement jewelry.

✨ Exclusively by Vamika Jewels — Where Every Gem Tells a Story, and Every Design Is Made to Be Remembered.

★ This Jewelry comes with a Specially Designed Jewelry Box.
★ Have your own custom design? Send us a message and we will make it for you exactly how you want it to be:))
★ All our gemstones are 100% natural.

Visit links: For Other Design
https://vamijewells.etsy.com

Please Pay more attention to the Jewelry Care Tips:
★ Do not use chemical jewelry cleaners.
★ Gently polish with a soft, lint-free cloth.
★ Store your jewelry in a cool dry place.
★ Do not wear it to the pool, spa, or the beach.
★ Avoid contact with perfumes, body oils, and other chemicals, including household cleaners.
★ Remove when sleeping, exercising, or doing other physically strenuous activities.

Custom Order:
★ Please Noted that Once Custom Order has been Arranged for Production, Cancellation is not Allowed because all the Materials has been Prepared well for your Jewelry Making. Hope to get Your highly Understand! There are NO returns on custom Jewelry Thanks So Much!

Feedback:
★ If you have any problem with your order or you are not satisfied with your order please feel free to contact us and allow us to resolve your problem. But please do not leave negative or neutral feedback before contacting us.",893.93,USD,5,"Pave_diamond_ring,925_silver_ring,Vintage_ring,Unique_silver_ring,Handmade_jewelry,Statement_ring,Luxury_jewelry,Gemstone_Ring,Halo_Diamond_Ring,Engagement_Ring,Anniversary_Gift,Amethyst_RIng,Birthday_Gift","Sterling silver,Stone,Amethyst",https://i.etsystatic.com/24638998/r/il/a702c7/7161024811/il_fullxfull.7161024811_6s5n.jpg,https://i.etsystatic.com/24638998/r/il/1a851a/7113052598/il_fullxfull.7113052598_g2m0.jpg,https://i.etsystatic.com/24638998/r/il/0967f5/7161024555/il_fullxfull.7161024555_47lh.jpg,https://i.etsystatic.com/24638998/r/il/8ab958/7161024553/il_fullxfull.7161024553_szai.jpg,https://i.etsystatic.com/24638998/r/il/2c0663/7113052600/il_fullxfull.7113052600_o0g4.jpg,https://i.etsystatic.com/24638998/r/il/aa4d89/6812623953/il_fullxfull.6812623953_cgcl.jpg,https://i.etsystatic.com/24638998/r/il/2d1957/6812525709/il_fullxfull.6812525709_8qbv.jpg,,,,"Ring size","Ring size","5,5 1/4,5 1/2,5 3/4,6,6 1/4,6 1/2,6 3/4,7,7 1/4,7 1/2,7 3/4,8,8 1/4,8 1/2,8 3/4,9,9 1/4,9 1/2,9 3/4,10,10 1/4,10 1/2,10 3/4,11,11 1/4,11 1/2,11 3/4,12,12 1/4,12 1/2,12 3/4,13,13 1/4,13 1/2,13 3/4,14,14 1/4,14 1/2,14 3/4,15,15 1/4,15 1/2,15 3/4,16",,,,K-1117
"Natural Ruby Statement Ring, Tourmaline, 925 Sterling Silver, Handmade","Natural Ruby Ring – Solid 925 Sterling Silver Multi Stone Ring with Tourmalines, Handmade Statement Ring, Silver Jewelry Gift for Her

Product Specifications:

Main Gemstone: Natural Ruby (Pear Cut)

Accent Stones: Multi-Colored Natural Tourmalines

Metal: Solid 925 Sterling Silver

Finish: Rhodium Plated with Black Rhodium Accents

Ring Size: Customizable (Please select your size at checkout)

Style: Statement / Cocktail Ring

Occasion: Anniversary, Birthday, Engagement, Special Gift

Craftsmanship: Handmade with intricate stone setting

Description:
A masterpiece of color and elegance, this Natural Ruby & Tourmaline Statement Ring is designed to captivate. The centerpiece is a rich, deep-red pear-cut ruby, encircled by a vibrant halo of natural multi-colored tourmalines. Each stone is meticulously hand-set in solid 925 sterling silver, enhanced with luxurious rhodium plating and black rhodium accents for a dramatic, high-end finish.

The fiery red of the ruby paired with the varied hues of the tourmalines creates a mesmerizing contrast, making this ring the perfect choice for those who love bold, artistic jewelry. Ideal for formal occasions, cocktail parties, or as a one-of-a-kind gift, it’s a ring that will be treasured for a lifetime.

💎 Why It’s Special:

Striking pear-cut ruby framed with vibrant natural tourmalines.

Elegant combination of rhodium and black rhodium plating for a unique luxury look.

A true statement piece that reflects individuality and sophistication.",850.99,USD,4,"925_silver_ring,Vintage_ring,Unique_silver_ring,Handmade_jewelry,Statement_ring,Luxury_jewelry,Wedding_Gift,Birthday_Gift,anniversary_gift,tourmaline_ring,ruby_ring,graduation_gift,engagement_jewelry","Stone,Sterling silver,Tourmaline",https://i.etsystatic.com/24638998/r/il/d1683b/7104917818/il_fullxfull.7104917818_axy9.jpg,https://i.etsystatic.com/24638998/r/il/68cf0a/7152885625/il_fullxfull.7152885625_9i7c.jpg,https://i.etsystatic.com/24638998/r/il/f70e5e/7104917268/il_fullxfull.7104917268_hcv0.jpg,https://i.etsystatic.com/24638998/r/il/33719d/7104917266/il_fullxfull.7104917266_jy4a.jpg,https://i.etsystatic.com/24638998/r/il/f65b44/7104917270/il_fullxfull.7104917270_pe08.jpg,https://i.etsystatic.com/24638998/r/il/aa4d89/6812623953/il_fullxfull.6812623953_cgcl.jpg,https://i.etsystatic.com/24638998/r/il/2d1957/6812525709/il_fullxfull.6812525709_8qbv.jpg,https://i.etsystatic.com/24638998/r/il/b8e908/7146719255/il_fullxfull.7146719255_ae8y.jpg,,,"Ring size","Ring size","5,5 1/4,5 1/2,5 3/4,6,6 1/4,6 1/2,6 3/4,7,7 1/4,7 1/2,7 3/4,8,8 1/4,8 1/2,8 3/4,9,9 1/4,9 1/2,9 3/4,10,10 1/4,10 1/2,10 3/4,11,11 1/4,11 1/2,11 3/4,12,12 1/4,12 1/2,12 3/4,13,13 1/4,13 1/2,13 3/4,14,14 1/4,14 1/2,14 3/4,15,15 1/4,15 1/2,15 3/4,16",,,,K-1093
"Natural Opal Emerald & Diamond Cluster Ring, 925 Sterling Silver Multi Stone Statement Jewelry","Natural Opal Emerald Diamond Cluster Ring Sterling Silver Statement Jewelry Luxury Handmade

📌 Product Specifications

Main Stone: Natural Opal

Accent Stones: Natural Emeralds, Natural Diamonds

Opal Weight: 8.87 Carats

Emerald Weight: 7.35 Carats

Diamond Weight: 0.24 Carats

Metal: 925 Sterling Silver

Finish: Rhodium Plated

Design: Floral-inspired gemstone cluster with bold oval center

Style: Statement, Luxury, Cocktail Jewelry

Ring Type: Cluster statement ring

Craftsmanship: Handcrafted with precision handset gemstones and intricate silver detailing

💎 Description

This breathtaking Natural Opal, Emerald & Diamond Cluster Ring is a true masterpiece of color, brilliance, and artisanal craftsmanship. At its heart lies a luminous natural opal weighing 8.87 carats, displaying captivating flashes of blue and green fire that shift beautifully with every movement. Encircling the opal is a vibrant halo of richly colored natural emeralds totaling 7.35 carats, delicately accented by sparkling natural diamonds that add refined brilliance and depth. Handcrafted in rhodium plated 925 sterling silver, this multi-stone statement ring radiates elegance and bold luxury, making it an exceptional choice for cocktail evenings, special occasions, or collectors of rare gemstone jewelry. A striking fusion of natural beauty and fine craftsmanship, this ring is designed to command attention.

Ideal for shoppers searching for natural opal emerald diamond rings, opal cluster statement rings, emerald and diamond halo jewelry, 925 sterling silver gemstone rings, luxury opal cocktail rings, handmade fine gemstone jewelry, bold statement rings for women, multicolor gemstone cluster rings, anniversary gift for her, birthday gemstone rings, wedding and evening jewelry, artisan silver jewelry, and unique high-end gemstone designs on Etsy.

Handcrafted using a premium natural opal centerpiece accented with natural emeralds and sparkling natural diamonds, this ring is crafted in solid 925 sterling silver and finished with a luminous rhodium plating for enhanced brilliance and long-lasting durability. Each gemstone is carefully handset to showcase its natural color, fire, and clarity, reflecting expert craftsmanship and delivering a luxurious, high-quality statement ring ideal for elegant occasions and refined gemstone collections.






★ This Jewelry comes with a Specially Designed Jewelry Box.
★ Have your own custom design? Send us a message and we will make it for you exactly how you want it to be:))
★ All our gemstones are 100% natural.

Visit links: For Other Design
https://vamijewells.etsy.com

Please Pay more attention to the Jewelry Care Tips:
★ Do not use chemical jewelry cleaners.
★ Gently polish with a soft, lint-free cloth.
★ Store your jewelry in a cool dry place.
★ Do not wear it to the pool, spa, or the beach.
★ Avoid contact with perfumes, body oils, and other chemicals, including household cleaners.
★ Remove when sleeping, exercising, or doing other physically strenuous activities.

Custom Order:
★ Please Noted that Once Custom Order has been Arranged for Production, Cancellation is not Allowed because all the Materials has been Prepared well for your Jewelry Making. Hope to get Your highly Understand! There are NO returns on custom Jewelry Thanks So Much!

Feedback:
★ If you have any problem with your order or you are not satisfied with your order please feel free to contact us and allow us to resolve your problem. But please do not leave negative or neutral feedback before contacting us.",1120.99,USD,5,"Black_Opal_Ring,Emerald_Cluster_Ring,925_Sterling_Silver,Statement_Ring,October_Birthstone,Cocktail_Ring,Floral_Opal_Jewelry,Natural_Black_Opal,Anniversary_Gift,Multi_Stone_Ring,Large_Flower_Ring,Unique_Engagement,Handmade_Jewelry","Diamond,Emerald,Opal,Sterling silver,Silver,Opal",https://i.etsystatic.com/24638998/r/il/39e713/7510755876/il_fullxfull.7510755876_eah1.jpg,https://i.etsystatic.com/24638998/r/il/d401a1/7510755552/il_fullxfull.7510755552_cq99.jpg,https://i.etsystatic.com/24638998/r/il/7037c4/7510755550/il_fullxfull.7510755550_pw7e.jpg,https://i.etsystatic.com/24638998/r/il/7c9cec/7558694633/il_fullxfull.7558694633_nxgd.jpg,https://i.etsystatic.com/24638998/r/il/465f97/7558694627/il_fullxfull.7558694627_9lwd.jpg,https://i.etsystatic.com/24638998/r/il/b82177/7558694629/il_fullxfull.7558694629_d3mo.jpg,https://i.etsystatic.com/24638998/r/il/aa4d89/6812623953/il_fullxfull.6812623953_cgcl.jpg,https://i.etsystatic.com/24638998/r/il/2d1957/6812525709/il_fullxfull.6812525709_8qbv.jpg,,,"Ring size","Ring size","5,5 1/4,5 1/2,5 3/4,6,6 1/4,6 1/2,6 3/4,7,7 1/4,7 1/2,7 3/4,8,8 1/4,8 1/2,8 3/4,9,9 1/4,9 1/2,9 3/4,10,10 1/4,10 1/2,10 3/4,11,11 1/4,11 1/2,11 3/4,12,12 1/4,12 1/2,12 3/4,13,13 1/4,13 1/2,13 3/4,14,14 1/4,14 1/2,14 3/4,15,15 1/4,15 1/2,15 3/4,16",,,,K-2091
"Natural Multi Tourmaline Cluster Ring, 925 Sterling Silver Statement Jewelry","Natural Multi Tourmaline Cluster Ring Sterling Silver Statement Jewelry Colorful Gemstone Handmade

📌 Product Specifications

Main Stones: Natural Multi Tourmaline

Metal: 925 Sterling Silver

Finish: Rhodium Plated

Design: Bold geometric cluster with baguette-style multi-color tourmalines

Style: Statement, Colorful, Luxury Cocktail Jewelry

Ring Type: Wide band cluster ring

Craftsmanship: Handcrafted with precision-set natural gemstones and structured silver detailing

💎 Description

This striking Natural Multi Tourmaline Cluster Ring is a vibrant celebration of color, artistry, and modern elegance. Featuring an array of richly hued natural tourmalines arranged in a bold geometric cluster, this statement ring radiates energy and sophistication from every angle. Handcrafted in rhodium plated 925 sterling silver, the structured design highlights the unique beauty of each gemstone, creating a harmonious mosaic of pinks, greens, yellows, and deep tones. The wide, architectural presence of the ring makes it an instant focal piece, perfect for cocktail evenings, special occasions, or collectors who appreciate colorful fine gemstone jewelry. Confident, luxurious, and beautifully crafted, this multi tourmaline ring is designed to stand out.

Ideal for shoppers searching for natural multi tourmaline rings, colorful gemstone cluster rings, 925 sterling silver statement rings, tourmaline cocktail jewelry, handmade gemstone rings for women, luxury color stone rings, bold wide band rings, artisan silver jewelry, geometric gemstone rings, vibrant tourmaline jewelry, anniversary gift for her, birthday gemstone rings, unique statement jewelry, and modern handcrafted gemstone designs on Etsy.

Handcrafted with premium natural multi tourmaline gemstones, this ring is crafted in solid 925 sterling silver and finished with a radiant rhodium plating to enhance brilliance and ensure lasting durability. Each tourmaline is carefully handset to showcase its individual color and natural character, reflecting expert craftsmanship and delivering a luxurious, high-quality statement ring perfect for bold styling and elegant occasions.",984.99,USD,5,"925_silver_ring,Unique_silver_ring,Handmade_jewelry,Luxury_jewelry,Halo_Diamond_Ring,Engagement_Ring,Anniversary_Gift,silver_jewelry,Minimalist_Ring,stackable_ring,Tourmaline_Ring,pink_Stone_Ring,cocktail_ring","Sterling silver,Tourmaline,Silver,Stone,Tourmaline",https://i.etsystatic.com/24638998/r/il/1b2138/7510708912/il_fullxfull.7510708912_rjqj.jpg,https://i.etsystatic.com/24638998/r/il/d10486/7558648029/il_fullxfull.7558648029_7o97.jpg,https://i.etsystatic.com/24638998/r/il/d2eec4/7510708670/il_fullxfull.7510708670_tam4.jpg,https://i.etsystatic.com/24638998/r/il/0cf61c/7510708666/il_fullxfull.7510708666_db1r.jpg,https://i.etsystatic.com/24638998/r/il/aa4d89/6812623953/il_fullxfull.6812623953_cgcl.jpg,https://i.etsystatic.com/24638998/r/il/2d1957/6812525709/il_fullxfull.6812525709_8qbv.jpg,,,,,"Ring size","Ring size","5,5 1/4,5 1/2,5 3/4,6,6 1/4,6 1/2,6 3/4,7,7 1/4,7 1/2,7 3/4,8,8 1/4,8 1/2,8 3/4,9,9 1/4,9 1/2,9 3/4,10,10 1/4,10 1/2,10 3/4,11,11 1/4,11 1/2,11 3/4,12,12 1/4,12 1/2,12 3/4,13,13 1/4,13 1/2,13 3/4,14,14 1/4,14 1/2,14 3/4,15,15 1/4,15 1/2,15 3/4,16",,,,K-2093
"Natural Moonstone Dangle Earring- 925 Sterling Silver Pave Diamond Statement Jewelry","Natural Moonstone Diamond Dangle Earrings | 925 Sterling Silver Pavé Diamond Long Drop Earrings | 17.90ct Moonstone Statement Jewelry | Anniversary Gift for Her

Product Specifications

Main Stones: Natural Moonstones – 17.90 carats (Pear, Oval & Emerald Cuts)

Secondary Stones: Natural Diamonds – 1.95 carats (Pavé Halo)

Metal: 925 Sterling Silver, Rhodium Plated

Earring Length: 6 cm

Design: Multi-Moonstone Vertical Drop with Pavé Diamond Accents

Style: Statement, Cocktail, Handmade Fine Jewelry

Description

These Natural Moonstone Diamond Dangle Earrings are a luminous masterpiece, designed for women who adore ethereal elegance and high-end gemstone beauty. Featuring a total of 17.90 carats of natural moonstones, each gem glows with a captivating blue-white adularescence that dances with the light. The stones come together in a stunning cascade of oval, pear, and emerald cuts, each surrounded by 1.95 carats of pavé-set natural diamonds for brilliant sparkle.

Handcrafted in 925 sterling silver and finished with a radiant rhodium plating, these long 6 cm earrings deliver a luxurious silhouette perfect for special occasions, bridal fashion, evening wear, and glamorous events. Their unique design, gemstone brilliance, and refined craftsmanship make them a breathtaking statement piece that instantly elevates any outfit.

💎 A spellbinding pair of earrings that embodies romance, luxury, and timeless beauty.

💝 Perfect Gift Occasions

These exquisite moonstone earrings make a magical gift for a wedding, a romantic engagement gift, or a heartfelt surprise for your fiancé or fiancée. They are the perfect anniversary celebration gift or luxurious birthday gift for her, ideal for your wife, girlfriend, sister, daughter, mom, or best friend. These earrings also make a meaningful Valentine’s Day gift, a cherished Mother’s Day present, or a sparkling Christmas and New Year keepsake. They’re a beautiful choice for a graduation gift, promotion or achievement gift, and are guaranteed to stand out as bridesmaids’ jewelry or for the mother of the bride or groom. For every moment of affection, they shine as the perfect “just because,” “thinking of you,” or “thank you” gift, making every occasion extraordinary.


These earrings are perfect for lovers of natural moonstone jewelry, long diamond drop earrings, and handmade sterling silver designs. Ideal as a statement cocktail accessory, anniversary gift, or elegant wedding jewelry, they appeal to fans of moonstone bridal earrings, pavé diamond dangle earrings, and multi-cut gemstone pieces. These earrings also make a lovely gift for a wife, girlfriend, mom, sister, or best friend, especially for Valentine’s Day, Mother’s Day, or festive holiday gifting.

Handcrafted with premium natural moonstones and fine natural pavé diamonds, these earrings are set in solid 925 sterling silver with a high-gloss rhodium finish for durability and brilliance. Each gemstone is meticulously placed in secure prong and pavé settings, polished by hand to reveal exceptional craftsmanship, clarity, and timeless sophistication.







Free shipping available.
★ This Jewelry comes with a Specially Designed Jewelry Box.
★ Have your own custom design? Send us a message and we will make it for you exactly how you want it to be:))
★ All our gemstones are 100% natural.

Visit links: For Other Design
https://vamijewells.etsy.com

Please Pay more attention to the Jewelry Care Tips:
★ Do not use chemical jewelry cleaners.
★ Gently polish with a soft, lint-free cloth.
★ Store your jewelry in a cool dry place.
★ Do not wear it to the pool, spa, or the beach.
★ Avoid contact with perfumes, body oils, and other chemicals, including household cleaners.
★ Remove when sleeping, exercising, or doing other physically strenuous activities.

Custom Order:
★ Please Noted that Once Custom Order has been Arranged for Production, Cancellation is not Allowed because all the Materials has been Prepared well for your Jewelry Making. Hope to get Your highly Understand! There are NO returns on custom Jewelry Thanks So Much!

Feedback:
★ If you have any problem with your order or you are not satisfied with your order please feel free to contact us and allow us to resolve your problem. But please do not leave negative or neutral feedback before contacting us.",1370.99,USD,4,"Handmade_jewelry,Anniversary_Gift,silver_jewelry,unique_earrings,Engagement_Gift,Minimalist_earrings,multi_stone_earrings,Diamond_Earrings,925_Silver_Earrings,white_stone_earrings,Wedding_Gift,moonstone_earring,multi_stone_jewelry","Stone,Moonstone,Diamond,Sterling silver,Silver,Moonstone",https://i.etsystatic.com/24638998/r/il/bb19c7/7466253945/il_fullxfull.7466253945_kswi.jpg,https://i.etsystatic.com/24638998/r/il/fd4b21/7418334228/il_fullxfull.7418334228_te7v.jpg,https://i.etsystatic.com/24638998/r/il/0744b5/7466253949/il_fullxfull.7466253949_afvq.jpg,https://i.etsystatic.com/24638998/r/il/e24db1/7466253947/il_fullxfull.7466253947_c745.jpg,https://i.etsystatic.com/24638998/r/il/65ead6/7418334226/il_fullxfull.7418334226_pypd.jpg,https://i.etsystatic.com/24638998/r/il/861307/7418334224/il_fullxfull.7418334224_9u8h.jpg,https://i.etsystatic.com/24638998/r/il/aa4d89/6812623953/il_fullxfull.6812623953_cgcl.jpg,https://i.etsystatic.com/24638998/r/il/2d1957/6812525709/il_fullxfull.6812525709_8qbv.jpg,,,,,,,,,K-1855
"Natural Carved Rock Crystal Ring Earring Set – 925 Sterling Silver Amethyst & Topaz Jewelry","Natural Carved Rock Crystal Ring Earrings Set Sterling Silver Amethyst Topaz Statement Jewelry

📌 Product Specifications

Main Stone: Natural Carved Rock Crystal

Crystal Size: 21 × 16 mm

Accent Stones: Natural Amethyst, Natural White Topaz

Metal: 925 Sterling Silver

Finish: Rhodium Plated

Earring Length: 4.7 cm

Design: Hand-carved crystal center with sparkling multi-stone halo

Set Includes: Matching Ring + Dangle Earrings

Style: Statement, Elegant, Luxury Cocktail Jewelry

Craftsmanship: Handcrafted with precision-set gemstones and detailed silver artistry

💎 Description

This enchanting Natural Carved Rock Crystal Ring & Earring Set is a graceful fusion of artistry, sparkle, and refined elegance. Featuring beautifully hand-carved natural rock crystal gemstones as the centerpiece, each piece reveals delicate detailing and luminous clarity that catches the light from every angle. Surrounding the crystal are shimmering natural amethyst and sparkling white topaz accents, creating a soft yet luxurious halo that enhances the design’s depth and brilliance. Handcrafted in rhodium plated 925 sterling silver, the earrings feature an elegant 4.7 cm drop for graceful movement, while the matching ring completes the look with timeless sophistication. Perfect for evening wear, special occasions, or collectors of carved gemstone jewelry, this set radiates classic beauty with an artistic soul.

Ideal for shoppers searching for natural carved rock crystal jewelry sets, crystal ring and earring sets, amethyst and topaz halo jewelry, 925 sterling silver statement sets, luxury carved gemstone jewelry, handmade fine gemstone sets, elegant dangle earrings with ring, crystal cocktail jewelry, anniversary gift for her, birthday gemstone jewelry, wedding and evening accessories, artisan silver jewelry, and unique handcrafted gemstone designs on Etsy.

Handcrafted using premium natural carved rock crystal gemstones accented with natural amethyst and sparkling natural white topaz, this jewelry set is crafted in solid 925 sterling silver and finished with a luminous rhodium plating for enhanced brilliance and long-lasting durability. Each gemstone is carefully handset to highlight the crystal’s carved detail, clarity, and light-reflecting beauty, reflecting expert craftsmanship and delivering a luxurious, high-quality statement set ideal for elegant occasions and refined gemstone collections.",265.99,USD,5,"Floral_Jewelry,Bridal_Set,Ring_Earrings,Daily_Jewelry,925_Silver_Earrings,925_Silver_RIng,Anniversary_Gift,Wedding_Gift,Crystal_Jewelry_Set,Amethyst_ringearring,Topaz_Ring_Earring,Graduation_Gift,multi_stone_jewelry","Topaz,Rock crystal,Amethyst,Sterling silver,Silver,Amethyst",https://i.etsystatic.com/24638998/r/il/a9e425/7558896595/il_fullxfull.7558896595_3qyl.jpg,https://i.etsystatic.com/24638998/r/il/e0e832/7510956032/il_fullxfull.7510956032_3rv5.jpg,https://i.etsystatic.com/24638998/r/il/541eb6/7510956018/il_fullxfull.7510956018_t01i.jpg,https://i.etsystatic.com/24638998/r/il/998d67/7510956016/il_fullxfull.7510956016_r2cd.jpg,https://i.etsystatic.com/24638998/r/il/620bf0/7510956026/il_fullxfull.7510956026_gy4v.jpg,https://i.etsystatic.com/24638998/r/il/6c0af8/7510956022/il_fullxfull.7510956022_prob.jpg,https://i.etsystatic.com/24638998/r/il/5e1361/7510956038/il_fullxfull.7510956038_758r.jpg,https://i.etsystatic.com/24638998/r/il/08dd9c/6920670029/il_fullxfull.6920670029_erfu.jpg,https://i.etsystatic.com/24638998/r/il/2d1957/6812525709/il_fullxfull.6812525709_8qbv.jpg,,"Custom Property",Style,"Earrings,Ring,Complete Set","Custom Property","Ring Size","NA FOR EARRING,5 US,5 1/4 US,5 1/2 US,6 US,6 1/4 US,6 1/2 US,7 US,7 1/4 US,7 1/2 US,8 US,8 1/4 US,8 1/2 US,9 US,9 1/4 US,9 1/2 US,10 US,10 1/4 US,10 1/2 US,11 US,11 1/4 US,11 1/2 US,12 US,12 1/4 US,12 1/2 US,13 US,13 1/4 US,13 1/2 US,14 US,14 1/4 US,14 1/2 US,15 US,15 1/4 US,15 1/2 US,16 US",K-2080
"Natural Emerald & Diamond Ring, 925 Sterling Silver Tanzanite Multi Stone Statement Jewelry","Natural Tanzanite Emerald Diamond Ring Sterling Silver Statement Jewelry Luxury Handmade Cocktail

📌 Product Specifications

Main Stone: Natural Tanzanite

Accent Stones: Natural Emeralds, Natural Diamonds

Tanzanite Weight: 8.10 Carats

Emerald Weight: 0.75 Carats

Diamond Weight: 0.88 Carats

Metal: 925 Sterling Silver

Finish: Rhodium Plated

Design: Regal halo cluster with oval center gemstone

Style: Statement, Luxury, Cocktail Jewelry

Ring Type: Multi-stone cluster statement ring

Craftsmanship: Handcrafted with precision handset gemstones and intricate silver detailing

💎 Description

This magnificent Natural Tanzanite, Emerald & Diamond Ring is a luxurious celebration of rare gemstones and fine craftsmanship. Featuring a captivating natural tanzanite weighing 8.10 carats, the center stone displays mesmerizing blue-violet hues that glow with depth and elegance. Surrounding the tanzanite is a radiant halo of sparkling natural diamonds totaling 0.88 carats, accented by vivid natural emeralds weighing 0.75 carats, adding rich contrast and regal charm. Handcrafted in rhodium plated 925 sterling silver, this statement ring exudes sophistication and bold presence, making it perfect for cocktail evenings, special celebrations, or collectors of high-end gemstone jewelry. A timeless piece designed to command attention and admiration.

Ideal for shoppers searching for natural tanzanite rings, emerald and diamond statement rings, tanzanite cocktail jewelry, 925 sterling silver gemstone rings, luxury multi stone rings for women, handmade fine gemstone jewelry, bold cluster rings, emerald diamond halo rings, anniversary gift for her, birthday gemstone rings, wedding and evening jewelry, artisan silver jewelry, and unique high-end gemstone designs on Etsy.

Handcrafted using a premium natural tanzanite centerpiece accented with natural emeralds and sparkling natural diamonds, this ring is crafted in solid 925 sterling silver and finished with a luminous rhodium plating to enhance brilliance and ensure long-lasting durability. Each gemstone is carefully handset to showcase its natural color, fire, and clarity, reflecting expert craftsmanship and delivering a luxurious, high-quality statement ring ideal for elegant occasions and refined gemstone collections.",1037.99,USD,5,"Pave_diamond_ring,925_silver_ring,Vintage_ring,Unique_silver_ring,Handmade_jewelry,Statement_ring,Women_jewelry,Luxury_jewelry,April_Birthstone,Green_gemstone_ring,Tanzanite_ring,Emerald_Ring,Engagement_Ring","Sterling silver,Emerald,Tanzanite,Diamond,Stone,Tanzanite",https://i.etsystatic.com/24638998/r/il/5308da/7558768417/il_fullxfull.7558768417_p5fl.jpg,https://i.etsystatic.com/24638998/r/il/5eb61e/7558768127/il_fullxfull.7558768127_14ft.jpg,https://i.etsystatic.com/24638998/r/il/b25481/7510828448/il_fullxfull.7510828448_hrcj.jpg,https://i.etsystatic.com/24638998/r/il/5820c2/7510828432/il_fullxfull.7510828432_emyf.jpg,https://i.etsystatic.com/24638998/r/il/94632b/7510828434/il_fullxfull.7510828434_jpts.jpg,https://i.etsystatic.com/24638998/r/il/8d2396/7558768121/il_fullxfull.7558768121_egez.jpg,https://i.etsystatic.com/24638998/r/il/40de0e/7510828446/il_fullxfull.7510828446_hwdm.jpg,https://i.etsystatic.com/24638998/r/il/2d1957/6812525709/il_fullxfull.6812525709_8qbv.jpg,https://i.etsystatic.com/24638998/r/il/aa4d89/6812623953/il_fullxfull.6812623953_cgcl.jpg,,"Ring size","Ring size","5,5 1/4,5 1/2,5 3/4,6,6 1/4,6 1/2,6 3/4,7,7 1/4,7 1/2,7 3/4,8,8 1/4,8 1/2,8 3/4,9,9 1/4,9 1/2,9 3/4,10,10 1/4,10 1/2,10 3/4,11,11 1/4,11 1/2,11 3/4,12,12 1/4,12 1/2,12 3/4,13,13 1/4,13 1/2,13 3/4,14,14 1/4,14 1/2,14 3/4,15,15 1/4,15 1/2,15 3/4,16",,,,K-2090
"Natural Kyanite Ring & Dangle Earrings Set, 925 Sterling Silver Statement Jewelry","Natural Kyanite Ring Earrings Set Sterling Silver Statement Jewelry Blue Gemstone Dangle Handmade

📌 Product Specifications

Main Stones: Natural Kyanite

Metal: 925 Sterling Silver

Finish: Rhodium Plated

Earring Length: 55 mm

Design: Elegant multi-drop gemstone statement design

Set Includes: Matching Ring + Dangle Earrings

Style: Statement, Elegant, Luxury Jewelry

Craftsmanship: Handcrafted with precision-set natural gemstones and fine silver detailing

💎 Description

This sophisticated Natural Kyanite Ring & Dangle Earrings Set captures the deep, mysterious beauty of natural blue kyanite, celebrated for its rich texture and captivating luster. Expertly handcrafted in rhodium plated 925 sterling silver, this statement jewelry set blends bold elegance with refined artistry. The elongated dangle earrings feature a graceful 55 mm drop, creating fluid movement and luminous presence, while the matching ring anchors the look with timeless charm and confident style. Perfect for evening wear, special occasions, or collectors of rare gemstone jewelry, this kyanite set offers a striking balance of luxury, craftsmanship, and natural gemstone allure.

Ideal for shoppers searching for natural kyanite ring and earrings set, blue kyanite statement jewelry, sterling silver gemstone sets, handmade silver jewelry, luxury blue gemstone earrings, kyanite cocktail jewelry, artisan gemstone jewelry sets, elegant dangle earrings for women, statement jewelry for evening wear, anniversary gift for her, birthday gemstone jewelry, wedding guest jewelry, and unique handcrafted gemstone designs on Etsy.

Handcrafted with premium natural kyanite gemstones, this jewelry set is created in solid 925 sterling silver and finished with a luminous rhodium plating that enhances brilliance and ensures long-lasting durability. Each gemstone is carefully handset to highlight its natural texture and deep blue tones, reflecting expert craftsmanship and delivering a luxurious, high-quality statement piece suitable for elegant occasions and refined gemstone collections.",175.99,USD,5,"Floral_Jewelry,Bridal_Set,Ring_Earrings,Daily_Jewelry,925_Silver_Earrings,925_Silver_RIng,Silver_Ring_925,Anniversary_Gift,Red_Stone_Jewelry,Mothers_Day_Gift,Wedding_Gift,Kyanite_Earring_Ring,Kyanite_Jewelry_Set","Kyanite,Stone,Silver,Sterling silver,Kyanite",https://i.etsystatic.com/24638998/r/il/578f30/7558617409/il_fullxfull.7558617409_mp65.jpg,https://i.etsystatic.com/24638998/r/il/68248d/7510678420/il_fullxfull.7510678420_il6m.jpg,https://i.etsystatic.com/24638998/r/il/9f07c3/7510678418/il_fullxfull.7510678418_avwt.jpg,https://i.etsystatic.com/24638998/r/il/1b1487/7558617411/il_fullxfull.7558617411_nhdw.jpg,https://i.etsystatic.com/24638998/r/il/8ae607/7510678428/il_fullxfull.7510678428_dirr.jpg,https://i.etsystatic.com/24638998/r/il/7e7e13/7558617429/il_fullxfull.7558617429_63c2.jpg,https://i.etsystatic.com/24638998/r/il/08dd9c/6920670029/il_fullxfull.6920670029_erfu.jpg,https://i.etsystatic.com/24638998/r/il/2d1957/6812525709/il_fullxfull.6812525709_8qbv.jpg,,,"Custom Property",Style,"Ring,Earrings,Full Set","Custom Property","Ring Size","NA FOR EARRINGS,5 US,5 1/4 US,5 1/2 US,6 US,6 1/4 US,6 1/2 US,7 US,7 1/4 US,7 1/2 US,8 US,8 1/4 US,8 1/2 US,9 US,9 1/4 US,9 1/2 US,10 US,10 1/4 US,10 1/2 US,11 US,11 1/4 US,11 1/2 US,12 US,12 1/4 US,12 1/2 US,13 US,13 1/4 US,13 1/2 US,14 US,14 1/4 US,14 1/2 US,15 US,15 1/4 US,15 1/2 US,16 US",K-3015
"Natural Emerald Full Finger Ring, 925 Sterling Silver Pave Diamond Halo Cocktail Jewelry","Natural Emerald Diamond Ring | 925 Sterling Silver Filigree Full-Finger Cocktail Jewelry | Handmade Emerald Halo Statement Ring | Anniversary Gift for Her

Product Specifications

Main Stone: Natural Emerald – Oval Cut

Secondary Stones: Natural Diamonds – Micro-Pavé Halo Setting

Metal: 925 Sterling Silver, Black Rhodium Plated

Design: Vintage-Inspired Filigree Full-Finger Statement Ring

Style: Cocktail, Statement, Handmade Jewelry

Description

This Natural Emerald Full-Finger Ring is a masterpiece of timeless luxury and handcrafted beauty. Adorned with luminous oval-cut natural emeralds, each gemstone glows with vibrant green fire — a symbol of renewal, love, and prosperity. Surrounding the emeralds, a delicate halo of micro-pavé diamonds adds brilliance and contrast, while the intricate open filigree design in 925 sterling silver creates an enchanting play of light and detail. The piece is finished with black rhodium plating, enhancing its vintage elegance and modern sophistication.

Designed to gracefully span the length of the finger, this statement ring is both bold and refined — a true work of art that embodies strength and femininity. Perfect for those who appreciate one-of-a-kind jewelry, it brings together artistry, luxury, and timeless beauty in every curve and sparkle.

💎 The combination of rich green emeralds and shimmering diamonds makes this ring a striking expression of confidence and grace — a treasure meant to be cherished for generations.

💝 Perfect Gift Occasions:
This exquisite emerald and diamond ring makes a luxurious gift for a wedding, a symbolic engagement gift, or a thoughtful present for your fiancé or fiancée. It’s an exceptional anniversary celebration gift or birthday gift for her, perfect for your wife, girlfriend, sister, daughter, mom, or best friend. A meaningful choice for Valentine’s Day, Mother’s Day, or a Christmas and New Year gift, it also makes a distinguished graduation or promotion gift, a bridesmaid keepsake, or a heartfelt token for the mother of the bride or groom. And when you simply wish to show love and appreciation, it’s the perfect “just because,” “thinking of you,” or “thank you” gift — an heirloom-quality treasure for every special moment.

✨ A captivating emerald statement ring that celebrates elegance, heritage, and empowerment — designed for the woman who shines with confidence and grace.

Handcrafted with natural emeralds, genuine diamonds, and 925 sterling silver, this magnificent full-finger statement ring is finished with black rhodium plating for an antique yet luxurious glow. Perfect for lovers of emerald filigree jewelry, it’s ideal for cocktail events, weddings, and special celebrations. The design blends traditional artistry with modern sophistication, making it an exceptional gift for women who appreciate bold, elegant, and timeless fine jewelry.






★ This Jewelry comes with a Specially Designed Jewelry Box.
★ Have your own custom design? Send us a message and we will make it for you exactly how you want it to be:))
★ All our gemstones are 100% natural.

Visit links: For Other Design
https://vamijewells.etsy.com

Please Pay more attention to the Jewelry Care Tips:
★ Do not use chemical jewelry cleaners.
★ Gently polish with a soft, lint-free cloth.
★ Store your jewelry in a cool dry place.
★ Do not wear it to the pool, spa, or the beach.
★ Avoid contact with perfumes, body oils, and other chemicals, including household cleaners.
★ Remove when sleeping, exercising, or doing other physically strenuous activities.

Custom Order:
★ Please Noted that Once Custom Order has been Arranged for Production, Cancellation is not Allowed because all the Materials has been Prepared well for your Jewelry Making. Hope to get Your highly Understand! There are NO returns on custom Jewelry Thanks So Much!

Feedback:
★ If you have any problem with your order or you are not satisfied with your order please feel free to contact us and allow us to resolve your problem. But please do not leave negative or neutral feedback before contacting us.",1360.99,USD,4,"925_silver_ring,Unique_silver_ring,Handmade_jewelry,Luxury_jewelry,Halo_Diamond_Ring,Engagement_Ring,Anniversary_Gift,silver_jewelry,stackable_rings,statement_ring,cluster_ring,green_stone_ring,emerald_ring","Silver,Emerald,Diamond,Sterling silver,Stone,Emerald",https://i.etsystatic.com/24638998/r/il/c3890b/7400427265/il_fullxfull.7400427265_2gl2.jpg,https://i.etsystatic.com/24638998/r/il/632e77/7352493396/il_fullxfull.7352493396_r4sl.jpg,https://i.etsystatic.com/24638998/r/il/4cad4b/7400426793/il_fullxfull.7400426793_hsa4.jpg,https://i.etsystatic.com/24638998/r/il/11b6f0/7352493398/il_fullxfull.7352493398_dpmf.jpg,https://i.etsystatic.com/24638998/r/il/259254/7352493412/il_fullxfull.7352493412_gjh8.jpg,https://i.etsystatic.com/24638998/r/il/3fc189/7400426823/il_fullxfull.7400426823_j9d5.jpg,https://i.etsystatic.com/24638998/r/il/dc4771/7352493394/il_fullxfull.7352493394_ibfs.jpg,https://i.etsystatic.com/24638998/r/il/aa4d89/6812623953/il_fullxfull.6812623953_cgcl.jpg,https://i.etsystatic.com/24638998/r/il/2d1957/6812525709/il_fullxfull.6812525709_8qbv.jpg,,"Ring size","Ring size","5,5 1/4,5 1/2,5 3/4,6,6 1/4,6 1/2,6 3/4,7,7 1/4,7 1/2,7 3/4,8,8 1/4,8 1/2,8 3/4,9,9 1/4,9 1/2,9 3/4,10,10 1/4,10 1/2,10 3/4,11,11 1/4,11 1/2,11 3/4,12,12 1/4,12 1/2,12 3/4,13,13 1/4,13 1/2,13 3/4,14,14 1/4,14 1/2,14 3/4,15,15 1/4,15 1/2,15 3/4,16",,,,K-1610
"Handmade Black Fire Opal Hoop Earrings – Sterling Silver, Rhodium Plated","Natural Black Fire Opal Inside Out Hoop Earrings – Handmade Sterling Silver Black Opal Jewelry – Statement Hoop Earrings Gift for Her

Specifications:

Stone: Natural Black Fire Opal

Metal: Solid 925 Sterling Silver

Finish: Rhodium Plated

Size: 35 mm (diameter)

Description:
Experience the captivating allure of natural black fire opal with these breathtaking inside out hoop earrings, meticulously handcrafted in sterling silver. Each vibrant opal glimmers with flashes of color, making these hoops a true statement earring for any jewelry lover. The sleek, rhodium-plated finish ensures lasting shine and elegance, perfectly complementing the mesmerizing black opal gemstones. Whether you’re searching for a unique gift for her, a pair of handmade hoop earrings that embody sophistication, or bold black opal jewelry to elevate your personal collection, these earrings are designed to impress. Ideal for special occasions or everyday luxury, they embody artisan craftsmanship and timeless style in every detail.

Gift these stunning sterling silver hoop earrings to someone special—or yourself—and celebrate the enchanting beauty of black fire opals in a jewelry piece she’ll treasure forever.

★ This Jewelry comes with a Specially Designed Jewelry Box.
★ Have your own custom design? Send us a message and we will make it for you exactly how you want it to be:))
★ All our gemstones are 100% natural.

Visit links: For Other Design
https://vamijewells.etsy.com

Please Pay more attention to the Jewelry Care Tips:
★ Do not use chemical jewelry cleaners.
★ Gently polish with a soft, lint-free cloth.
★ Store your jewelry in a cool dry place.
★ Do not wear it to the pool, spa, or the beach.
★ Avoid contact with perfumes, body oils, and other chemicals, including household cleaners.
★ Remove when sleeping, exercising, or doing other physically strenuous activities.

Custom Order:
★ Please Noted that Once Custom Order has been Arranged for Production, Cancellation is not Allowed because all the Materials has been Prepared well for your Jewelry Making. Hope to get Your highly Understand! There are NO returns on custom Jewelry Thanks So Much!

Feedback:
★ If you have any problem with your order or you are not satisfied with your order please feel free to contact us and allow us to resolve your problem. But please do not leave negative or neutral feedback before contacting us.",400.99,USD,4,"Handmade_jewelry,Luxury_jewelry,Anniversary_Gift,silver_jewelry,unique_earrings,Engagement_Gift,Minimalist_earrings,multi_stone_earrings,Opal_earrings,Oval_Stone_earring,hoop_earrings,indian_clip_earrings,black_opal_hoop","Stone,Sterling silver,Silver,Opal",https://i.etsystatic.com/24638998/r/il/e19c6a/7101877927/il_fullxfull.7101877927_cpm1.jpg,https://i.etsystatic.com/24638998/r/il/18dd0d/7101877567/il_fullxfull.7101877567_s773.jpg,https://i.etsystatic.com/24638998/r/il/bdfbc5/7101877571/il_fullxfull.7101877571_3jyw.jpg,https://i.etsystatic.com/24638998/r/il/14790e/7053916302/il_fullxfull.7053916302_69kd.jpg,https://i.etsystatic.com/24638998/r/il/aa4d89/6812623953/il_fullxfull.6812623953_cgcl.jpg,https://i.etsystatic.com/24638998/r/il/2d1957/6812525709/il_fullxfull.6812525709_8qbv.jpg,,,,,,,,,,,K-970
"Handmade Sterling Silver Ruby Cluster Ring & Earring Set","Natural Ruby Cluster Ring & Earring Set – 925 Sterling Silver Ruby Jewelry Set – Handmade Statement Jewelry – Silver Jewelry Set Gift for Her

Product Specifications:

Main Stone: Natural Ruby (Center stone & pave ruby clusters)

Metal: 925 Sterling Silver

Finish: Rhodium Plated for added brilliance & durability

Set Includes: 1 Statement Ring, 1 Pair of Earrings

Closure: Secure omega backs for earrings

Handmade craftsmanship

Description:
Elevate your style with this luxurious Natural Ruby Cluster Ring & Earring Set, meticulously handcrafted in premium 925 Sterling Silver. This show-stopping jewelry set features vibrant natural rubies, each intricately set in a bold cluster design that radiates elegance and sophistication. The striking, elevated round design draws attention from every angle, making it perfect for weddings, parties, anniversaries, or any special occasion where you want to shine.

The rich red hues of the rubies are beautifully complemented by the lustrous rhodium-plated silver, ensuring your jewelry remains tarnish-resistant and brilliantly polished. The earrings feature comfortable omega backs for a secure and stylish fit. Whether you’re searching for the perfect anniversary gift, a glamorous evening set, or a stunning addition to your jewelry collection, this statement ruby jewelry set is designed to impress and create unforgettable moments. Ideal as a birthday present, Valentine’s Day surprise, or festive gift for someone special.

Make every occasion memorable with the timeless luxury and passionate beauty of natural rubies—crafted to last a lifetime.",250.99,USD,4,"Ruby_Earring,Ruby_Jewelry_Set,Sapphire_Jewelry_Set,Birthday_Gift,Wedding_Gift,Anniversary_Gift,Engagement_Gift,Ruby_Ring,Silver_Jewelry_Set,Multi_Stone_Jewelry,Handmade_Jewelry,Cluster_Ring,Cluster_Earring","Ruby,Stone,Silver,Sterling silver",https://i.etsystatic.com/24638998/r/il/1a7e35/7092355279/il_fullxfull.7092355279_h6ja.jpg,https://i.etsystatic.com/24638998/r/il/013c11/7044388352/il_fullxfull.7044388352_lec5.jpg,https://i.etsystatic.com/24638998/r/il/eef3fc/7092354543/il_fullxfull.7092354543_hy5y.jpg,https://i.etsystatic.com/24638998/r/il/398b13/7044388346/il_fullxfull.7044388346_i96p.jpg,https://i.etsystatic.com/24638998/r/il/0df5e2/7092354571/il_fullxfull.7092354571_i3wx.jpg,https://i.etsystatic.com/24638998/r/il/08dd9c/6920670029/il_fullxfull.6920670029_erfu.jpg,https://i.etsystatic.com/24638998/r/il/2d1957/6812525709/il_fullxfull.6812525709_8qbv.jpg,,,,"Custom Property",Style,"Earring,Ring,Complete Set","Ring size","Ring size","NA FOR EARRINGS,5,5 1/4,5 1/2,5 3/4,6,6 1/4,6 1/2,6 3/4,7,7 1/4,7 1/2,7 3/4,8,8 1/4,8 1/2,8 3/4,9,9 1/4,9 1/2,9 3/4,10,10 1/4,10 1/2,10 3/4,11,11 1/4,11 1/2,11 3/4,12,12 1/4,12 1/2,12 3/4,13,13 1/4,13 1/2,13 3/4,14,14 1/4,14 1/2,14 3/4,15,15 1/4,15 1/2,15 3/4,16",K-1019
"Natural Fire Opal & Ruby Bracelet, Sterling Silver Vintage Multi Gemstone Jewelry","Natural Fire Opal & Ruby Bracelet, Sterling Silver Vintage Gemstone Bracelet, Handmade Jewelry, Anniversary Gift for Her
Vamika Jewels – Where elegance meets earth. Every piece is handcrafted with soul, made to celebrate love, moments, and memories that last forever. 💫

Product Specifications
Gemstones: Natural Ethiopian Fire Opal, Natural Ruby (Faceted Round Cut)

Metal: Solid 925 Sterling Silver

Design: Alternating Vintage Gemstone Links

Style: Handmade Multi-Gemstone Bracelet / Everyday to Occasion Wear

Finish: High Polish Silver with Classic Settings

Color Theme: Fiery Opalescent White & Rich Ruby Red

Bold and ethereal, this Natural Fire Opal & Ruby Bracelet is a romantic blend of elegance and radiant energy. Crafted in solid 925 sterling silver, it features alternating links of glowing Ethiopian fire opals and deep red natural rubies, each set in vintage-style bezels that highlight their natural beauty and charm.

Perfectly balancing color and class, this vintage multi-gemstone bracelet adds a vibrant touch to everyday looks and formal outfits alike. The contrast of fiery opals and passionate rubies makes it a statement of love, intuition, and timeless femininity.

Whether you're celebrating a special moment or gifting from the heart, this piece is ideal as an anniversary gift for her, a memorable wedding day keepsake, or a radiant gift for bride from groom. It’s equally perfect for Valentine’s Day, Women’s Day, Mother’s Day, or a heartfelt gift for mom from daughter.

This handmade fire opal and ruby bracelet is more than jewelry — it's a meaningful treasure that speaks of beauty, warmth, and celebration.

★ This Jewelry comes with a Specially Designed Jewelry Box.
★ Have your own custom design? Send us a message and we will make it for you exactly how you want it to be:))
★ All our gemstones are 100% natural.

Visit links: For Other Design
https://vamijewells.etsy.com

Please Pay more attention to the Jewelry Care Tips:
★ Do not use chemical jewelry cleaners.
★ Gently polish with a soft, lint-free cloth.
★ Store your jewelry in a cool dry place.
★ Do not wear it to the pool, spa, or the beach.
★ Avoid contact with perfumes, body oils, and other chemicals, including household cleaners.
★ Remove when sleeping, exercising, or doing other physically strenuous activities.

Custom Order:
★ Please Noted that Once Custom Order has been Arranged for Production, Cancellation is not Allowed because all the Materials has been Prepared well for your Jewelry Making. Hope to get Your highly Understand! There are NO returns on custom Jewelry Thanks So Much!

Feedback:
★ If you have any problem with your order or you are not satisfied with your order please feel free to contact us and allow us to resolve your problem. But please do not leave negative or neutral feedback before contacting us.",490.99,USD,4,"bridal_bracelet,anniversary_gift,birthstone_jewelry,statement_bracelet,silver_bracelet,925_Bracelet,luxury_bracelet,engagement_gift,Handcrafted_Jewelry,adjustable_bracelet,Birthstone_bracelet,Pear_Stone_Bracelet,Ruby_Opal_bracelet","Opal,Stone,Sterling silver,Silver",https://i.etsystatic.com/24638998/r/il/269f46/6833226992/il_fullxfull.6833226992_dp1j.jpg,https://i.etsystatic.com/24638998/r/il/7cce5f/6881201469/il_fullxfull.6881201469_aqzn.jpg,https://i.etsystatic.com/24638998/r/il/13681d/6881201471/il_fullxfull.6881201471_abik.jpg,https://i.etsystatic.com/24638998/r/il/aa4d89/6812623953/il_fullxfull.6812623953_cgcl.jpg,https://i.etsystatic.com/24638998/r/il/2d1957/6812525709/il_fullxfull.6812525709_8qbv.jpg,,,,,,Length,"Bracelet length","7,7.5,8,8.5,9,9.5,10",,,,K-258
"Natural Oval Emerald Ring & Diamond Halo Earrings, Sterling Silver Minimalist Jewelry Set","Natural Oval Emerald Ring & Diamond Halo Earrings Set, 925 Sterling Silver Minimalist Jewelry, Engagement & Anniversary Gift for Her

Vamika Jewels – Where elegance meets earth. Every piece is handcrafted with soul, made to celebrate love, moments, and memories that last forever. 💫

Product Specifications:

Main Stone: Natural Oval-Cut Emerald

Secondary Stone: Natural Pave Diamond

Metal: 925 Sterling Silver

Finish: Black Rhodium Plated

Earring Style: Leverback Drop Earrings


Style: Minimalist, Elegant, Classic

Occasions: Engagement, Anniversary, Birthday, Valentine’s Day, Wedding

Special Features: Lightweight, Handmade, Nickel-Free, Free Shipping

Celebrate timeless elegance with this natural emerald and diamond jewelry set, featuring a striking oval-cut emerald ring and matching halo diamond earrings. Set in luxurious 925 sterling silver, this minimalist set dazzles with its deep green center stones, encircled by brilliant natural diamonds for added sparkle.

The black rhodium finish adds a touch of vintage charm while enhancing the contrast and brilliance of the stones. Whether you're celebrating a milestone, planning a surprise engagement proposal, or looking for the perfect anniversary gift, this set delivers elegance and significance.

Ideal for birthdays, Valentine’s Day, or bridal celebrations, this emerald and diamond jewelry set is handcrafted to be cherished forever. Emerald is also the birthstone for May, making it a meaningful and personalized gift choice.

★ This Jewelry comes with a Specially Designed Jewelry Box.
★ Have your own custom design? Send us a message and we will make it for you exactly how you want it to be:))
★ All our gemstones are 100% natural.

Visit links: For Other Design
https://vamijewells.etsy.com

Please Pay more attention to the Jewelry Care Tips:
★ Do not use chemical jewelry cleaners.
★ Gently polish with a soft, lint-free cloth.
★ Store your jewelry in a cool dry place.
★ Do not wear it to the pool, spa, or the beach.
★ Avoid contact with perfumes, body oils, and other chemicals, including household cleaners.
★ Remove when sleeping, exercising, or doing other physically strenuous activities.

Custom Order:
★ Please Noted that Once Custom Order has been Arranged for Production, Cancellation is not Allowed because all the Materials has been Prepared well for your Jewelry Making. Hope to get Your highly Understand! There are NO returns on custom Jewelry Thanks So Much!

Feedback:
★ If you have any problem with your order or you are not satisfied with your order please feel free to contact us and allow us to resolve your problem. But please do not leave negative or neutral feedback before contacting us.",158.74,USD,4,"Pave_diamond_ring,925_silver_ring,Unique_silver_ring,Handmade_jewelry,Luxury_jewelry,Gemstone_Ring,Halo_Diamond_Ring,Engagement_Ring,Anniversary_Gift,Vintage_jewelry,Minimalist_Ring,Emerald_Ring,Green_Stone_Jewelry","Emerald,Stone,Sterling silver",https://i.etsystatic.com/24638998/r/il/eab5a7/6792857440/il_fullxfull.6792857440_489l.jpg,https://i.etsystatic.com/24638998/r/il/af0151/6792857458/il_fullxfull.6792857458_q13w.jpg,https://i.etsystatic.com/24638998/r/il/dd0fe4/6792857456/il_fullxfull.6792857456_7cp1.jpg,https://i.etsystatic.com/24638998/r/il/aa4d89/6812623953/il_fullxfull.6812623953_cgcl.jpg,https://i.etsystatic.com/24638998/r/il/2d1957/6812525709/il_fullxfull.6812525709_8qbv.jpg,,,,,,"Custom Property",Style,"Earrings,Ring,Complete Set","Custom Property","Ring Size","NA FOR EARRINGS,5 US,5 1/4 US,5 1/2 US,5 3/4 US,6 US,6 1/4 US,6 1/2 US,6 3/4 US,7 US,7 1/4 US,7 1/2 US,7 3/4 US,8 US,8 1/4 US,8 1/2 US,8 3/4 US,9 US,9 1/4 US,9 1/2 US,9 3/4 US,10 US,10 1/4 US,10 1/2 US,10 3/4 US,11 US,11 1/4 US,11 1/2 US,11 3/4 US,12 US,12 1/4 US,12 1/2 US,12 3/4 US,13 US,13 1/4 US,13 1/2 US,13 3/4 US,14 US,14 1/4 US,14 1/2 US,14 3/4 US,15 US,15 1/4 US,15 1/2 US,15 3/4 US,16 US",K-103-4
"5x3 mm Teal Sapphire Baguette Shape Natural Teal Sapphire Gemstones","5x3 mm Teal Sapphire Baguette Shape Natural Teal Sapphire Gemstones
Perfect Baguette Shape Gemstones for jewelry Making
Details :-
Stone                 : Teal Blue sapphire Gemstone 
Stone Pieces    : 1 Pieces
Stone type       : Natural
Stone weight   : 0.35Cts.
stone Size        : 3x5 mm 

You Will received one pieces. 
You can order in qty which we have in stock.
For wholesale quantity or more queries, Please send us message.",117,USD,6,"Gemstones,Loose_Gemstones,Jewelry_making,Fashion,Teal_Sapphire,Teal_Blue_Sapphire,Teal_Baguette,BLUE_SAPPHIRE,BAGUETTE_SAPPHIRE",Sapphire,https://i.etsystatic.com/24638998/r/il/ae9d8b/6848616911/il_fullxfull.6848616911_2y45.jpg,https://i.etsystatic.com/24638998/r/il/0efaa9/6800612014/il_fullxfull.6800612014_9bub.jpg,https://i.etsystatic.com/24638998/r/il/d430c7/6848615169/il_fullxfull.6848615169_bg65.jpg,https://i.etsystatic.com/24638998/r/il/1a3bff/6848615181/il_fullxfull.6848615181_eou9.jpg,https://i.etsystatic.com/24638998/r/il/2e98b1/6848615229/il_fullxfull.6848615229_ptly.jpg,https://i.etsystatic.com/24638998/r/il/e21934/6848615209/il_fullxfull.6848615209_t818.jpg,https://i.etsystatic.com/24638998/r/il/ad1df0/6848615737/il_fullxfull.6848615737_sag3.jpg,https://i.etsystatic.com/24638998/r/il/9cb15a/6800612574/il_fullxfull.6800612574_hhax.jpg,https://i.etsystatic.com/24638998/r/il/20d5c6/6800612572/il_fullxfull.6800612572_2q0o.jpg,https://i.etsystatic.com/24638998/r/il/800793/6800612564/il_fullxfull.6800612564_gjjk.jpg,,,,,,,CST-0017
"Natural Sapphire and Turquoise Dangle Earrings, 925 Sterling Silver Multi Stone Cluster Jewelry","Natural Sapphire & Turquoise Dangle Earrings | 925 Sterling Silver Rhodium Plated Multi Stone Cluster Earrings | Elegant Statement Jewelry Gift for Her
Product Specifications

Main Stones: Natural Sapphire & Natural Turquoise

Accent Stones: Multi Sapphire and Turquoise Cluster

Metal: 925 Sterling Silver

Finish: Rhodium Plated

Earring Length: 50 mm

Closure: Secure Clip / Stud Style Back

Setting: Prong Set Multi Stone Cluster

Style: Dangle / Statement / Vintage Inspired Jewelry

Occasion: Wedding, Party, Anniversary, Special Occasion

Description

These exquisite Natural Sapphire & Turquoise Dangle Earrings are a captivating expression of color, elegance, and fine craftsmanship. Designed in a graceful cascading cluster pattern, the earrings feature a striking combination of deep blue natural sapphires and vibrant turquoise gemstones, creating a beautiful contrast that immediately draws the eye.

Each gemstone is carefully arranged in a delicate floral-inspired cluster, allowing the stones to shimmer with movement and brilliance. The vivid turquoise stones bring a refreshing pop of color, while the rich sapphire tones add depth and sophistication, creating a harmonious balance of classic and contemporary design.

Expertly handcrafted in 925 sterling silver and finished with rhodium plating, these earrings offer lasting shine, durability, and a luxurious white-metal finish that enhances the beauty of the gemstones. Measuring 50 mm in length, the earrings create an elegant elongated silhouette that beautifully frames the face and adds dramatic sparkle to any outfit.

💎 Gemstone Meaning:
Sapphire is traditionally associated with wisdom, loyalty, and protection, while turquoise symbolizes serenity, healing, and positive energy. Together, these gemstones create a meaningful and visually stunning piece of jewelry.

💝 Perfect Gift Occasions:
Whether chosen as an anniversary gift for her, a luxurious birthday surprise, a Valentine’s Day treasure, or a meaningful Christmas or New Year present, these sapphire and turquoise earrings are designed to celebrate life’s most special moments. A beautiful gift for a wife, girlfriend, fiancée, mother, sister, or best friend, they are also perfect for weddings, parties, evening events, and milestone celebrations.

These elegant multi-stone sapphire turquoise earrings are perfect for lovers of natural gemstone jewelry and statement designs. The vibrant combination of blue sapphires and turquoise creates a bold yet refined accessory that elevates both formal and festive looks.

sapphire turquoise earrings, turquoise dangle earrings, sapphire cluster earrings, blue gemstone earrings, natural sapphire jewelry, sterling silver turquoise earrings, rhodium plated earrings, statement dangle earrings, luxury gemstone earrings, wedding jewelry earrings, anniversary gift for her, vintage style earrings, fine gemstone jewelry 💙💎",550.99,USD,3,"925_Silver_Earrings,Sterling_Earrings,Handmade_Earrings,Silver_Gifts_for_her,Earrings_for_Women,Pave_Diamond_Earring,Blue_Drop_Earrings,Just_Because_Gift,Silver_Dangles,Turquoise_Earrings,Bridal_Jewelry,Sapphire_Earrings,Blue_Stone_Earrings","Turquoise,Sapphire,Sterling silver,Stone,Turquoise",https://i.etsystatic.com/24638998/r/il/fba4f6/7823721791/il_fullxfull.7823721791_kbzx.jpg,https://i.etsystatic.com/24638998/r/il/817d89/7823720769/il_fullxfull.7823720769_elbx.jpg,https://i.etsystatic.com/24638998/r/il/589462/7775790936/il_fullxfull.7775790936_sl5x.jpg,https://i.etsystatic.com/24638998/r/il/eb8f15/7775790940/il_fullxfull.7775790940_7xxa.jpg,https://i.etsystatic.com/24638998/r/il/6e4053/7823720747/il_fullxfull.7823720747_ie5u.jpg,https://i.etsystatic.com/24638998/r/il/15be4c/7775790958/il_fullxfull.7775790958_fvox.jpg,https://i.etsystatic.com/24638998/r/il/aa4d89/6812623953/il_fullxfull.6812623953_cgcl.jpg,https://i.etsystatic.com/24638998/r/il/2d1957/6812525709/il_fullxfull.6812525709_8qbv.jpg,,,,,,,,,K-1756
"Natural Multi Sapphire Earrings, Gold Plated Sterling Silver Snake Design Ruby Multi Stone Jewelry","Natural Multi Sapphire Snake Earrings, Ruby Accents, Handmade Gold Plated 925 Sterling Silver Jewelry

📌 Product Specifications

Main Stones: Natural Multi-Colored Sapphires (Pavé Multi-Stone Setting)

Secondary Stones: Ruby Accents + Additional Multi-Gem Highlights

Metal: 925 Sterling Silver, Gold Plated

Design: Artistic Snake Motif with Dense Pavé Gemstone Work

Style: Statement, Cocktail, Handmade Fine Jewelry

Length: Approx. as shown in product images

Craftsmanship: Premium handset stones, luxury finish

💎 Description

These Natural Multi Sapphire Snake Earrings are an extraordinary display of artistic elegance and gemstone brilliance. Crafted in a striking serpent silhouette, each earring is richly pavé-set with vibrant multi-colored sapphires that create a shimmering gradient effect with every movement. A radiant ruby accent at the snake’s head brings depth and contrast, enhancing the symbolic power and allure of the design. Handcrafted in gold-plated 925 sterling silver, these earrings blend luxury craftsmanship with bold, expressive style, making them a standout piece in any fine jewelry collection.

The earrings’ flowing contours, intricate detailing, and multi-stone sparkle make them perfect for evening wear, cocktail events, or any special occasion where a statement look is desired. Representing transformation, wisdom, and protection, these snake earrings beautifully combine meaning with high-end artistry—ideal for those who seek unique and luxurious gemstone pieces.

🎁 Perfect Gift Occasions

These exquisite sapphire and ruby-accented snake earrings make a thoughtful and unforgettable gift for birthdays, anniversaries, engagements, weddings, and romantic celebrations like Valentine’s Day. They are perfect for wives, girlfriends, fiancées, sisters, mothers, daughters, or best friends who appreciate symbolic, high-end jewelry. They also make excellent Christmas and New Year gifts, graduation presents, milestone celebration gifts, promotion or achievement gifts, or meaningful “just because” surprises. Their luxurious design ensures they leave a lasting impression wherever they’re gifted.

These earrings are ideal for customers searching for multi-sapphire earrings, snake design jewelry, pavé gemstone earrings, handmade serpent earrings, gold-plated sterling silver jewelry, and ruby-accent earrings. Their artistic snake silhouette appeals to buyers looking for symbolic jewelry, luxury gemstone statement earrings, sapphire drop earrings, and unique cocktail jewelry. They also rank strongly for searches like luxury gift for her, anniversary gift, statement gemstone earrings, and handcrafted sterling silver designs—making this listing highly optimized for Etsy search visibility.

Expertly handcrafted, these earrings feature premium multi-colored natural sapphires, radiant ruby accents, and solid 925 sterling silver finished with a high-quality gold plating. Each gemstone is meticulously handset in a detailed pavé pattern, ensuring durability, brilliance, and a refined luxury finish. The combination of precision craftsmanship, premium materials, and artistic design creates an heirloom-worthy jewelry piece that shines with elegance and intention.",1405.99,USD,4,"925_Silver_Earrings,Handmade_Earrings,Silver_Gifts_for_her,Just_Because_Gift,Handmade_Silver_Stud,Emerald_Earrings,Green_Earrings,Bridal_Gift_Jewelry,Engagement_Gift,Sapphire_Earring,Graduation_Gift,multi_stone_jewelry,Ruby_Earring","Silver,Ruby,Sapphire,Sterling silver,Sapphire",https://i.etsystatic.com/24638998/r/il/d00a2a/7545298727/il_fullxfull.7545298727_kyze.jpg,https://i.etsystatic.com/24638998/r/il/a31d62/7545298347/il_fullxfull.7545298347_ll7v.jpg,https://i.etsystatic.com/24638998/r/il/4ebcb5/7545298351/il_fullxfull.7545298351_32p7.jpg,https://i.etsystatic.com/24638998/r/il/0f2454/7545298349/il_fullxfull.7545298349_6uvu.jpg,https://i.etsystatic.com/24638998/r/il/3c82e7/7497363854/il_fullxfull.7497363854_evix.jpg,https://i.etsystatic.com/24638998/r/il/aa4d89/6812623953/il_fullxfull.6812623953_cgcl.jpg,https://i.etsystatic.com/24638998/r/il/2d1957/6812525709/il_fullxfull.6812525709_8qbv.jpg,,,,,,,,,,K-3004
"Natural Emerald Tsavorite Earrings, Gold Plated Sterling Silver Snake Design Ruby Multi Stone Jewelry","Natural Emerald & Tsavorite Snake Earrings, Ruby Accents, Handmade Gold Plated 925 Sterling Silver Jewelry

📌 Product Specifications

Main Stones: Natural Emeralds & Tsavorites (Multi-Stone Pavé Setting)

Secondary Stones: Ruby Accents + Additional Multi-Gem Highlights

Metal: 925 Sterling Silver, Gold Plated

Design: Detailed Snake Motif with Hand-Set Gemstones

Style: Statement, Artistic, Cocktail, Handmade Fine Jewelry

Length: Approx. as shown in product images

Craftsmanship: High-precision pavé work, luxury finish

💎 Description

These Natural Emerald & Tsavorite Snake Earrings are a mesmerizing blend of luxury, symbolism, and exceptional craftsmanship. Designed in a striking serpent silhouette, each earring is meticulously pavé-set with vibrant tsavorites and deep green emeralds, creating a hypnotic sparkle that captures attention instantly. A delicate ruby accent at the snake’s head adds contrast and character, enhancing the beauty and meaning behind the design. Crafted in gold-plated 925 sterling silver, these earrings radiate elegance while embodying themes of transformation, renewal, and inner strength.

Their bold contours and artistic execution make them the perfect statement piece for special occasions, evening events, or any moment where expressive fine jewelry is desired. These earrings bring luxurious color, intricate detailing, and graceful movement together in a way that elevates every outfit and speaks to those with a taste for symbolic, high-end gemstone artistry.

🎁 Perfect Gift Occasions

These stunning emerald and tsavorite earrings make an unforgettable gift for birthdays, anniversaries, engagements, weddings, and romantic celebrations such as Valentine’s Day. Their powerful symbolism also makes them a meaningful present for someone beginning a new journey, achieving a milestone, or embracing personal transformation. Perfect for your wife, girlfriend, fiancée, sister, daughter, mother, or close friend, they also shine as Christmas gifts, New Year surprises, graduation gifts, promotion gifts, or heartfelt “just because” gestures.


These earrings are ideal for shoppers seeking emerald snake earrings, tsavorite drop earrings, handmade serpent jewelry, luxury gemstone statement earrings, or gold-plated sterling silver artistic designs. Their multi-stone pavé detailing appeals to customers searching for symbolic jewelry, animal-inspired fine jewelry, emerald dangle earrings, cocktail earrings, and unique gemstone gifts for her. They also perform strongly for terms like luxury gift for women, anniversary gift for her, statement gemstone earrings, and handcrafted sterling silver jewelry, making this listing highly optimized for Etsy search visibility.

Expertly handcrafted, these earrings feature premium natural emeralds, vibrant tsavorites, and sparkling ruby accents, each precisely handset in solid 925 sterling silver coated with a rich gold plating. The multi-stone pavé technique ensures long-lasting brilliance, structural strength, and a refined luxury finish. Every element—from gemstone selection to final polish—is executed with meticulous attention to detail, resulting in a high-end jewelry piece designed for durability, radiance, and timeless beauty.",1370.99,USD,4,"925_Silver_Earrings,Handmade_Earrings,Silver_Gifts_for_her,Just_Because_Gift,Handmade_Silver_Stud,Emerald_Earrings,Green_Earrings,Bridal_Gift_Jewelry,Engagement_Gift,Garnet_Earring,Sapphire_Earring,Graduation_Gift,multi_stone_jewelry","Silver,Ruby,Sapphire,Garnet,Sterling silver,Emerald",https://i.etsystatic.com/24638998/r/il/21d5c5/7497259430/il_fullxfull.7497259430_7h6k.jpg,https://i.etsystatic.com/24638998/r/il/1ab09b/7497259000/il_fullxfull.7497259000_adjb.jpg,https://i.etsystatic.com/24638998/r/il/f87e9f/7545194277/il_fullxfull.7545194277_750b.jpg,https://i.etsystatic.com/24638998/r/il/a72f61/7497258996/il_fullxfull.7497258996_ez5a.jpg,https://i.etsystatic.com/24638998/r/il/9c7edd/7497259014/il_fullxfull.7497259014_rc21.jpg,https://i.etsystatic.com/24638998/r/il/aa4d89/6812623953/il_fullxfull.6812623953_cgcl.jpg,https://i.etsystatic.com/24638998/r/il/2d1957/6812525709/il_fullxfull.6812525709_8qbv.jpg,,,,,,,,,,K-3005
"Natural Rubellite Tourmaline Dangle Earrings - 925 Sterling Silver Halo Statement Jewelry","Natural Rubellite Tourmaline Dangle Earrings | 925 Sterling Silver Halo Jewelry | Handmade Pink Gemstone Statement Drop Earrings | Anniversary Gift for Her

Product Specifications

Main Stone: Natural Rubellite Tourmaline

Metal: 925 Sterling Silver, Rhodium Plated

Earring Length: 5.5 cm

Design: Long Oval Halo Dangle with Micro-Pavé Gemstone Detailing

Style: Statement, Handmade, Luxury Fine Jewelry

Description

These Natural Rubellite Tourmaline Dangle Earrings are a breathtaking celebration of femininity, color, and grace. The design showcases exquisite oval rubellite tourmalines, radiating rich pink and magenta hues that shimmer with every movement. Each gemstone is beautifully encircled by a halo of delicate accent stones, adding depth, brilliance, and a touch of regal sophistication. Crafted in 925 sterling silver with rhodium plating, the earrings are both radiant and durable, making them perfect for lasting luxury.

Measuring 5.5 cm in length, these elegant earrings create a flattering elongated silhouette — perfect for evening wear, weddings, or any moment that calls for a statement of timeless beauty. Whether worn with a gown or to elevate everyday elegance, these rubellite earrings capture attention and admiration with effortless allure.

💎 A true expression of luxury and artistry, these earrings are the perfect blend of modern design and classic refinement.

💝 Perfect Gift Occasions:
These exquisite earrings make an unforgettable gift for a wedding, a romantic engagement gift, or a heartfelt surprise for your fiancé or fiancée. They are an ideal anniversary celebration gift or birthday gift for her, perfect for your wife, girlfriend, sister, daughter, mom, or best friend. Celebrate love and milestones with a beautiful Valentine’s Day gift, a thoughtful Mother’s Day present, or a dazzling Christmas and New Year gift. They also make a thoughtful graduation or promotion gift, a bridesmaid keepsake, or a cherished present for the mother of the bride or groom. And when you simply want to say “I care,” they make the perfect “just because,” “thinking of you,” or “thank you” gift — a treasure for every special moment.

✨ A captivating pair of rubellite tourmaline earrings that celebrate passion, elegance, and timeless beauty — designed to make every moment unforgettable.

Handcrafted with natural rubellite tourmaline and set in 925 sterling silver with a rhodium-plated finish, these stunning earrings exude sophistication and feminine charm. Perfect for lovers of pink gemstone jewelry, they feature a refined halo dangle design that captures light beautifully. Ideal for wedding jewelry, anniversaries, or cocktail occasions, this pair reflects fine craftsmanship and artistic beauty — a perfect gift for women who adore luxurious statement jewelry.




★ This Jewelry comes with a Specially Designed Jewelry Box.
★ Have your own custom design? Send us a message and we will make it for you exactly how you want it to be:))
★ All our gemstones are 100% natural.

Visit links: For Other Design
https://vamijewells.etsy.com

Please Pay more attention to the Jewelry Care Tips:
★ Do not use chemical jewelry cleaners.
★ Gently polish with a soft, lint-free cloth.
★ Store your jewelry in a cool dry place.
★ Do not wear it to the pool, spa, or the beach.
★ Avoid contact with perfumes, body oils, and other chemicals, including household cleaners.
★ Remove when sleeping, exercising, or doing other physically strenuous activities.

Custom Order:
★ Please Noted that Once Custom Order has been Arranged for Production, Cancellation is not Allowed because all the Materials has been Prepared well for your Jewelry Making. Hope to get Your highly Understand! There are NO returns on custom Jewelry Thanks So Much!

Feedback:
★ If you have any problem with your order or you are not satisfied with your order please feel free to contact us and allow us to resolve your problem. But please do not leave negative or neutral feedback before contacting us.",1260.99,USD,4,"Handmade_jewelry,Anniversary_Gift,silver_jewelry,unique_earrings,Engagement_Gift,Minimalist_earrings,multi_stone_earrings,blue_topaz_Earrings,Tourmaline_Earrings,Diamond_Earrings,Cluster_Earring,graduation_gift,rubellite_earring","Silver,Tourmaline,Sterling silver,Stone,Tourmaline",https://i.etsystatic.com/24638998/r/il/1a0c48/7400326123/il_fullxfull.7400326123_gd3p.jpg,https://i.etsystatic.com/24638998/r/il/528ee1/7352391618/il_fullxfull.7352391618_r57n.jpg,https://i.etsystatic.com/24638998/r/il/9cb441/7352391612/il_fullxfull.7352391612_hhza.jpg,https://i.etsystatic.com/24638998/r/il/46d6ae/7352391602/il_fullxfull.7352391602_k53k.jpg,https://i.etsystatic.com/24638998/r/il/c56836/7352391604/il_fullxfull.7352391604_nacj.jpg,https://i.etsystatic.com/24638998/r/il/c3d859/7400324589/il_fullxfull.7400324589_bq3g.jpg,https://i.etsystatic.com/24638998/r/il/30dc72/7400324591/il_fullxfull.7400324591_oftf.jpg,https://i.etsystatic.com/24638998/r/il/c4cdac/7352391608/il_fullxfull.7352391608_bn7n.jpg,https://i.etsystatic.com/24638998/r/il/aa4d89/6812623953/il_fullxfull.6812623953_cgcl.jpg,https://i.etsystatic.com/24638998/r/il/2d1957/6812525709/il_fullxfull.6812525709_8qbv.jpg,,,,,,,K-1613
"Sterling Silver Tourmaline Diamond Ring, Pave Cocktail Statement Ring","Natural Tourmaline Diamond Ring, Pave Diamond Cocktail Ring, Sterling Silver Multi Tourmaline Ring, Statement Ring, Jewelry Gift for Women

Specifications:
• Diamonds: 0.24 carats
• Tourmalines: 12.37 carats (central tourmaline size 17×12 mm)
• Metal: 925 Sterling Silver, Rhodium Plated

Indulge in the elegance of this Natural Tourmaline Diamond Ring, a stunning pave diamond cocktail ring handcrafted in luxurious 925 sterling silver. This eye-catching statement ring features an array of multi-color tourmalines encircling a large central gemstone, all accented with sparkling diamonds for a captivating shimmer. The vibrant tourmaline stones and dazzling diamonds are expertly set in a rhodium-plated finish for enduring shine and durability. Whether you’re seeking a sterling silver multi tourmaline ring for a special occasion or a standout cocktail ring to elevate your style, this handmade piece is perfect as a jewelry gift for women or a unique addition to your own collection. Its bold design and vibrant colors make it a show-stopping choice for cocktail parties, anniversaries, or any celebration. Surprise someone special with this luxurious, artisan-crafted ring that seamlessly blends classic sophistication with modern flair—a true treasure for any jewelry lover!

★ This Jewelry comes with a Specially Designed Jewelry Box.
★ Have your own custom design? Send us a message and we will make it for you exactly how you want it to be:))
★ All our gemstones are 100% natural.

Visit links: For Other Design
https://vamijewells.etsy.com

Please Pay more attention to the Jewelry Care Tips:
★ Do not use chemical jewelry cleaners.
★ Gently polish with a soft, lint-free cloth.
★ Store your jewelry in a cool dry place.
★ Do not wear it to the pool, spa, or the beach.
★ Avoid contact with perfumes, body oils, and other chemicals, including household cleaners.
★ Remove when sleeping, exercising, or doing other physically strenuous activities.

Custom Order:
★ Please Noted that Once Custom Order has been Arranged for Production, Cancellation is not Allowed because all the Materials has been Prepared well for your Jewelry Making. Hope to get Your highly Understand! There are NO returns on custom Jewelry Thanks So Much!

Feedback:
★ If you have any problem with your order or you are not satisfied with your order please feel free to contact us and allow us to resolve your problem. But please do not leave negative or neutral feedback before contacting us.",1100.73,USD,3,"925_silver_ring,Unique_silver_ring,Handmade_jewelry,Luxury_jewelry,Halo_Diamond_Ring,Engagement_Ring,Anniversary_Gift,silver_jewelry,Free_Shipping,Minimalist_Ring,stackable_ring,Tourmaline_Ring,pink_Stone_Ring","Silver,Sterling silver,Stone,Tourmaline",https://i.etsystatic.com/24638998/r/il/34ebc3/7099065589/il_fullxfull.7099065589_szpp.jpg,https://i.etsystatic.com/24638998/r/il/f2150a/7051105166/il_fullxfull.7051105166_q0yq.jpg,https://i.etsystatic.com/24638998/r/il/014d88/7099065587/il_fullxfull.7099065587_em0o.jpg,https://i.etsystatic.com/24638998/r/il/3f5de4/7051105184/il_fullxfull.7051105184_64z7.jpg,https://i.etsystatic.com/24638998/r/il/7e9b58/7099065583/il_fullxfull.7099065583_n9k0.jpg,https://i.etsystatic.com/24638998/r/il/aa4d89/6812623953/il_fullxfull.6812623953_cgcl.jpg,https://i.etsystatic.com/24638998/r/il/2d1957/6812525709/il_fullxfull.6812525709_8qbv.jpg,,,,"Ring size","Ring size","5,5 1/4,5 1/2,5 3/4,6,6 1/4,6 1/2,6 3/4,7,7 1/4,7 1/2,7 3/4,8,8 1/4,8 1/2,8 3/4,9,9 1/4,9 1/2,9 3/4,10,10 1/4,10 1/2,10 3/4,11,11 1/4,11 1/2,11 3/4,12,12 1/4,12 1/2,12 3/4,13,13 1/4,13 1/2,13 3/4,14,14 1/4,14 1/2,14 3/4,15,15 1/4,15 1/2,15 3/4,16",,,,K-989
"Natural Ruby Diamond Ring & Earring Set, 925 Sterling Silver Kyanite Multi Stone Halo Jewelry","Natural Ruby Diamond Ring & Earring Set, Kyanite Halo Handmade 925 Sterling Silver Jewelry

📌 Product Specifications

Main Stone: Natural Ruby (Cabochon Centerpiece)

Secondary Stones: Natural Diamonds (Inner Halo Accents)

Additional Stones: Natural Kyanites (Outer Multi-Stone Halo)

Metal: 925 Sterling Silver, Gold Plated

Design: Double Halo Cluster – Diamond Inner Halo & Kyanite Outer Halo

Earring Length: Approx. 46 mm

Jewelry Set Includes: Matching Ring + Drop Earrings

Style: Luxurious, Statement, Handmade Fine Jewelry

Craftsmanship: Premium handset gemstones and polished gold-plated finish

💎 Description

This Natural Ruby, Diamond & Kyanite Jewelry Set is a breathtaking masterpiece of color, brilliance, and craftsmanship. At the heart of each piece lies a glowing natural ruby cabochon, radiating deep red richness. The ruby is encircled by a delicate halo of sparkling natural diamonds, enhancing its fire and elegance. Surrounding the diamonds is a second halo of vivid kyanite gemstones arranged in a stunning sunburst pattern, creating a captivating contrast of royal blue and ruby red.

Handcrafted in gold-plated 925 sterling silver, this luxurious set features a beautifully detailed ring and matching statement earrings measuring 46 mm in length. The combination of ruby, kyanite, and diamonds brings together passion, royalty, and sparkle—making this set perfect for collectors and lovers of unique fine gemstone jewelry. Its bold design, vibrant colors, and striking brilliance ensure it stands out effortlessly for evening wear, celebrations, and special occasions.

🎁 Perfect Gift Occasions

This stunning ruby and kyanite set makes an unforgettable gift for birthdays, anniversaries, engagements, weddings, and Valentine’s Day. It is ideal for wives, girlfriends, mothers, daughters, and anyone who appreciates extraordinary gemstone craftsmanship. This set also shines as a luxury Christmas or New Year gift, a thoughtful Mother’s Day surprise, a milestone celebration present, or a meaningful “just because” moment.

Perfect for shoppers searching for natural ruby jewelry, ruby and diamond sets, kyanite halo earrings, statement gemstone rings, handmade sterling silver jewelry, cabochon ruby pieces, and double halo gemstone designs. This set appeals to customers looking for luxury gifts for her, bold gemstone earrings, unique statement sets, ruby halo rings, and finely crafted artisan jewelry—ensuring strong Etsy search visibility and improved discoverability.

Expertly handcrafted, this jewelry set features a premium natural ruby cabochon, sparkling natural diamonds, and beautifully matched natural kyanites. Each gemstone is meticulously handset in solid 925 sterling silver with a rich gold-plated finish, ensuring durability, brilliance, and heirloom-quality elegance. The double halo craftsmanship highlights every gemstone’s beauty while offering a refined and luxurious finish.






★ This Jewelry comes with a Specially Designed Jewelry Box.
★ Have your own custom design? Send us a message and we will make it for you exactly how you want it to be:))
★ All our gemstones are 100% natural.

Visit links: For Other Design
https://vamijewells.etsy.com

Please Pay more attention to the Jewelry Care Tips:
★ Do not use chemical jewelry cleaners.
★ Gently polish with a soft, lint-free cloth.
★ Store your jewelry in a cool dry place.
★ Do not wear it to the pool, spa, or the beach.
★ Avoid contact with perfumes, body oils, and other chemicals, including household cleaners.
★ Remove when sleeping, exercising, or doing other physically strenuous activities.

Custom Order:
★ Please Noted that Once Custom Order has been Arranged for Production, Cancellation is not Allowed because all the Materials has been Prepared well for your Jewelry Making. Hope to get Your highly Understand! There are NO returns on custom Jewelry Thanks So Much!

Feedback:
★ If you have any problem with your order or you are not satisfied with your order please feel free to contact us and allow us to resolve your problem. But please do not leave negative or neutral feedback before contacting us.",490.99,USD,5,"Handmade_jewelry,Luxury_jewelry,Anniversary_Gift,Statement_Jewelry,Vintage_jewelry,Engagement_Ring_Gift,Wedding_Gift,Pave_diamond_Jewelry,925_silver_Jewelry,Unique_silver_ring,graduation_gift,multi_stone_jewelry,Ruby_Ring_Earring","Kyanite,Ruby,Diamond,Sterling silver,Ruby",https://i.etsystatic.com/24638998/r/il/fe4c8f/7497473964/il_fullxfull.7497473964_hfvh.jpg,https://i.etsystatic.com/24638998/r/il/2c4706/7545408853/il_fullxfull.7545408853_9bvb.jpg,https://i.etsystatic.com/24638998/r/il/2aed1f/7545408837/il_fullxfull.7545408837_m4z7.jpg,https://i.etsystatic.com/24638998/r/il/56b6aa/7497473946/il_fullxfull.7497473946_ad4l.jpg,https://i.etsystatic.com/24638998/r/il/610d13/7497473948/il_fullxfull.7497473948_jodc.jpg,https://i.etsystatic.com/24638998/r/il/06ed38/7545408843/il_fullxfull.7545408843_3zok.jpg,https://i.etsystatic.com/24638998/r/il/ac4f3f/7545408859/il_fullxfull.7545408859_6f7d.jpg,https://i.etsystatic.com/24638998/r/il/2d1957/6812525709/il_fullxfull.6812525709_8qbv.jpg,https://i.etsystatic.com/24638998/r/il/aa4d89/6812623953/il_fullxfull.6812623953_cgcl.jpg,,"Custom Property",Style,"Earrings,Ring,Complete Set","Custom Property","Ring Size","NA FOR EARRINGS,5 US,5 1/4 US,5 1/2 US,5 3/4 US,6 US,6 1/4 US,6 1/2 US,6 3/4 US,7 US,7 1/4 US,7 1/2 US,7 3/4 US,8 US,8 1/4 US,8 1/2 US,8 3/4 US,9 US,9 1/4 US,9 1/2 US,9 3/4 US,10 US,10 1/4 US,10 1/2 US,10 3/4 US,11 US,11 1/4 US,11 1/2 US,11 3/4 US,12 US,12 1/4 US,12 1/2 US,12 3/4 US,13 US,13 1/4 US,13 1/2 US,13 3/4 US,14 US,14 1/4 US,14 1/2 US,14 3/4 US,15 US,15 1/4 US,15 1/2 US,15 3/4 US,16 US",K-2099
"Natural Opal Diamond Ring & Earring Set, 925 Sterling Silver Tanzanite Multi Stone Halo Jewelry","Natural Opal Diamond Ring & Earring Set, Tanzanite Halo, Handmade 925 Sterling Silver Jewelry

📌 Product Specifications

Main Stone: Natural Opal (Oval Cabochon Centerpiece)

Secondary Stones: Natural Diamonds (Inner Halo Accents)

Additional Stones: Natural Tanzanites (Outer Multi-Stone Halo)

Metal: 925 Sterling Silver, Black Rhodium Plated

Design: Double Halo Cluster – Diamond Inner Halo & Tanzanite Outer Halo

Earring Length: Approx. 45 mm

Jewelry Set Includes: Matching Ring + Earrings

Style: Luxurious, Statement, Handmade Fine Jewelry

Craftsmanship: Premium hand-set stones with intricate halo detailing

💎 Description

This exquisite Natural Opal, Diamond, and Tanzanite Jewelry Set showcases the perfect harmony of color, fire, and refined craftsmanship. At the heart of each piece lies a glowing natural opal, displaying vibrant flashes of green, orange, and blue. Surrounding the opal is a sparkling inner halo of natural diamonds that enhances its radiance, while a second halo of vivid tanzanite stones adds depth, color contrast, and exceptional brilliance.

Crafted in black rhodium–plated 925 sterling silver, the combination of gemstones creates a dramatic and luxurious effect. The earrings measure an elegant 45 mm, offering graceful movement and standout presence, while the matching ring completes the ensemble with sophisticated balance. Perfect for special occasions or collectors of rare gemstone jewelry, this set blends elegance with captivating beauty.

🎁 Perfect Gift Occasions

This opal, diamond, and tanzanite set makes a stunning gift for birthdays, anniversaries, engagements, weddings, or romantic celebrations such as Valentine’s Day. It is ideal for wives, girlfriends, mothers, daughters, and anyone who loves unique gemstone combinations. It also serves beautifully as a Christmas or New Year gift, Mother’s Day surprise, graduation present, milestone celebration, or luxurious “just because” gift that will be cherished forever.

This jewelry set is ideal for shoppers searching for natural opal jewelry, opal and tanzanite earrings, diamond halo rings, handmade gemstone sets, multi-stone halo earrings, and luxury sterling silver jewelry. Its double halo design appeals to customers looking for statement opal earrings, collectible gemstone sets, tanzanite ring and earring sets, and finely crafted artisan jewelry. It also performs strongly for terms like gift for her, anniversary jewelry, gemstone cluster designs, and high-end opal halo pieces, making the listing highly optimized for Etsy search visibility.

Expertly handcrafted, this jewelry set features premium natural opals, sparkling natural diamonds, and beautifully matched natural tanzanites, all handset in solid 925 sterling silver with a rich black rhodium plating. The double halo structure ensures brilliance, durability, and refined detailing. Each gemstone is selected for clarity, color, and fire, resulting in an heirloom-quality set that radiates luxury from every angle.






★ This Jewelry comes with a Specially Designed Jewelry Box.
★ Have your own custom design? Send us a message and we will make it for you exactly how you want it to be:))
★ All our gemstones are 100% natural.

Visit links: For Other Design
https://vamijewells.etsy.com

Please Pay more attention to the Jewelry Care Tips:
★ Do not use chemical jewelry cleaners.
★ Gently polish with a soft, lint-free cloth.
★ Store your jewelry in a cool dry place.
★ Do not wear it to the pool, spa, or the beach.
★ Avoid contact with perfumes, body oils, and other chemicals, including household cleaners.
★ Remove when sleeping, exercising, or doing other physically strenuous activities.

Custom Order:
★ Please Noted that Once Custom Order has been Arranged for Production, Cancellation is not Allowed because all the Materials has been Prepared well for your Jewelry Making. Hope to get Your highly Understand! There are NO returns on custom Jewelry Thanks So Much!

Feedback:
★ If you have any problem with your order or you are not satisfied with your order please feel free to contact us and allow us to resolve your problem. But please do not leave negative or neutral feedback before contacting us.",401.99,USD,5,"Handmade_jewelry,Luxury_jewelry,Anniversary_Gift,Statement_Jewelry,Vintage_jewelry,Engagement_Ring_Gift,Wedding_Gift,Pave_diamond_Jewelry,925_silver_Jewelry,Unique_silver_ring,Opal_Ring_Earring,graduation_gift,multi_stone_jewelry","Opal,Tanzanite,Diamond,Sterling silver,Opal",https://i.etsystatic.com/24638998/r/il/7fda81/7497448502/il_fullxfull.7497448502_iraz.jpg,https://i.etsystatic.com/24638998/r/il/23a1be/7545383277/il_fullxfull.7545383277_t0ab.jpg,https://i.etsystatic.com/24638998/r/il/a8e6d2/7497448158/il_fullxfull.7497448158_j1wo.jpg,https://i.etsystatic.com/24638998/r/il/920223/7497448152/il_fullxfull.7497448152_8c7p.jpg,https://i.etsystatic.com/24638998/r/il/21df45/7497448160/il_fullxfull.7497448160_o33h.jpg,https://i.etsystatic.com/24638998/r/il/b1b475/7497448176/il_fullxfull.7497448176_c3qb.jpg,https://i.etsystatic.com/24638998/r/il/2d1957/6812525709/il_fullxfull.6812525709_8qbv.jpg,https://i.etsystatic.com/24638998/r/il/aa4d89/6812623953/il_fullxfull.6812623953_cgcl.jpg,,,"Custom Property",Style,"Earrings,Ring,Complete Set","Custom Property","Ring Size","NA FOR EARRINGS,5 US,5 1/4 US,5 1/2 US,5 3/4 US,6 US,6 1/4 US,6 1/2 US,6 3/4 US,7 US,7 1/4 US,7 1/2 US,7 3/4 US,8 US,8 1/4 US,8 1/2 US,8 3/4 US,9 US,9 1/4 US,9 1/2 US,9 3/4 US,10 US,10 1/4 US,10 1/2 US,10 3/4 US,11 US,11 1/4 US,11 1/2 US,11 3/4 US,12 US,12 1/4 US,12 1/2 US,12 3/4 US,13 US,13 1/4 US,13 1/2 US,13 3/4 US,14 US,14 1/4 US,14 1/2 US,14 3/4 US,15 US,15 1/4 US,15 1/2 US,15 3/4 US,16 US",K-3000
"Natural Black Opal & Diamond Cluster Jewelry Set, 925 Sterling Silver Ring Earrings and Pendant","Natural Black Opal & Diamond Cluster Jewelry Set, 925 Sterling Silver Ring Earrings Pendant

📌 Product Specifications

Main Stones: Natural Black Opals (Multi-Stone Cabochon Cluster Setting)

Secondary Stones: Natural Diamonds (Halo & Accent Detailing)

Metal: 925 Sterling Silver, Black Rhodium Plated

Design: Round Cluster Design with Multi-Opal Centerpiece

Jewelry Set Includes: Ring, Earrings & Pendant

Earring Length: Approx. 47 mm

Style: Luxury, Statement, Handmade Fine Jewelry

Craftsmanship: High-quality stone selection & meticulous handset detailing

💎 Description

This Natural Black Opal & Diamond Cluster Jewelry Set is an exquisite celebration of color, fire, and craftsmanship. Each piece showcases a radiant cluster of natural black opals, displaying mesmerizing flashes of green, blue, orange, and red—each gemstone uniquely alive with vibrant play-of-color. Surrounding the opals is a delicate halo of natural diamonds that enhances their depth and brilliance, adding a refined sparkle to the overall design.

Handcrafted in black rhodium-plated 925 sterling silver, the set includes a matching ring, elegant drop earrings, and a stunning pendant, all unified by a circular cluster motif. The earrings, measuring 47 mm in length, create a glamorous statement, while the ring and pendant offer versatility and timeless sophistication. This luxurious ensemble is perfect for collectors and lovers of unique gemstone treasures, bringing a blend of elegance, mystique, and high-end artistry to any jewelry collection.

🎁 Perfect Gift Occasions

This black opal and diamond set makes an unforgettable gift for anniversaries, birthdays, engagements, and weddings. It is perfect for wives, girlfriends, mothers, daughters, or anyone who appreciates rare, vibrant gemstones. Ideal as a Christmas gift, New Year present, Mother’s Day surprise, milestone celebration gift, or a memorable “just because” moment, this set embodies luxury and thoughtful craftsmanship that leaves a lasting impression.

This jewelry set is ideal for shoppers searching for natural black opal jewelry, black opal earrings and pendant sets, opal cluster rings, diamond halo opal designs, handmade gemstone jewelry, and luxury sterling silver sets. The vibrant play-of-color appeals to buyers looking for statement opal earrings, collectible gemstone pieces, multi-stone opal pendants, and artisanal high-end jewelry. It also ranks strongly for terms such as gift for her, anniversary gift, gemstone jewelry set, opal ring and earring set, and unique opal cluster pieces, enhancing Etsy search visibility.

Expertly handcrafted, this set features premium natural black opals paired with sparkling natural diamonds, all meticulously handset in solid 925 sterling silver with a rich black rhodium plating. The multi-opal cluster arrangement ensures brilliance from every angle, while the diamond accents add refined sophistication. Each piece is crafted with precision and care, delivering a durable, luxurious, and visually captivating finish..



★ This Jewelry comes with a Specially Designed Jewelry Box.
★ Have your own custom design? Send us a message and we will make it for you exactly how you want it to be:))
★ All our gemstones are 100% natural.

Visit links: For Other Design
https://vamijewells.etsy.com

Please Pay more attention to the Jewelry Care Tips:
★ Do not use chemical jewelry cleaners.
★ Gently polish with a soft, lint-free cloth.
★ Store your jewelry in a cool dry place.
★ Do not wear it to the pool, spa, or the beach.
★ Avoid contact with perfumes, body oils, and other chemicals, including household cleaners.
★ Remove when sleeping, exercising, or doing other physically strenuous activities.

Custom Order:
★ Please Noted that Once Custom Order has been Arranged for Production, Cancellation is not Allowed because all the Materials has been Prepared well for your Jewelry Making. Hope to get Your highly Understand! There are NO returns on custom Jewelry Thanks So Much!

Feedback:
★ If you have any problem with your order or you are not satisfied with your order please feel free to contact us and allow us to resolve your problem. But please do not leave negative or neutral feedback before contacting us.",501.99,USD,5,"Pave_diamond_ring,Unique_silver_ring,Handmade_jewelry,Luxury_jewelry,Gemstone_Ring,Halo_Diamond_Ring,Engagement_Ring,Anniversary_Gift,Statement_Jewelry,Vintage_jewelry,Birthday_Gift,Wedding_Gift,bridal_jewelry","Opal,Stone,Silver,Sterling silver,Diamond,Opal",https://i.etsystatic.com/24638998/r/il/ebf053/7545336445/il_fullxfull.7545336445_anbu.jpg,https://i.etsystatic.com/24638998/r/il/a77586/7497402240/il_fullxfull.7497402240_midu.jpg,https://i.etsystatic.com/24638998/r/il/e6aeb5/7545336451/il_fullxfull.7545336451_tf8p.jpg,https://i.etsystatic.com/24638998/r/il/16dd57/7497402236/il_fullxfull.7497402236_gact.jpg,https://i.etsystatic.com/24638998/r/il/6ed29c/7545336447/il_fullxfull.7545336447_7uy4.jpg,https://i.etsystatic.com/24638998/r/il/09d142/7545336449/il_fullxfull.7545336449_8131.jpg,https://i.etsystatic.com/24638998/r/il/1c65d1/7545336461/il_fullxfull.7545336461_j2l9.jpg,https://i.etsystatic.com/24638998/r/il/aa4d89/6812623953/il_fullxfull.6812623953_cgcl.jpg,https://i.etsystatic.com/24638998/r/il/2d1957/6812525709/il_fullxfull.6812525709_8qbv.jpg,,"Custom Property",Style,"Earrings,Ring,Pendant,Complete Set","Custom Property","Ring Size","NA FOR EARRINGS,NA FOR PENDANT,5 US,5 1/4 US,5 1/2 US,5 3/4 US,6 US,6 1/4 US,6 1/2 US,6 3/4 US,7 US,7 1/4 US,7 1/2 US,7 3/4 US,8 US,8 1/4 US,8 1/2 US,8 3/4 US,9 US,9 1/4 US,9 1/2 US,9 3/4 US,10 US,10 1/4 US,10 1/2 US,10 3/4 US,11 US,11 1/4 US,11 1/2 US,11 3/4 US,12 US,12 1/4 US,12 1/2 US,12 3/4 US,13 US,13 1/4 US,13 1/2 US,13 3/4 US,14 US,14 1/4 US,14 1/2 US,14 3/4 US,15 US,15 1/4 US,15 1/2 US,15 3/4 US,16 US",K-3002
"Natural Sapphire Brooch Pendant, Gold Plated Sterling Silver Ruby Multi Stone Snake Style Jewelry","Natural Multi Sapphire Snake Brooch Pendant, Ruby Accent, Handmade Gold Plated 925 Silver Jewelry

📌 Product Specifications

Main Stones: Natural Multi-Colored Sapphires (Pavé Setting)

Secondary Stone: Natural Ruby (Snake Head Accent)

Metal: 925 Sterling Silver, Gold Plated

Design: Intricate Snake Motif Brooch with Multi-Stone Detailing

Style: Statement, Artistic, Handmade Fine Jewelry

Use: Brooch & Pendant (Dual Wear)

Craftsmanship: Hand-Set Stones, Luxury Finish

💎 Description

This Natural Sapphire Snake Brooch Pendant is a breathtaking fusion of artistry, symbolism, and gemstone luxury. Handcrafted in gold-plated 925 sterling silver, the piece features a beautifully sculpted serpent silhouette adorned with pavé-set multi-colored natural sapphires that shimmer with every curve of the design. A deep ruby accent at the snake’s head enhances its captivating presence, adding a touch of contrast and sophistication.

Designed for dual wear, it can be worn as a brooch or as a pendant, making it a versatile and expressive accessory. The flowing lines, gemstone brilliance, and symbolic nature of the serpent—representing wisdom, renewal, and protection—make this jewelry piece stand out as both meaningful and luxurious. Whether styled on a dress, blazer, scarf, or necklace chain, it instantly elevates the look with its bold elegance and intricate craftsmanship.

🎁 Perfect Gift Occasions

This exquisite sapphire snake brooch pendant is a memorable and meaningful gift for birthdays, anniversaries, engagements, weddings, and romantic celebrations like Valentine’s Day. It is ideal for wives, girlfriends, sisters, mothers, daughters, and collectors who appreciate unique and artistic gemstone jewelry. Additionally, it makes an elegant holiday gift for Christmas or New Year, a thoughtful graduation or promotion present, or a symbolic gift for someone beginning a new journey or transformation.

This brooch pendant is perfect for shoppers searching for sapphire snake jewelry, multi-sapphire brooches, handmade serpent pendants, gold-plated sterling silver accessories, ruby accent jewelry, or artistic statement pieces. Its intricate pavé gemstone setting appeals to buyers looking for luxury gemstone brooches, symbolic jewelry, unique animal-inspired designs, and high-end handmade gifts for her. It also ranks strongly for searches such as luxury gift for women, sapphire pendant, snake motif jewelry, and collectible gemstone art, making the listing highly optimized for Etsy discovery.

Expertly handcrafted, this brooch pendant features premium natural multi-colored sapphires and a radiant natural ruby, all meticulously handset in solid 925 sterling silver with a durable high-quality gold plating. The pavé gemstone technique ensures exceptional brilliance and structural integrity, while the detailed serpent shape highlights fine craftsmanship and artistic precision. Each element is chosen to deliver a long-lasting, luxurious finish that elevates this piece into heirloom-worthy jewelry.



🌷 Care Instructions:
Gently wipe with a soft cloth after use.

Avoid direct contact with harsh chemicals or perfumes.

Store separately to prevent scratching.

💌 Why Buy From Us?
We pride ourselves on delivering exceptional jewelry pieces crafted with utmost care, quality materials, and heartfelt intention. Each order is beautifully packaged and ready for gifting.

Treat yourself or someone special with this exquisite peacock brooch—a symbol of luxury, elegance, and timeless beauty!

✨ Order Yours Today and Wear Elegance Every Day! ✨",2160.99,USD,5,"Sapphire_Diamond_Pin,925_Silver_Brooch,Pave_Diamond_Pendant,Multi_Gemstone_Pin,Sapphire_Brooch_925,Sterling_Silver_Pin,Diamond_Brooch_Pin,Luxury_Brooch_Silver,Vintage_Style_Brooch,Gemstone_Pendant_925,graduation_gift,cluster_pendant,Ruby_Pendant","Sapphire,Sterling silver,Sapphire,Ruby",https://i.etsystatic.com/24638998/r/il/197b9e/7497386194/il_fullxfull.7497386194_dq2g.jpg,https://i.etsystatic.com/24638998/r/il/9d5cf9/7497385810/il_fullxfull.7497385810_dka2.jpg,https://i.etsystatic.com/24638998/r/il/77bc60/7545313985/il_fullxfull.7545313985_lnhq.jpg,https://i.etsystatic.com/24638998/r/il/d40b94/7497379224/il_fullxfull.7497379224_3uz4.jpg,https://i.etsystatic.com/24638998/r/il/2cca8b/7497379226/il_fullxfull.7497379226_e21u.jpg,https://i.etsystatic.com/24638998/r/il/02526d/7545313663/il_fullxfull.7545313663_cczq.jpg,https://i.etsystatic.com/24638998/r/il/aa4d89/6812623953/il_fullxfull.6812623953_cgcl.jpg,https://i.etsystatic.com/24638998/r/il/2d1957/6812525709/il_fullxfull.6812525709_8qbv.jpg,,,,,,,,,K-3003
"Blue Topaz Kyanite Jewelry Set, Sterling Silver Ring Earrings, Handmade","Natural Blue Topaz & Kyanite Jewelry Set | 925 Sterling Silver Statement Ring & Earrings | Handmade Gemstone Jewelry Gift for Women

Product Specifications:
Primary Gemstones: Natural Blue Topaz (center), Natural Kyanite (halo)

Gemstone Cut: Faceted Oval Topaz, Emerald Cut Kyanite

Metal: Solid 925 Sterling Silver

Finish: Rhodium Plated (Anti-Tarnish, Mirror Polish)

Set Includes: Statement Ring + Matching Earrings

Earring Closure: Secure Omega Clip Backs

Craftsmanship: Handcrafted with Precision

Occasion: Wedding, Engagement, Anniversary, Birthday, Special Gift

Description:
Indulge in the sheer beauty of this Natural Blue Topaz and Kyanite jewelry set, a luxurious ensemble designed for women who appreciate bold elegance and exceptional craftsmanship. This handcrafted set includes a statement ring and matching earrings, featuring dazzling oval-cut Blue Topaz gemstones at the center, haloed by rich, deep blue natural Kyanite in a radiant floral arrangement.

Meticulously crafted in solid 925 Sterling Silver and finished with premium rhodium plating, each piece gleams with brilliance and resists tarnish for lasting beauty. The omega clip-back earrings ensure comfort and security, making this set ideal for both everyday glamour and formal occasions.

Whether you're seeking handmade gemstone jewelry, statement silver jewelry, or a meaningful gift for her anniversary, this set delivers timeless style and show-stopping sparkle. Perfect for weddings, cocktail parties, or milestone celebrations, this artisan jewelry piece combines classic luxury with a touch of modern flair.

Celebrate love, beauty, and individuality with a set that speaks volumes — elegant, striking, and unforgettable.

★ This Jewelry comes with a Specially Designed Jewelry Box.
★ Have your own custom design? Send us a message and we will make it for you exactly how you want it to be:))
★ All our gemstones are 100% natural.

Visit links: For Other Design
https://vamijewells.etsy.com

Please Pay more attention to the Jewelry Care Tips:
★ Do not use chemical jewelry cleaners.
★ Gently polish with a soft, lint-free cloth.
★ Store your jewelry in a cool dry place.
★ Do not wear it to the pool, spa, or the beach.
★ Avoid contact with perfumes, body oils, and other chemicals, including household cleaners.
★ Remove when sleeping, exercising, or doing other physically strenuous activities.

Custom Order:
★ Please Noted that Once Custom Order has been Arranged for Production, Cancellation is not Allowed because all the Materials has been Prepared well for your Jewelry Making. Hope to get Your highly Understand! There are NO returns on custom Jewelry Thanks So Much!

Feedback:
★ If you have any problem with your order or you are not satisfied with your order please feel free to contact us and allow us to resolve your problem. But please do not leave negative or neutral feedback before contacting us.",600.99,USD,5,"Unique_silver_ring,Handmade_jewelry,Luxury_jewelry,Halo_Diamond_Ring,Engagement_Ring,Anniversary_Gift,Statement_Jewelry,Vintage_jewelry,topaz_ring,blue_Ring_earring,kyanite_earrings,kyanite_ring","Topaz,Stone,Silver,Sterling silver",https://i.etsystatic.com/24638998/r/il/a9f790/7139281625/il_fullxfull.7139281625_go1a.jpg,https://i.etsystatic.com/24638998/r/il/c7602a/7091326282/il_fullxfull.7091326282_qo5m.jpg,https://i.etsystatic.com/24638998/r/il/a80db2/7139281211/il_fullxfull.7139281211_ip7c.jpg,https://i.etsystatic.com/24638998/r/il/480873/7139281185/il_fullxfull.7139281185_4eth.jpg,https://i.etsystatic.com/24638998/r/il/3272a9/7139281183/il_fullxfull.7139281183_2zv3.jpg,https://i.etsystatic.com/24638998/r/il/aa4d89/6812623953/il_fullxfull.6812623953_cgcl.jpg,https://i.etsystatic.com/24638998/r/il/2d1957/6812525709/il_fullxfull.6812525709_8qbv.jpg,,,,"Custom Property","Ring Size","5 US,5 1/4 US,5 1/2 US,5 3/4 US,6 US,6 1/4 US,6 1/2 US,6 3/4 US,7 US,7 1/4 US,7 1/2 US,7 3/4 US,8 US,8 1/4 US,8 1/2 US,8 3/4 US,9 US,9 1/4 US,9 1/2 US,9 3/4 US,10 US,10 1/4 US,10 1/2 US,10 3/4 US,11 US,11 1/4 US,11 1/2 US,11 3/4 US,12 US,12 1/4 US,12 1/2 US,12 3/4 US,13 US,13 1/4 US,13 1/2 US,13 3/4 US,14 US,14 1/4 US,14 1/2 US,14 3/4 US,15 US,15 1/4 US,15 1/2 US,15 3/4 US,16 US",,,,K-1057
"Emerald Opal Butterfly Brooch, Sterling Silver Diamond Ruby Pendant, Handmade","Natural Emerald & Opal Butterfly Brooch | Diamond Ruby Pendant Pin in 925 Sterling Silver | Handmade Statement Brooch Gift for Her

Product Specifications:
Main Gemstones:

Natural Emeralds – 6.69 carats

Natural Diamonds – 3.44 carats

Natural Opal (Centerpiece)

Ruby Accents

Metal: Solid 925 Sterling Silver

Finish: Rhodium Plated with Antique Detailing

Design: Handmade Butterfly Motif

Size: 60×45 mm

Closure: Dual-purpose Pin & Pendant Loop

Craftsmanship: Handcrafted Fine Jewelry

Occasion: Birthday Gift, Anniversary, Bridal Accessory, Formal Events

Description:
Fall in love with the enchanting beauty of this handmade butterfly brooch, a true celebration of nature and artistry. Crafted in solid 925 sterling silver, this exquisite piece features a breathtaking combination of natural emeralds, diamonds, rubies, and a glowing center opal — all arranged in a delicately openwork butterfly design that’s both bold and ethereal.

Sparkling with over 10 carats of precious gemstones, this brooch can also be worn as a pendant, making it a versatile treasure in your fine jewelry collection. The emerald-studded wings are outlined with shimmering natural diamonds, while vivid pink rubies and a captivating opal bring the butterfly's body to life.

Whether gifted for a birthday, anniversary, or worn as a bridal statement accessory, this emerald and diamond brooch pin is an unforgettable piece that evokes elegance, charm, and timeless grace.

★ This Jewelry comes with a Specially Designed Jewelry Box.
★ Have your own custom design? Send us a message and we will make it for you exactly how you want it to be:))
★ All our gemstones are 100% natural.

Visit links: For Other Design
https://vamijewells.etsy.com

Please Pay more attention to the Jewelry Care Tips:
★ Do not use chemical jewelry cleaners.
★ Gently polish with a soft, lint-free cloth.
★ Store your jewelry in a cool dry place.
★ Do not wear it to the pool, spa, or the beach.
★ Avoid contact with perfumes, body oils, and other chemicals, including household cleaners.
★ Remove when sleeping, exercising, or doing other physically strenuous activities.

Custom Order:
★ Please Noted that Once Custom Order has been Arranged for Production, Cancellation is not Allowed because all the Materials has been Prepared well for your Jewelry Making. Hope to get Your highly Understand! There are NO returns on custom Jewelry Thanks So Much!

Feedback:
★ If you have any problem with your order or you are not satisfied with your order please feel free to contact us and allow us to resolve your problem. But please do not leave negative or neutral feedback before contacting us.",1840.91,USD,5,"Handmade_jewelry,Luxury_jewelry,Anniversary_Gift,Pave_diamond_brooch,925_silver_brooch,Aquamarine_Pendant,Engagement_gift,Halo_Diamond_pendant,Gemstone_brooch,Dainty_brooch,Statement_pendant,birthstone_brooch,multi_stone_jewelry","Emerald,Stone,Sterling silver",https://i.etsystatic.com/24638998/r/il/ea33ff/7091359644/il_fullxfull.7091359644_tswy.jpg,https://i.etsystatic.com/24638998/r/il/4ee43a/7091359320/il_fullxfull.7091359320_69x0.jpg,https://i.etsystatic.com/24638998/r/il/6caeeb/7091359318/il_fullxfull.7091359318_s9su.jpg,https://i.etsystatic.com/24638998/r/il/be9fb2/7139314075/il_fullxfull.7139314075_qg9k.jpg,https://i.etsystatic.com/24638998/r/il/aa4d89/6812623953/il_fullxfull.6812623953_cgcl.jpg,https://i.etsystatic.com/24638998/r/il/2d1957/6812525709/il_fullxfull.6812525709_8qbv.jpg,,,,,,,,,,,K-1058
"Handmade Sterling Silver Iolite Bracelet - Blue-Violet Gemstone Jewelry","Natural Iolite Bracelet – 925 Sterling Silver Gemstone Bracelet – Handmade Blue-Violet Jewelry Gift for Her

Product Specifications:
• Metal: 925 Sterling Silver
• Gemstone: Natural Iolite
• Stone Size: Approx. 9x7 mm (oval, each)
• Adjustable Length
• Secure Lobster Clasp
• Rhodium Plated Finish

Description:
Discover the elegance of natural iolite with this stunning handcrafted sterling silver bracelet. Each vivid blue-violet stone is expertly set to capture the light and turn every glance into a compliment. Designed for both sophistication and daily wear, this bracelet offers a versatile, adjustable fit and a secure clasp for peace of mind.

Why You’ll Love It:
• The deep, enchanting color of iolite is believed to inspire creativity, focus, and positive energy.
• Makes a unique, thoughtful gift for birthdays, anniversaries, or just because.
• Perfect for stacking or wearing solo as a statement piece.

Add a touch of luxury and meaning to your jewelry collection—order now for yourself or someone special!

★ This Jewelry comes with a Specially Designed Jewelry Box.
★ Have your own custom design? Send us a message and we will make it for you exactly how you want it to be:))
★ All our gemstones are 100% natural.

Visit links: For Other Design
https://vamijewells.etsy.com

Please Pay more attention to the Jewelry Care Tips:
★ Do not use chemical jewelry cleaners.
★ Gently polish with a soft, lint-free cloth.
★ Store your jewelry in a cool dry place.
★ Do not wear it to the pool, spa, or the beach.
★ Avoid contact with perfumes, body oils, and other chemicals, including household cleaners.
★ Remove when sleeping, exercising, or doing other physically strenuous activities.

Custom Order:
★ Please Noted that Once Custom Order has been Arranged for Production, Cancellation is not Allowed because all the Materials has been Prepared well for your Jewelry Making. Hope to get Your highly Understand! There are NO returns on custom Jewelry Thanks So Much!

Feedback:
★ If you have any problem with your order or you are not satisfied with your order please feel free to contact us and allow us to resolve your problem. But please do not leave negative or neutral feedback before contacting us.",450.99,USD,5,"bridal_bracelet,anniversary_gift,birthstone_jewelry,statement_bracelet,silver_bracelet,925_Bracelet,luxury_bracelet,engagement_gift,Handcrafted_Jewelry,adjustable_bracelet,Birthstone_bracelet,blue_stone_bracelet,Iolite_Bracelet","Iolite,Stone,Sterling silver",https://i.etsystatic.com/24638998/r/il/474a9b/7050715822/il_fullxfull.7050715822_asst.jpg,https://i.etsystatic.com/24638998/r/il/623636/7098676939/il_fullxfull.7098676939_1xmm.jpg,https://i.etsystatic.com/24638998/r/il/e2a099/7050714194/il_fullxfull.7050714194_d0ec.jpg,https://i.etsystatic.com/24638998/r/il/64160d/7050714196/il_fullxfull.7050714196_up5v.jpg,https://i.etsystatic.com/24638998/r/il/8a107e/7050714210/il_fullxfull.7050714210_1dbj.jpg,https://i.etsystatic.com/24638998/r/il/7f5a42/7098676905/il_fullxfull.7098676905_encw.jpg,https://i.etsystatic.com/24638998/r/il/aa4d89/6812623953/il_fullxfull.6812623953_cgcl.jpg,https://i.etsystatic.com/24638998/r/il/2d1957/6812525709/il_fullxfull.6812525709_8qbv.jpg,,,Length,"Bracelet length","7,7.5,8,8.5,9,9.5,10",,,,K-995
"Natural Carved Moonstone Halo Ring, 925 Sterling Silver Pave Diamond Statement Jewelry","Natural Carved Moonstone Diamond Ring | 925 Sterling Silver Pavé Halo Jewelry | Handmade Moonstone Statement Ring | Anniversary Gift for Her

PRODUCT SPECIFICATIONS

Main Stone: Natural Carved Moonstone – 9.42 carats

Secondary Stones: Natural Diamonds – 1.10 carats (Pavé Set)

Metal: 925 Sterling Silver with Rhodium Plating

Design: Hand-Carved Oval Moonstone with Double Diamond Halo

Style: Statement, Halo, Cocktail, Handmade Jewelry

DESCRIPTION

This Natural Carved Moonstone Diamond Halo Ring is a breathtaking fusion of artistry, craftsmanship, and ethereal beauty. The centerpiece features a stunning 9.42-carat hand-carved moonstone, glowing with a mystical blue sheen that shifts beautifully with the light. Surrounding this enchanting gemstone is a luxurious 1.10-carat pavé diamond halo, arranged in a radiant double-layered design that adds brilliance, texture, and timeless elegance.

Crafted in premium 925 sterling silver with rhodium plating, this ring combines a soft celestial glow with glamorous diamond sparkle. The intricate floral carving on the moonstone makes each piece completely unique, while the halo setting enhances its ethereal charm. Perfect as a cocktail statement ring, heirloom piece, or everyday luxury accessory, this handcrafted moonstone design is a true collector’s treasure.

💝 PERFECT GIFT OCCASIONS

This exquisite moonstone ring makes a romantic gift for a wedding, a unique engagement gift, or a magical surprise for your fiancé or fiancée. It is also perfect as an anniversary celebration gift or an elegant birthday gift for her, whether for your wife, girlfriend, sister, daughter, mom, or best friend. It shines beautifully as a thoughtful Valentine’s Day gift, a meaningful Mother’s Day present, or a luxurious keepsake for Christmas and New Year. Beyond festive moments, it makes a memorable graduation gift, promotion or achievement gift, or a special piece for the mother of the bride or groom. And when you simply want to express warmth or appreciation, it becomes the perfect “just because,” “thinking of you,” or “thank you” gift, celebrating emotion and beauty in the most elegant way.


Ideal for those seeking natural moonstone jewelry, carved moonstone rings, diamond halo statement pieces, and 925 sterling silver gemstone rings, this design is perfect for lovers of rainbow moonstone glow, handmade artisan rings, boho chic gemstone jewelry, and luxury cocktail rings. It is an excellent choice for shoppers looking for anniversary gifts, engagement alternatives, June birthstone jewelry, unique moonstone designs, hand-carved gemstones, or high-end statement rings for women.

Crafted using genuine natural carved moonstone, sparkling natural diamonds, and solid 925 sterling silver, this ring is finished with premium rhodium plating for enhanced shine and durability. The moonstone is expertly hand-carved to reveal delicate floral details, while the diamonds are meticulously micro-set within the halo. Every detail reflects high-quality handcrafted workmanship, blending artistry, brilliance, and timeless elegance.






★ This Jewelry comes with a Specially Designed Jewelry Box.
★ Have your own custom design? Send us a message and we will make it for you exactly how you want it to be:))
★ All our gemstones are 100% natural.

Visit links: For Other Design
https://vamijewells.etsy.com

Please Pay more attention to the Jewelry Care Tips:
★ Do not use chemical jewelry cleaners.
★ Gently polish with a soft, lint-free cloth.
★ Store your jewelry in a cool dry place.
★ Do not wear it to the pool, spa, or the beach.
★ Avoid contact with perfumes, body oils, and other chemicals, including household cleaners.
★ Remove when sleeping, exercising, or doing other physically strenuous activities.

Custom Order:
★ Please Noted that Once Custom Order has been Arranged for Production, Cancellation is not Allowed because all the Materials has been Prepared well for your Jewelry Making. Hope to get Your highly Understand! There are NO returns on custom Jewelry Thanks So Much!

Feedback:
★ If you have any problem with your order or you are not satisfied with your order please feel free to contact us and allow us to resolve your problem. But please do not leave negative or neutral feedback before contacting us.",1050.99,USD,5,"925_silver_ring,Unique_silver_ring,Handmade_jewelry,Luxury_jewelry,Halo_Diamond_Ring,Engagement_Ring,Anniversary_Gift,silver_jewelry,stackable_rings,Moonstone_Ring,White_Stone_Ring,Minimalist_Ring,graduation_gift","Sterling silver,Moonstone,Diamond,Moonstone",https://i.etsystatic.com/24638998/r/il/6709ee/7436685788/il_fullxfull.7436685788_5yj5.jpg,https://i.etsystatic.com/24638998/r/il/6f81aa/7484604187/il_fullxfull.7484604187_rtp9.jpg,https://i.etsystatic.com/24638998/r/il/3a30cc/7436684756/il_fullxfull.7436684756_sx9u.jpg,https://i.etsystatic.com/24638998/r/il/eda525/7484604191/il_fullxfull.7484604191_bdlg.jpg,https://i.etsystatic.com/24638998/r/il/5225cb/7436684758/il_fullxfull.7436684758_b39z.jpg,https://i.etsystatic.com/24638998/r/il/51e985/7484604185/il_fullxfull.7484604185_q6uz.jpg,https://i.etsystatic.com/24638998/r/il/56b91e/7436684762/il_fullxfull.7436684762_ps6u.jpg,https://i.etsystatic.com/24638998/r/il/5869c3/7436684760/il_fullxfull.7436684760_t0cq.jpg,https://i.etsystatic.com/24638998/r/il/2d1957/6812525709/il_fullxfull.6812525709_8qbv.jpg,https://i.etsystatic.com/24638998/r/il/aa4d89/6812623953/il_fullxfull.6812623953_cgcl.jpg,"Ring size","Ring size","5,5 1/4,5 1/2,5 3/4,6,6 1/4,6 1/2,6 3/4,7,7 1/4,7 1/2,7 3/4,8,8 1/4,8 1/2,8 3/4,9,9 1/4,9 1/2,9 3/4,10,10 1/4,10 1/2,10 3/4,11,11 1/4,11 1/2,11 3/4,12,12 1/4,12 1/2,12 3/4,13,13 1/4,13 1/2,13 3/4,14,14 1/4,14 1/2,14 3/4,15,15 1/4,15 1/2,15 3/4,16",,,,K-1822
"Natural Rainbow Sapphire Diamond Dangle Earrings, 925 Sterling Silver Cluster Statement Jewelry","Natural Rainbow Sapphire Diamond Dangle Earrings | 925 Sterling Silver Multi-Color Cluster Jewelry | Long Statement Sapphire Drop Earrings | Anniversary Gift for Her

PRODUCT SPECIFICATIONS

Main Stones: Natural Multi-Color Sapphires – 19.21 carats (Pear, Oval & Round Cuts)

Secondary Stones: Natural Diamonds – 1.52 carats (Pavé Set)

Metal: 925 Sterling Silver with Rhodium Plating

Design: Cascading Rainbow Sapphire Cluster with Diamond Accents

Style: Dangle, Cluster, Halo, Cocktail, Handmade Luxury Jewelry

Length: Approx. 7.0 cm

DESCRIPTION

These Natural Rainbow Sapphire Diamond Dangle Earrings are a breathtaking celebration of color, sparkle, and fine craftsmanship. Featuring an extraordinary 19.21 carats of multi-color natural sapphires, each earring displays a cascading arrangement of pear, oval, and round sapphires in vibrant shades of blue, yellow, purple, pink, orange, and green. Every gemstone is uniquely placed to form a flowing, vine-inspired silhouette. Surrounding the sapphires is a dazzling 1.52-carat pavé diamond halo, adding brilliance, fire, and luxurious dimension to the design.

Handcrafted in 925 sterling silver with a radiant rhodium finish, these earrings bring together movement, elegance, and high-end glamour. Their long, graceful shape and rich rainbow sparkle make them perfect for weddings, red-carpet events, gala evenings, or anyone who loves dramatic statement jewelry. This pair is a true collectible — bold, artistic, and unforgettable.

💝 PERFECT GIFT OCCASIONS


These stunning rainbow sapphire earrings make an unforgettable gift for a wedding, a heartfelt engagement gift, or a romantic surprise for your fiancé or fiancée. They are ideal as an anniversary celebration gift or a vibrant birthday gift for her, whether for your wife, girlfriend, sister, daughter, mom, or best friend. They also shine wonderfully as a luxurious Valentine’s Day gift, a meaningful Mother’s Day present, or an exquisite keepsake for Christmas and New Year. Outside festive occasions, they make a memorable graduation gift, promotion or achievement gift, or a stylish piece for the mother of the bride or groom. And when you simply want to celebrate love, beauty, or appreciation, they become the perfect “just because,” “thinking of you,” or “thank you” gift, capturing emotion in the most beautiful form.

✨ SEO-TAG PARAGRAPH

Perfect for shoppers seeking rainbow sapphire earrings, multi-color gemstone jewelry, and pavé diamond dangle earrings, this design is ideal for lovers of 925 sterling silver earrings, long statement drops, handmade gemstone pieces, and luxury cocktail earrings. These earrings are also excellent for buyers looking for anniversary gifts, wedding earrings, bridal gemstone jewelry, cluster sapphire designs, September birthstone gifts, colorful statement jewelry, and unique artisan-crafted sapphire earrings.


Expertly crafted using genuine multi-color natural sapphires, brilliant natural diamonds, and solid 925 sterling silver, these earrings feature premium rhodium plating for lasting shine and durability. Each gemstone is meticulously hand-set — sapphires polished to vibrant brilliance and diamonds micro-set for maximum sparkle. The entire design is brought together with refined handcrafted workmanship, showcasing luxury, precision, and exceptional artistry.",1750.99,USD,5,"Long_Gem_Earrings,Bridal_Earrings,Wedding_Jewelry,Luxury_Jewelry,Party_Earrings,India_Jewelry,Sapphire_Earrings,Fancy_Earrings,925_Silver_Earrings,statement_earrings,graduation_gift,multi_stone_jewelry,sapphire_earring","Stone,Sapphire,Diamond,Sterling silver,Sapphire",https://i.etsystatic.com/24638998/r/il/7938e4/7484475485/il_fullxfull.7484475485_69vx.jpg,https://i.etsystatic.com/24638998/r/il/be2a3b/7436555294/il_fullxfull.7436555294_hrt1.jpg,https://i.etsystatic.com/24638998/r/il/7f3240/7484474965/il_fullxfull.7484474965_7d5f.jpg,https://i.etsystatic.com/24638998/r/il/afe609/7436555284/il_fullxfull.7436555284_17yl.jpg,https://i.etsystatic.com/24638998/r/il/83bfac/7436555298/il_fullxfull.7436555298_omez.jpg,https://i.etsystatic.com/24638998/r/il/2df9de/7484474963/il_fullxfull.7484474963_ngeg.jpg,https://i.etsystatic.com/24638998/r/il/fed1a5/7436555288/il_fullxfull.7436555288_q03n.jpg,https://i.etsystatic.com/24638998/r/il/aa4d89/6812623953/il_fullxfull.6812623953_cgcl.jpg,https://i.etsystatic.com/24638998/r/il/2d1957/6812525709/il_fullxfull.6812525709_8qbv.jpg,,,,,,,,K-1823
"Sterling Silver Tourmaline Diamond Ring, Pave Cocktail Statement Ring","Natural Tourmaline Diamond Ring, Pave Diamond Cocktail Ring, Sterling Silver Tourmaline Ring, Statement Ring, Silver Jewelry Gift for Her

Product Specifications:

Main Stone: Natural Tourmaline (1.38 carats)

Accent Stones: Natural Diamonds (0.42 carats, pave set)

Metal: Sterling Silver

Finish: Rhodium Plated

Style: Cocktail Statement Ring

Craftsmanship: Handcrafted, Superior Detailing

Occasion: Gift for Her, Special Occasions, Statement Jewelry

Packaging: Elegant, Gift-Ready Box

Description:

Make an unforgettable impression with this stunning Natural Tourmaline Diamond Cocktail Ring, meticulously handcrafted in luminous sterling silver and finished with radiant rhodium plating for a timeless shine. This exquisite ring showcases 1.38 carats of rich, fiery tourmaline gemstones, each encircled by a sparkling halo of 0.42 carats of pave-set natural diamonds, creating a captivating play of brilliance and color.

Designed as a true statement piece, this cocktail ring is perfect for celebrations, parties, or elevating your everyday style. The elegant design and handcrafted artistry ensure a comfortable fit and enduring sophistication, making it an ideal gift for birthdays, anniversaries, or simply to show her how much she means to you.

Arriving in an elegant, gift-ready box, this silver jewelry piece is ready to delight from the very first moment. Celebrate her individuality and sense of style with a ring that is as radiant and unique as she is.

★ This Jewelry comes with a Specially Designed Jewelry Box.
★ Have your own custom design? Send us a message and we will make it for you exactly how you want it to be:))
★ All our gemstones are 100% natural.

Visit links: For Other Design
https://vamijewells.etsy.com

Please Pay more attention to the Jewelry Care Tips:
★ Do not use chemical jewelry cleaners.
★ Gently polish with a soft, lint-free cloth.
★ Store your jewelry in a cool dry place.
★ Do not wear it to the pool, spa, or the beach.
★ Avoid contact with perfumes, body oils, and other chemicals, including household cleaners.
★ Remove when sleeping, exercising, or doing other physically strenuous activities.

Custom Order:
★ Please Noted that Once Custom Order has been Arranged for Production, Cancellation is not Allowed because all the Materials has been Prepared well for your Jewelry Making. Hope to get Your highly Understand! There are NO returns on custom Jewelry Thanks So Much!

Feedback:
★ If you have any problem with your order or you are not satisfied with your order please feel free to contact us and allow us to resolve your problem. But please do not leave negative or neutral feedback before contacting us.",517.93,USD,4,"925_silver_ring,Unique_silver_ring,Handmade_jewelry,Luxury_jewelry,Halo_Diamond_Ring,Engagement_Ring,Anniversary_Gift,silver_jewelry,Free_Shipping,Minimalist_Ring,stackable_ring,Tourmaline_Ring,brown_stone_ring","Silver,Sterling silver,Stone,Tourmaline",https://i.etsystatic.com/24638998/r/il/f30c60/7082374210/il_fullxfull.7082374210_s5x3.jpg,https://i.etsystatic.com/24638998/r/il/d70ad0/7082373834/il_fullxfull.7082373834_paye.jpg,https://i.etsystatic.com/24638998/r/il/422c0f/7130318897/il_fullxfull.7130318897_8jw9.jpg,https://i.etsystatic.com/24638998/r/il/a3e2b9/7130318899/il_fullxfull.7130318899_hs83.jpg,https://i.etsystatic.com/24638998/r/il/aa4d89/6812623953/il_fullxfull.6812623953_cgcl.jpg,https://i.etsystatic.com/24638998/r/il/2d1957/6812525709/il_fullxfull.6812525709_8qbv.jpg,,,,,"Ring size","Ring size","5,5 1/4,5 1/2,5 3/4,6,6 1/4,6 1/2,6 3/4,7,7 1/4,7 1/2,7 3/4,8,8 1/4,8 1/2,8 3/4,9,9 1/4,9 1/2,9 3/4,10,10 1/4,10 1/2,10 3/4,11,11 1/4,11 1/2,11 3/4,12,12 1/4,12 1/2,12 3/4,13,13 1/4,13 1/2,13 3/4,14,14 1/4,14 1/2,14 3/4,15,15 1/4,15 1/2,15 3/4,16",,,,K-1043
"Natural Peridot Tennis Bracelet, 925 Sterling Silver Green Stone Cluster Jewelry","Natural Peridot Tennis Bracelet | 925 Sterling Silver Green Stone Cluster Jewelry | Handmade Statement Gift for Her
✨ Product Specifications

Main Stone: Natural Peridot

Metal: 925 Sterling Silver (Rhodium Plated)

Design: Multi-Stone Cluster / Tennis Bracelet Style

Style: Elegant, Statement, Handmade Green Gemstone Jewelry

✨ Description

This stunning Natural Peridot Tennis Bracelet glows with vibrant green brilliance, featuring a rich cluster of expertly matched gemstones that shimmer beautifully across the wrist. Each peridot is carefully handset in premium 925 Sterling Silver Rhodium Plated metal, creating a luminous, high-end finish that enhances the stone’s fresh, lively color. The flowing cluster design offers the perfect blend of elegance and bold sparkle, making it a standout accessory for both everyday luxury and special occasions.

Handcrafted with precision and artistry, this peridot bracelet is ideal for women who adore colorful gemstones and refined silver jewelry. Its radiant green hue brings a refreshing touch of nature-inspired beauty, making it a thoughtful gift for birthdays, anniversaries, or any meaningful celebration. Whether worn alone or paired with matching peridot pieces, this bracelet adds an instant touch of sophistication and charm.

Perfect for shoppers searching for natural peridot bracelets, green stone tennis bracelets, sterling silver gemstone jewelry, handmade cluster bracelets, peridot statement jewelry, luxury gifts for her, August birthstone accessories, or vibrant green gemstone pieces. Ideal for buyers seeking elegant everyday bracelets, cocktail jewelry, or premium handcrafted silver jewelry.

This bracelet is crafted with natural peridot gemstones, handset in solid 925 sterling silver with a durable, high-shine rhodium plated finish that enhances brilliance and long-lasting quality.

Exclusively by Vamika Jewels — Where Every Gem Tells a Story, and Every Design Is Made to Be Remembered.

★ This Jewelry comes with a Specially Designed Jewelry Box.
★ Have your own custom design? Send us a message and we will make it for you exactly how you want it to be:))
★ All our gemstones are 100% natural.

Visit links: For Other Design
https://vamijewells.etsy.com

Please Pay more attention to the Jewelry Care Tips:
★ Do not use chemical jewelry cleaners.
★ Gently polish with a soft, lint-free cloth.
★ Store your jewelry in a cool dry place.
★ Do not wear it to the pool, spa, or the beach.
★ Avoid contact with perfumes, body oils, and other chemicals, including household cleaners.
★ Remove when sleeping, exercising, or doing other physically strenuous activities.

Custom Order:
★ Please Noted that Once Custom Order has been Arranged for Production, Cancellation is not Allowed because all the Materials has been Prepared well for your Jewelry Making. Hope to get Your highly Understand! There are NO returns on custom Jewelry Thanks So Much!

Feedback:
★ If you have any problem with your order or you are not satisfied with your order please feel free to contact us and allow us to resolve your problem. But please do not leave negative or neutral feedback before contacting us.",550.99,USD,5,"diamond_bracelet,bridal_bracelet,anniversary_gift,birthstone_jewelry,statement_bracelet,silver_bracelet,luxury_bracelet,engagement_gift,wedding_gift,birthday_gift,multi_stone_bracelet,green_stone_bracelet,Peridot_Bracelet","Peridot,Stone,Sterling silver,Peridot",https://i.etsystatic.com/24638998/r/il/b889b9/7534211115/il_fullxfull.7534211115_5lke.jpg,https://i.etsystatic.com/24638998/r/il/9ea925/7534211121/il_fullxfull.7534211121_lfyb.jpg,https://i.etsystatic.com/24638998/r/il/418d8c/7486282162/il_fullxfull.7486282162_3x3l.jpg,https://i.etsystatic.com/24638998/r/il/596d3f/7534211111/il_fullxfull.7534211111_g5ah.jpg,https://i.etsystatic.com/24638998/r/il/4e5e06/7534211113/il_fullxfull.7534211113_4411.jpg,https://i.etsystatic.com/24638998/r/il/490a3c/7534211119/il_fullxfull.7534211119_m225.jpg,https://i.etsystatic.com/24638998/r/il/8109e0/7534211117/il_fullxfull.7534211117_3wzj.jpg,https://i.etsystatic.com/24638998/r/il/bb4240/7486282166/il_fullxfull.7486282166_bvex.jpg,https://i.etsystatic.com/24638998/r/il/aa4d89/6812623953/il_fullxfull.6812623953_cgcl.jpg,https://i.etsystatic.com/24638998/r/il/2d1957/6812525709/il_fullxfull.6812525709_8qbv.jpg,Length,"Bracelet length","6,6.5,7,7.50,8,8.50,9,9.5,10",,,,K-2037
"Natural Multi Tourmaline Statement Jewelry Set, 925 Sterling Silver Cluster Ring Earring","Natural Multi Tourmaline Statement Jewelry Set | 925 Sterling Silver Cluster Ring & Earrings | Handmade Multi-Stone Gift for Her
 Product Specifications

Main Stones: Natural Multi Tourmaline

Accent Detailing: Micro-set White Topaz

Metal: 925 Sterling Silver (Rhodium Plated)

Set Includes: Matching Ring & Earrings

Design: Floral Cluster Arrangement with Multi-Color Gemstones

Style: Cocktail, Vintage-Inspired, Handmade Statement Jewelry

 Description

This exquisite Natural Multi Tourmaline Jewelry Set bursts with vibrant color and luxurious craftsmanship, showcasing a mesmerizing floral cluster design that radiates elegance from every angle. Each gemstone glows with its own unique hue—pink, green, golden, peach, and deep wine tones—coming together in a dazzling display of brilliance around a richly colored central tourmaline. Hand-set in premium 925 Sterling Silver Rhodium Plated metal, the shimmering accents and vivid multi-stone halo create a striking, high-end look perfect for collectors and lovers of artistic, colorful jewelry.

The matching ring and earrings offer a bold yet refined statement, blending sophistication with playful gemstone charm. Whether styled together for maximum impact or worn individually for a touch of everyday glamour, this handcrafted tourmaline set is timeless, radiant, and irresistibly unique—ideal for anyone who loves jewelry that feels joyful, luxurious, and full of personality.

Perfect for shoppers looking for natural multi tourmaline jewelry, handmade tourmaline ring and earring sets, floral cluster jewelry, colorful gemstone statement pieces, 925 sterling silver rhodium plated sets, unique cocktail jewelry, or a vibrant anniversary gift for her. Ideal for buyers searching for gemstone cluster rings, multi-stone earrings, handmade silver jewelry, or luxury gifts for wife, girlfriend, mom, sister, or best friend.

This luxurious jewelry set is crafted from premium natural multi tourmaline gemstones, highlighted by sparkling white topaz accents, all meticulously set in solid 925 sterling silver with a durable, high-shine rhodium plated finish that enhances brilliance and ensures long-lasting elegance.",330.99,USD,5,"925_silver_ring,Vintage_ring,Unique_silver_ring,Handmade_jewelry,Statement_ring,Women_jewelry,Luxury_jewelry,Halo_jewelry,Wedding_Gift,Birthday_Gift,tourmaline_earrings,cocktail_jewelry,multi_stone_jewelry","Tourmaline,Stone,Sterling silver,Tourmaline",https://i.etsystatic.com/24638998/r/il/431318/7486157588/il_fullxfull.7486157588_kpmn.jpg,https://i.etsystatic.com/24638998/r/il/19a463/7534087055/il_fullxfull.7534087055_j6s7.jpg,https://i.etsystatic.com/24638998/r/il/db50c0/7534087049/il_fullxfull.7534087049_nxxb.jpg,https://i.etsystatic.com/24638998/r/il/a63481/7534087047/il_fullxfull.7534087047_fpg8.jpg,https://i.etsystatic.com/24638998/r/il/3583a5/7486157590/il_fullxfull.7486157590_lpyo.jpg,https://i.etsystatic.com/24638998/r/il/d973e2/7486157586/il_fullxfull.7486157586_h4fb.jpg,https://i.etsystatic.com/24638998/r/il/aa4d89/6812623953/il_fullxfull.6812623953_cgcl.jpg,https://i.etsystatic.com/24638998/r/il/2d1957/6812525709/il_fullxfull.6812525709_8qbv.jpg,,,"Custom Property",Style,"Earrings,Ring,Full Set","Custom Property","Ring Size","NA FOR EARRINGS,5 US,5.25 US,5.75 US,6 US,6.25 US,6.50 US,6.75 US,7 US,7.25 US,7.50 US,7.75 US,8 US,8.25 US,8.50 US,8.75 US,9 US,9.25 US,9.50 US,9.75 US,10 US,10.25 US,10.50 US,10.75 US,11 US,11.25 US,11.50 US,11.75 US,12 US,12.25 US,12.50 US,12.75 US,13 US,13.25 US,13.50 US,13.75 US,14 US,14.25 US,14.50 US,14.75 US,15 US,15.25 US,15.50 US,15.75 US,16 US",K-2041
"Natural Moonstone Ring Earring Set, 925 Sterling Silver Rhodolite Garnet & Blue Topaz Statement Jewelry","✨ Natural Moonstone Ring & Earring Set | 925 Sterling Silver Multi-Stone Jewelry | Rhodolite Garnet & Blue Topaz Halo | Handmade Statement Gift for Her
✨ Product Specifications

Main Stone: Natural Moonstone
Accent Stones: Rhodolite Garnet, Blue Topaz
Metal: 925 Sterling Silver (Rhodium Plated with Gold Highlights)
Set Includes: Matching Ring & Earrings
Design: Vintage-Inspired Halo with Multi-Stone Cluster
Style: Cocktail, Statement, Handmade Jewelry

✨ Description

This Natural Moonstone Ring & Earring Set captures the enchanting glow of moonlight with its soft, mystical sheen that dances beautifully across each gemstone. The luminous moonstone is framed by a rich cluster of rhodolite garnet and sparkling blue topaz, creating a vibrant halo of color and brilliance. Crafted in 925 sterling silver with elegant rhodium plating and subtle gold accents, this design blends vintage charm with modern artistry, offering a radiant and luxurious finish.

The matching ring and earrings come together as a striking statement set—perfect for gemstone lovers who appreciate bold, handcrafted jewelry with character and sophistication. Whether worn as a complete ensemble for special occasions or individually for everyday elegance, this multi-stone Moonstone set expresses timeless beauty, feminine grace, and artisanal craftsmanship.

💝 Perfect Gift Occasions

This exquisite moonstone jewelry set makes a meaningful and memorable gift for a wedding, an elegant engagement gift, or a heartfelt surprise for your fiancé or fiancée. It is an ideal anniversary gift or birthday gift for her—perfect for your wife, girlfriend, sister, daughter, mom, or best friend. The dreamy glow of moonstone makes it especially fitting for Valentine’s Day, Mother’s Day, Christmas, and New Year celebrations.

Beyond holidays, it serves beautifully as a graduation gift, promotion gift, or appreciation gift, and is a lovely choice for bridesmaids or the mother of the bride or groom. When you simply wish to express love, admiration, or gratitude, it becomes the perfect “just because,” “thinking of you,” or “thank you” gift that brings joy to every cherished moment.

This handcrafted gemstone set is perfect for anyone searching for natural moonstone jewelry, a bold moonstone ring and earring set, or unique multi-stone sterling silver designs. Featuring rhodolite garnet and blue topaz accents, it appeals to buyers looking for handmade cluster jewelry, halo gemstone styles, and statement cocktail sets. It is ideal for those shopping for an anniversary gift for her, a romantic gift for wife or girlfriend, or a distinctive wedding and engagement gift, making this listing highly searchable and attractive on Etsy.

This luxurious jewelry set is crafted using premium natural moonstone, accented with vibrant rhodolite garnet and sparkling blue topaz, all meticulously set in solid 925 sterling silver. The rhodium-plated finish with delicate gold detailing enhances durability, brilliance, and artisanal character, offering a refined high-end look that reflects exceptional craftsmanship.",202.99,USD,5,"Floral_Jewelry,Bridal_Set,Ring_Earrings,Daily_Jewelry,925_Silver_Earrings,925_Silver_RIng,Silver_Ring_925,Anniversary_Gift,Mothers_Day_Gift,Wedding_Gift,amethyst_Jewelry_Set,Earring_Ring_sets,White_Stone_Jewelry","Rhodolite,Topaz,Moonstone,Sterling silver,Silver,Moonstone",https://i.etsystatic.com/24638998/r/il/6e6eaa/7533912489/il_fullxfull.7533912489_46tg.jpg,https://i.etsystatic.com/24638998/r/il/99a077/7485978894/il_fullxfull.7485978894_dhat.jpg,https://i.etsystatic.com/24638998/r/il/b7510f/7533910083/il_fullxfull.7533910083_5z3s.jpg,https://i.etsystatic.com/24638998/r/il/4aac73/7485978890/il_fullxfull.7485978890_ppgu.jpg,https://i.etsystatic.com/24638998/r/il/ddf48b/7485978892/il_fullxfull.7485978892_n4n8.jpg,https://i.etsystatic.com/24638998/r/il/b26382/7533910075/il_fullxfull.7533910075_ecni.jpg,https://i.etsystatic.com/24638998/r/il/cc0772/7485978886/il_fullxfull.7485978886_6dno.jpg,https://i.etsystatic.com/24638998/r/il/08dd9c/6920670029/il_fullxfull.6920670029_erfu.jpg,https://i.etsystatic.com/24638998/r/il/2d1957/6812525709/il_fullxfull.6812525709_8qbv.jpg,,"Custom Property",Style,"Ring,Earrings,Full Set","Custom Property","Ring Size","NA FOR EARRINGS,5 US,5 1/4 US,5 1/2 US,6 US,6 1/4 US,6 1/2 US,7 US,7 1/4 US,7 1/2 US,8 US,8 1/4 US,8 1/2 US,9 US,9 1/4 US,9 1/2 US,10 US,10 1/4 US,10 1/2 US,11 US,11 1/4 US,11 1/2 US,12 US,12 1/4 US,12 1/2 US,13 US,13 1/4 US,13 1/2 US,14 US,14 1/4 US,14 1/2 US,15 US,15 1/4 US,15 1/2 US,16 US",K-2039
"Natural Amethyst Sapphire Halo Ring Earring Set – 925 Sterling Silver Multi Stone Cluster Jewelry","Natural Amethyst & Sapphire Halo Ring Earring Set | 925 Sterling Silver Multi-Stone Cluster Jewelry | Handmade February Birthstone Gift

Product Specifications

Main Stones: Natural Amethyst – Oval Cut

Accent Stones: Black Sapphires + White Sapphires

Metal: 925 Sterling Silver (Rhodium Plated)

Set Includes: Matching Ring & Earrings

Design: Multi-Stone Halo Cluster Setting

Style: Vintage Inspired, Cocktail, Handmade Jewelry

Description

This Natural Amethyst & Sapphire Halo Ring and Earring Set is a striking blend of elegance and dramatic beauty. Featuring rich, deep-violet oval amethysts, each piece is surrounded by a bold halo of shimmering white sapphires and contrasting black sapphires that create a stunning vintage-inspired frame. Expertly crafted in 925 sterling silver with a high-polished rhodium finish, the design highlights the brilliance of the gemstones while offering durability and sophistication.

The matching ring and earrings create a harmonious, luxurious look — perfect for evening events, special celebrations, or adding an elevated touch to everyday style. With its regal color combination and handcrafted detailing, this set captures timeless charm and refined artistry, making it a treasured addition to any fine jewelry collection.

💝 Perfect Gift Occasions

This exquisite amethyst and sapphire jewelry set makes a memorable gift for a wedding, a thoughtful engagement gift, or a romantic surprise for your fiancé or fiancée. It is a beautiful choice for an anniversary celebration or a meaningful birthday gift for her, whether you're gifting your wife, girlfriend, sister, daughter, mom, or best friend. Perfect for festive moments, it shines as a cherished Valentine’s Day gift, a heartfelt Mother’s Day present, or an elegant keepsake for Christmas and New Year. Beyond holidays, it makes an ideal graduation gift, promotion or achievement gift, and a lovely gesture for bridesmaids or the mother of the bride or groom. And when you simply want to express love or gratitude, it serves wonderfully as a “just because,” “thinking of you,” or “thank you” gift, making every moment truly special.


This luxurious gemstone set is perfect for those searching for natural amethyst jewelry, a vintage-style amethyst ring and earrings, or a unique February birthstone gift. Designed as an elegant sterling silver jewelry set with sapphire accents, it’s ideal for anyone seeking handmade halo jewelry, cluster gemstone designs, or a bold cocktail jewelry set. It also works beautifully as an anniversary gift for her, a meaningful gift for wife or girlfriend, or a sophisticated wedding or engagement gift, making it a versatile and highly searchable Etsy listing.

This handcrafted jewelry set is made with premium natural amethyst, accented by shimmering white sapphires and bold black sapphires, all set in solid 925 sterling silver with a protective rhodium plating. Each stone is meticulously placed in a fine halo setting, reflecting exceptional craftsmanship and luxurious detail in every piece.",180.99,USD,5,"Floral_Jewelry,Bridal_Set,Ring_Earrings,Daily_Jewelry,925_Silver_Earrings,925_Silver_RIng,Silver_Ring_925,Anniversary_Gift,Mothers_Day_Gift,Wedding_Gift,amethyst_Jewelry_Set,Sapphire_Jewelry,blue_stone_jewelry","Amethyst,Silver,Sterling silver,Amethyst,Sapphire",https://i.etsystatic.com/24638998/r/il/f5c03c/7527528047/il_fullxfull.7527528047_f8h2.jpg,https://i.etsystatic.com/24638998/r/il/c0463a/7527527723/il_fullxfull.7527527723_9dz5.jpg,https://i.etsystatic.com/24638998/r/il/a43c9b/7527527731/il_fullxfull.7527527731_558f.jpg,https://i.etsystatic.com/24638998/r/il/a04988/7527527729/il_fullxfull.7527527729_sqb5.jpg,https://i.etsystatic.com/24638998/r/il/c84e67/7527527725/il_fullxfull.7527527725_2yrm.jpg,https://i.etsystatic.com/24638998/r/il/c76e02/7527527727/il_fullxfull.7527527727_i5l4.jpg,https://i.etsystatic.com/24638998/r/il/08dd9c/6920670029/il_fullxfull.6920670029_erfu.jpg,https://i.etsystatic.com/24638998/r/il/2d1957/6812525709/il_fullxfull.6812525709_8qbv.jpg,,,"Custom Property",Style,"Ring,Earrings,Full Set","Custom Property","Ring Size","NA FOR EARRINGS,5 US,5 1/4 US,5 1/2 US,6 US,6 1/4 US,6 1/2 US,7 US,7 1/4 US,7 1/2 US,8 US,8 1/4 US,8 1/2 US,9 US,9 1/4 US,9 1/2 US,10 US,10 1/4 US,10 1/2 US,11 US,11 1/4 US,11 1/2 US,12 US,12 1/4 US,12 1/2 US,13 US,13 1/4 US,13 1/2 US,14 US,14 1/4 US,14 1/2 US,15 US,15 1/4 US,15 1/2 US,16 US",K-2059
"Natural Amethyst Chrome Diopside Earrings, 925 Sterling Silver Blue Topaz Pave Diamond Statement Jewelry","Natural Amethyst Chrome Diopside Diamond Earrings | 925 Sterling Silver London Blue Topaz Dangle Jewelry | Statement Multi-Stone Drop Earrings | Anniversary Gift for Her

PRODUCT SPECIFICATIONS

Main Stone: Natural Amethyst – 13.70 carats (Pear Cut)

Accent Stones: Chrome Diopside – 3.00 carats (Round Cut)

Secondary Stones: London Blue Topaz – 6.64 carats (Oval Cut)

Additional Stones: Natural Diamonds – 0.69 carats (Pavé Set)

Metal: 925 Sterling Silver with Rhodium Plating

Design: Multi-Stone Floral Motif with Pavé Diamond Halo

Style: Dangle, Statement, Cocktail, Handmade Jewelry

Length: 48 mm

DESCRIPTION

These Natural Amethyst Chrome Diopside & London Blue Topaz Diamond Earrings are a stunning celebration of color, luxury, and fine craftsmanship. Featuring a breathtaking 13.70-carat pair of pear-cut amethysts, each drop glows with rich purple brilliance, framed by vibrant chrome diopside accents that add fresh green sparkle. At the top sits a deep 6.64-carat London blue topaz, surrounded by a halo of diamonds that enhances its intense ocean-blue depth. Completing the design is a dazzling 0.69-carat pavé diamond array, adding unmistakable glamour and sophistication to the entire piece.

Handcrafted in premium 925 sterling silver with rhodium plating, these earrings showcase a graceful silhouette with elegant curves, perfect movement, and luxurious shine. Their dramatic design and meticulous gemstone arrangement make them ideal for weddings, galas, red-carpet evenings, and collectors of standout fine jewelry. These earrings are truly wearable art — bold, elegant, and absolutely unforgettable.

💝 PERFECT GIFT OCCASIONS

These exquisite multi-stone earrings make a breathtaking gift for a wedding, a romantic engagement gift, or an unforgettable surprise for your fiancé or fiancée. They are perfect as an anniversary celebration gift or a luxurious birthday gift for her, whether for your wife, girlfriend, sister, daughter, mom, or best friend. They also shine as a glamorous Valentine’s Day gift, a meaningful Mother’s Day present, or an elegant keepsake for Christmas and New Year. Beyond festive occasions, they are ideal as a graduation gift, promotion or achievement gift, or a standout piece for the mother of the bride or groom. And for moments of pure emotion, they make the perfect “just because,” “thinking of you,” or “thank you” gift, capturing love and appreciation in the most luxurious way.

✨ SEO-TAG PARAGRAPH

Perfect for lovers of natural amethyst earrings, chrome diopside jewelry, and London blue topaz designs, these earrings are ideal for anyone seeking diamond dangle earrings, statement gemstone drops, 925 sterling silver luxury jewelry, or handmade multi-stone earrings. They are a top choice for shoppers searching for anniversary gifts, wedding earrings, bridal statement jewelry, purple gemstone accessories, green diopside accents, blue topaz earrings, cocktail earrings, and exclusive artisan-crafted gemstone designs.

Crafted from premium natural amethyst, vibrant chrome diopside, deep London blue topaz, and sparkling natural diamonds, these earrings are set in high-quality 925 sterling silver and finished with durable rhodium plating. Every gemstone is expertly faceted and hand-set, with diamonds micro-set for maximum brilliance. The intricate workmanship and refined handcrafted finish highlight exceptional quality and artistic precision in every detail.",1610.99,USD,5,"925_Silver_Earrings,Sterling_Earrings,Handmade_Earrings,Silver_Gifts_for_her,Earrings_for_Women,Pave_Diamond_Earring,Blue_Drop_Earrings,Just_Because_Gift,Amethyst_Earrings,Purple_Earrings,Bridal_Jewelry,Topaz_Earrings,multi_stone_jewelry","Sterling silver,Topaz,Chrome,Diamond,Amethyst,Amethyst",https://i.etsystatic.com/24638998/r/il/ab5849/7484662119/il_fullxfull.7484662119_ehw2.jpg,https://i.etsystatic.com/24638998/r/il/44d76f/7436742144/il_fullxfull.7436742144_8n6u.jpg,https://i.etsystatic.com/24638998/r/il/16899b/7436742142/il_fullxfull.7436742142_ogsv.jpg,https://i.etsystatic.com/24638998/r/il/b961ce/7436742146/il_fullxfull.7436742146_7zf4.jpg,https://i.etsystatic.com/24638998/r/il/50130b/7436742150/il_fullxfull.7436742150_datu.jpg,https://i.etsystatic.com/24638998/r/il/572fe7/7436742148/il_fullxfull.7436742148_mz0k.jpg,https://i.etsystatic.com/24638998/r/il/aa4d89/6812623953/il_fullxfull.6812623953_cgcl.jpg,https://i.etsystatic.com/24638998/r/il/2d1957/6812525709/il_fullxfull.6812525709_8qbv.jpg,,,,,,,,,K-1805
"Natural Opal Statement Ring, Sterling Silver Kyanite, Orange Sapphire Jewelry","Natural Opal & Kyanite Ring | 925 Sterling Silver Multi-Stone Statement Ring with Orange Sapphires | Handmade Gift Jewelry for Her

Product Specifications:
Main Gemstone: Natural Opal (Cabochon Cut)

Accent Stones: Natural Kyanite & Orange Sapphires

Metal: Solid 925 Sterling Silver

Finish: Rhodium Plated (Anti-Tarnish)

Style: Bold Volumetric Design

Fit: Smooth & Comfortable on Finger

Craftsmanship: Artisan Handmade Jewelry

Occasion: Birthday Gift, Anniversary, Formal Wear, Cocktail Ring

Description:
Make a bold and luxurious statement with this Natural Opal and Kyanite multi-stone ring, a stunning example of handcrafted artistry and gemstone brilliance.

This designer piece features a luminous cabochon-cut natural opal, glowing with inner fire and subtle rainbow flashes. Framing the opal are sparkling royal blue kyanite gemstones and vibrant orange sapphires, all beautifully set in a shimmering pave layout. The volumetric design adds modern edge while sitting comfortably and securely on the finger, making it perfect for both occasional glamour and everyday luxury.

Crafted in solid 925 sterling silver and rhodium plated for lasting shine and durability, this is a ring that demands attention and admiration.

Whether you're looking for a multi-stone statement ring, a silver jewelry gift for her, or a unique cocktail ring, this one-of-a-kind creation promises unforgettable elegance.",1100.99,USD,5,"925_silver_ring,Vintage_ring,Unique_silver_ring,Statement_ring,Luxury_jewelry,Gemstone_Ring,Halo_Diamond_Ring,Engagement_Ring,Anniversary_Gift,Opal_RIng,wedding_gift,Sapphire_Ring,Kyanite_Ring","Sterling silver,Stone,Opal",https://i.etsystatic.com/24638998/r/il/b9fed1/7139374979/il_fullxfull.7139374979_rtxd.jpg,https://i.etsystatic.com/24638998/r/il/fd2527/7139367511/il_fullxfull.7139367511_8mys.jpg,https://i.etsystatic.com/24638998/r/il/441e91/7139367551/il_fullxfull.7139367551_kvqz.jpg,https://i.etsystatic.com/24638998/r/il/212945/7091412374/il_fullxfull.7091412374_6yyf.jpg,https://i.etsystatic.com/24638998/r/il/89ee71/7091412346/il_fullxfull.7091412346_b0ib.jpg,https://i.etsystatic.com/24638998/r/il/aa4d89/6812623953/il_fullxfull.6812623953_cgcl.jpg,https://i.etsystatic.com/24638998/r/il/2d1957/6812525709/il_fullxfull.6812525709_8qbv.jpg,,,,"Ring size","Ring size","5,5 1/4,5 1/2,5 3/4,6,6 1/4,6 1/2,6 3/4,7,7 1/4,7 1/2,7 3/4,8,8 1/4,8 1/2,8 3/4,9,9 1/4,9 1/2,9 3/4,10,10 1/4,10 1/2,10 3/4,11,11 1/4,11 1/2,11 3/4,12,12 1/4,12 1/2,12 3/4,13,13 1/4,13 1/2,13 3/4,14,14 1/4,14 1/2,14 3/4,15,15 1/4,15 1/2,15 3/4,16",,,,K-1060
"Natural Opal Diamond Ring, Sterling Silver Halo, Handmade Statement Ring","Natural Opal & Diamond Halo Ring | 11.4 Ct Opal Cocktail Ring in 925 Sterling Silver | Pave Diamond Statement Ring | Gift for Her

Product Specifications:
Main Stone: Natural Opal – 11.4 carats (Size: 20×15 mm)

Accent Stones: Natural Diamonds – 1.74 carats (Pave Setting)

Metal: Solid 925 Sterling Silver

Finish: Rhodium Plated for Long-Lasting Shine

Ring Style: Halo, Cocktail, Statement

Craftsmanship: Handmade with Fine Detailing

Occasion: Engagement, Anniversary, Birthday Gift, Special Event

Description:
Fall in love with the ethereal glow of this Natural Opal and Diamond Halo Ring, a true showstopper in every sense. At the heart of this piece lies an absolutely transparent 11.4 carat natural opal, measuring 20x15 mm, radiating intense opalescence with flashes of green, pink, and blue — like a galaxy captured in a gemstone.

The opal is gracefully encircled by a shimmering halo of 1.74 carats of natural pave-set diamonds, adding brilliance and vintage charm to this luxury statement ring. The band, crafted in solid 925 sterling silver and finished in rhodium plating, features a delicate split-shank design that adds to its regal elegance.

Perfect as a cocktail ring, engagement ring, or an unforgettable gift for her, this handmade piece brings together fine craftsmanship, natural beauty, and timeless sophistication.

✨ A collector’s treasure and a conversation starter — destined to be cherished forever.

★ This Jewelry comes with a Specially Designed Jewelry Box.
★ Have your own custom design? Send us a message and we will make it for you exactly how you want it to be:))
★ All our gemstones are 100% natural.

Visit links: For Other Design
https://vamijewells.etsy.com

Please Pay more attention to the Jewelry Care Tips:
★ Do not use chemical jewelry cleaners.
★ Gently polish with a soft, lint-free cloth.
★ Store your jewelry in a cool dry place.
★ Do not wear it to the pool, spa, or the beach.
★ Avoid contact with perfumes, body oils, and other chemicals, including household cleaners.
★ Remove when sleeping, exercising, or doing other physically strenuous activities.

Custom Order:
★ Please Noted that Once Custom Order has been Arranged for Production, Cancellation is not Allowed because all the Materials has been Prepared well for your Jewelry Making. Hope to get Your highly Understand! There are NO returns on custom Jewelry Thanks So Much!

Feedback:
★ If you have any problem with your order or you are not satisfied with your order please feel free to contact us and allow us to resolve your problem. But please do not leave negative or neutral feedback before contacting us.",1091.33,USD,5,"Opal_Diamond_Ring,925_Sterling_Silver,Statement_Ring,October_Birthstone,Ethiopian_Opal_Ring,Cocktail_Ring_Women,Oval_Opal_Jewelry,Scalloped_Halo_Ring,Anniversary_Gift,Large_Opal_Ring,Luxury_Silver_Gift,Handmade_Jewelry,Unique_Engagement","Silver,Sterling silver,Stone,Opal",https://i.etsystatic.com/24638998/r/il/36e21a/7091401656/il_fullxfull.7091401656_cvho.jpg,https://i.etsystatic.com/24638998/r/il/0605eb/7091401340/il_fullxfull.7091401340_ksje.jpg,https://i.etsystatic.com/24638998/r/il/702471/7139356289/il_fullxfull.7139356289_ilsc.jpg,https://i.etsystatic.com/24638998/r/il/8fc027/7091401350/il_fullxfull.7091401350_957p.jpg,https://i.etsystatic.com/24638998/r/il/aa4d89/6812623953/il_fullxfull.6812623953_cgcl.jpg,https://i.etsystatic.com/24638998/r/il/2d1957/6812525709/il_fullxfull.6812525709_8qbv.jpg,,,,,"Ring size","Ring size","5,5 1/4,5 1/2,5 3/4,6,6 1/4,6 1/2,6 3/4,7,7 1/4,7 1/2,7 3/4,8,8 1/4,8 1/2,8 3/4,9,9 1/4,9 1/2,9 3/4,10,10 1/4,10 1/2,10 3/4,11,11 1/4,11 1/2,11 3/4,12,12 1/4,12 1/2,12 3/4,13,13 1/4,13 1/2,13 3/4,14,14 1/4,14 1/2,14 3/4,15,15 1/4,15 1/2,15 3/4,16",,,,K-1059
"Natural Emerald Diamond Halo Ring, 925 Sterling Silver, Statement Ring","Natural Emerald Ring, Handmade Jewelry, May Birthstone Ring, 925 Sterling Silver Diamond Ring, Statement Ring, Wedding Gift for Women

Product Specifications:

Main Stone: Natural Emerald (6 carats, 10 mm)

Accent Stones: Natural Diamonds (0.63 carats, double halo)

Metal: 925 Sterling Silver

Finish: Rhodium Plated

Style: Statement Ring / Cocktail Ring

Craftsmanship: Handcrafted, Superior Detailing

Occasion: Wedding, May Birthstone, Luxury Gift

Packaging: Elegant, Gift-Ready Box

Description:

Step into timeless elegance with this exquisite Natural Emerald & Diamond Statement Ring, masterfully handcrafted in lustrous 925 Sterling Silver and finished with a luxurious rhodium plating for lasting brilliance. The centerpiece boasts a vivid 6-carat emerald gemstone (10 mm), encased in a double halo of sparkling natural diamonds totaling 0.63 carats—creating a look of unparalleled sophistication and glamour.

Perfect as a statement piece for weddings, special occasions, or as a meaningful May birthstone gift, this ring exudes classic luxury and contemporary charm. The harmonious blend of emerald and diamonds captures the essence of refined beauty, making it an unforgettable treasure for the woman who appreciates both style and substance.

Arriving in an elegant, gift-ready box, this emerald ring is ready to enchant from the very first glance. Celebrate life’s most precious moments with a piece of jewelry as extraordinary as she is.

★ This Jewelry comes with a Specially Designed Jewelry Box.
★ Have your own custom design? Send us a message and we will make it for you exactly how you want it to be:))
★ All our gemstones are 100% natural.

Visit links: For Other Design
https://vamijewells.etsy.com

Please Pay more attention to the Jewelry Care Tips:
★ Do not use chemical jewelry cleaners.
★ Gently polish with a soft, lint-free cloth.
★ Store your jewelry in a cool dry place.
★ Do not wear it to the pool, spa, or the beach.
★ Avoid contact with perfumes, body oils, and other chemicals, including household cleaners.
★ Remove when sleeping, exercising, or doing other physically strenuous activities.

Custom Order:
★ Please Noted that Once Custom Order has been Arranged for Production, Cancellation is not Allowed because all the Materials has been Prepared well for your Jewelry Making. Hope to get Your highly Understand! There are NO returns on custom Jewelry Thanks So Much!

Feedback:
★ If you have any problem with your order or you are not satisfied with your order please feel free to contact us and allow us to resolve your problem. But please do not leave negative or neutral feedback before contacting us.",1410.93,USD,5,"925_silver_ring,Unique_silver_ring,Handmade_jewelry,Luxury_jewelry,Halo_Diamond_Ring,Engagement_Ring,Anniversary_Gift,Emerald_Ring,Green_Stone_Ring,silver_jewelry,Minimalist_Ring,stackable_rings,Wedding_Gift","Stone,Sterling silver,Silver,Emerald",https://i.etsystatic.com/24638998/r/il/c21c13/7133478579/il_fullxfull.7133478579_9hg1.jpg,https://i.etsystatic.com/24638998/r/il/4866ce/7133478277/il_fullxfull.7133478277_qr42.jpg,https://i.etsystatic.com/24638998/r/il/92d47e/7133478275/il_fullxfull.7133478275_6he7.jpg,https://i.etsystatic.com/24638998/r/il/3d1520/7085532342/il_fullxfull.7085532342_77cw.jpg,https://i.etsystatic.com/24638998/r/il/2d1957/6812525709/il_fullxfull.6812525709_8qbv.jpg,,,,,,"Ring size","Ring size","5,5 1/4,5 1/2,5 3/4,6,6 1/4,6 1/2,6 3/4,7,7 1/4,7 1/2,7 3/4,8,8 1/4,8 1/2,8 3/4,9,9 1/4,9 1/2,9 3/4,10,10 1/4,10 1/2,10 3/4,11,11 1/4,11 1/2,11 3/4,12,12 1/4,12 1/2,12 3/4,13,13 1/4,13 1/2,13 3/4,14,14 1/4,14 1/2,14 3/4,15,15 1/4,15 1/2,15 3/4,16",,,,K-1045
"Handmade Sterling Silver Blue Topaz Diamond Dangle Earrings","✨💎

Natural Blue Topaz Diamond Earrings – Handmade Blue Topaz Dangle Earrings – Silver Halo Earrings – Fancy Stone Silver Jewelry for Women

Product Specifications:

Main Stone: Natural Blue Topaz (Total: 30.00 carats)

Accent Stones: Natural Diamonds (0.48 carats, halo setting)

Metal: Sterling Silver

Finish: Rhodium Plated

Style: Long Dangle / Drop Earrings

Length: 60 mm

Craftsmanship: Handcrafted, Superior Detailing

Occasion: Statement Jewelry, Luxury Gift, Special Occasions

Packaging: Elegant, Gift-Ready Box

Description:

Step into elegance with these breathtaking Natural Blue Topaz Diamond Earrings, exquisitely handcrafted in lustrous sterling silver and finished with radiant rhodium plating for an enduring shine. Each dramatic dangle earring is adorned with an array of luminous blue topaz gemstones totaling an impressive 30 carats, delicately faceted to capture the light from every angle. Sparkling halos of natural diamonds (0.48 carats total) further elevate the design, offering a sophisticated brilliance that instantly commands attention.

With their striking 60 mm length, these earrings create an unforgettable statement, perfect for glamorous evenings, weddings, or any occasion where you want to shine. The harmonious blend of vivid blue topaz and shimmering diamonds makes these earrings a true celebration of artistry and style—crafted for the woman who cherishes unique, high-impact jewelry.

Arriving in an elegant, gift-ready box, these earrings are designed to inspire admiration and make every moment unforgettable. Gift her a piece of jewelry that radiates grace, luxury, and timeless beauty.

★ This Jewelry comes with a Specially Designed Jewelry Box.
★ Have your own custom design? Send us a message and we will make it for you exactly how you want it to be:))
★ All our gemstones are 100% natural.

Visit links: For Other Design
https://vamijewells.etsy.com

Please Pay more attention to the Jewelry Care Tips:
★ Do not use chemical jewelry cleaners.
★ Gently polish with a soft, lint-free cloth.
★ Store your jewelry in a cool dry place.
★ Do not wear it to the pool, spa, or the beach.
★ Avoid contact with perfumes, body oils, and other chemicals, including household cleaners.
★ Remove when sleeping, exercising, or doing other physically strenuous activities.

Custom Order:
★ Please Noted that Once Custom Order has been Arranged for Production, Cancellation is not Allowed because all the Materials has been Prepared well for your Jewelry Making. Hope to get Your highly Understand! There are NO returns on custom Jewelry Thanks So Much!

Feedback:
★ If you have any problem with your order or you are not satisfied with your order please feel free to contact us and allow us to resolve your problem. But please do not leave negative or neutral feedback before contacting us.",1442.42,USD,5,"Handmade_jewelry,Anniversary_Gift,silver_jewelry,unique_earrings,Engagement_Gift,Minimalist_earrings,multi_stone_earrings,Diamond_Earrings,fine_Jewelry,925_Silver_Earrings,Wedding_Gift,blue_stone_earrings,topaz_earring","Stone,Sterling silver,Silver,Topaz",https://i.etsystatic.com/24638998/r/il/5fe8f7/7130350683/il_fullxfull.7130350683_c95j.jpg,https://i.etsystatic.com/24638998/r/il/ed8251/7130346167/il_fullxfull.7130346167_ml9x.jpg,https://i.etsystatic.com/24638998/r/il/6dc30d/7082400958/il_fullxfull.7082400958_tmu7.jpg,https://i.etsystatic.com/24638998/r/il/56f6a1/7130346191/il_fullxfull.7130346191_cwp1.jpg,https://i.etsystatic.com/24638998/r/il/4a6d0e/7082400960/il_fullxfull.7082400960_f0md.jpg,https://i.etsystatic.com/24638998/r/il/aa4d89/6812623953/il_fullxfull.6812623953_cgcl.jpg,https://i.etsystatic.com/24638998/r/il/2d1957/6812525709/il_fullxfull.6812525709_8qbv.jpg,,,,,,,,,,K-1044
"Sterling Silver Emerald Jewelry Set, Floral Cluster Ring and Leverback Earrings","925 Sterling Silver Emerald Jewelry Set – Green Emerald Cluster Ring & Earrings – Handmade Gemstone Jewelry Gift for Her

Product Specifications:
• Metal: 925 Sterling Silver (Rhodium Plated)
• Gemstones: Natural Emeralds
• Set Includes: 1 Cluster Ring & 1 Pair of Matching Earrings
• Earring Closure: Secure Leverback
• Finish: High Polish
• Gift-Ready Packaging

Description:
Embrace timeless elegance with this stunning 925 Sterling Silver Emerald Jewelry Set, featuring a matching cluster ring and earrings adorned with lush green natural emeralds. Each piece is meticulously handcrafted, capturing the natural beauty and vibrant energy of the emerald stones. The floral-inspired design creates a fresh, eye-catching look—perfect for special occasions or adding a touch of luxury to your everyday style.

A thoughtful and meaningful gift for birthdays, anniversaries, or simply to celebrate someone special. This exquisite set arrives beautifully packaged, ready to delight the one you love.",430.99,USD,5,"925_silver_ring,Vintage_ring,Unique_silver_ring,Handmade_jewelry,Women_jewelry,Luxury_jewelry,Daily_Wear_Jewelry,Bridal_Jewelry_Gift,Bridal_Jewelry,Proposal_Ring_Set,Emerald_Jewelry_Set,Birthstone_Gift,Anniversary_Jewelry","Emerald,Stone,Sterling silver",https://i.etsystatic.com/24638998/r/il/9a1a82/7050876306/il_fullxfull.7050876306_1y8u.jpg,https://i.etsystatic.com/24638998/r/il/757652/7050876316/il_fullxfull.7050876316_5jnm.jpg,https://i.etsystatic.com/24638998/r/il/686de3/7050876320/il_fullxfull.7050876320_mf7t.jpg,https://i.etsystatic.com/24638998/r/il/638882/7050876308/il_fullxfull.7050876308_5v3q.jpg,https://i.etsystatic.com/24638998/r/il/40ef9a/7098838773/il_fullxfull.7098838773_sutl.jpg,https://i.etsystatic.com/24638998/r/il/aa4d89/6812623953/il_fullxfull.6812623953_cgcl.jpg,https://i.etsystatic.com/24638998/r/il/2d1957/6812525709/il_fullxfull.6812525709_8qbv.jpg,,,,"Custom Property",Style,"Earrings,Ring,Full Set","Custom Property","Ring Size","NA FOR EARRINGS,5 US,5.25 US,5.75 US,6 US,6.25 US,6.50 US,6.75 US,7 US,7.25 US,7.50 US,7.75 US,8 US,8.25 US,8.50 US,8.75 US,9 US,9.25 US,9.50 US,9.75 US,10 US,10.25 US,10.50 US,10.75 US,11 US,11.25 US,11.50 US,11.75 US,12 US,12.25 US,12.50 US,12.75 US,13 US,13.25 US,13.50 US,13.75 US,14 US,14.25 US,14.50 US,14.75 US,15 US,15.25 US,15.50 US,15.75 US,16 US",K-994
"Tourmaline Diamond Halo Ring, 925 Sterling Silver, Handmade Engagement Ring","Natural Tourmaline Diamond Ring – 925 Sterling Silver Solitaire – Baguette & Round Cut Diamond Halo – Handmade Minimalist Engagement Ring – Gift for Her

Product Specifications:

Main Stone: Natural Tourmaline, 3.85 carats (10x9 mm)

Accent Stones: Natural Diamonds, 0.7 carats (Round & Baguette Cut)

Metal: 925 Sterling Silver (Rhodium Plated)

Setting: Prong & Channel Set

Handmade: Yes

Description:
Elevate your jewelry collection with this breathtaking Natural Tourmaline Diamond Ring, crafted in luxurious 925 sterling silver with a radiant rhodium finish for enhanced brilliance and durability. The centerpiece is a stunning 3.85 carat oval tourmaline, showcasing a rich, vibrant hue that captures the light with every movement. Surrounding the center stone is a shimmering halo of genuine round and baguette cut diamonds—totaling 0.7 carats—creating a spectacular display of sparkle from every angle.

The band features elegant channel-set baguette diamonds along the shoulders, perfectly complementing the intricate diamond halo for a refined, sophisticated look. The classic yet modern design makes this ring a versatile choice for both everyday wear and special occasions.

Design Highlight:
This ring beautifully combines the timeless elegance of a solitaire with the luxury of a diamond halo and baguette accents. The double halo of diamonds around the tourmaline adds an extra layer of brilliance, while the band’s baguette diamond details provide a chic, contemporary touch.

Occasions:

Engagements & Proposals

Anniversaries

Birthdays

Special Milestone Celebrations

Holiday & Festive Gifting

Bridal Jewelry

Cocktail Parties & Formal Events

A thoughtful and luxurious gift for birthdays, anniversaries, engagements, or as a special treat to yourself. This handcrafted ring is sure to be cherished for a lifetime, making it the perfect symbol of love, achievement, or celebration.

Add a statement of elegance and timeless beauty to your collection—order your handmade tourmaline and diamond ring today!

Exclusively by Vamika Jewels — Where Every Gem Tells a Story, and Every Design Is Made to Be Remembered.
★ This Jewelry comes with a Specially Designed Jewelry Box.
★ Have your own custom design? Send us a message and we will make it for you exactly how you want it to be:))
★ All our gemstones are 100% natural.

Visit links: For Other Design
https://vamijewells.etsy.com

Please Pay more attention to the Jewelry Care Tips:
★ Do not use chemical jewelry cleaners.
★ Gently polish with a soft, lint-free cloth.
★ Store your jewelry in a cool dry place.
★ Do not wear it to the pool, spa, or the beach.
★ Avoid contact with perfumes, body oils, and other chemicals, including household cleaners.
★ Remove when sleeping, exercising, or doing other physically strenuous activities.

Custom Order:
★ Please Noted that Once Custom Order has been Arranged for Production, Cancellation is not Allowed because all the Materials has been Prepared well for your Jewelry Making. Hope to get Your highly Understand! There are NO returns on custom Jewelry Thanks So Much!

Feedback:
★ If you have any problem with your order or you are not satisfied with your order please feel free to contact us and allow us to resolve your problem. But please do not leave negative or neutral feedback before contacting us.",903.33,USD,5,"925_silver_ring,Unique_silver_ring,Handmade_jewelry,Luxury_jewelry,Halo_Diamond_Ring,Engagement_Ring,Anniversary_Gift,silver_jewelry,Minimalist_Ring,stackable_ring,Birthday_Gift,tourmaline_ring,Wedding_Gift","Sterling silver,Silver,Stone,Tourmaline",https://i.etsystatic.com/24638998/r/il/5991dd/7092596307/il_fullxfull.7092596307_lgi4.jpg,https://i.etsystatic.com/24638998/r/il/1bda0b/7044626452/il_fullxfull.7044626452_2h4x.jpg,https://i.etsystatic.com/24638998/r/il/2a0ec9/7044626438/il_fullxfull.7044626438_j4hr.jpg,https://i.etsystatic.com/24638998/r/il/0bfd98/7044626440/il_fullxfull.7044626440_i246.jpg,https://i.etsystatic.com/24638998/r/il/d2f196/6885313804/il_fullxfull.6885313804_42xw.jpg,https://i.etsystatic.com/24638998/r/il/2d1957/6812525709/il_fullxfull.6812525709_8qbv.jpg,,,,,"Ring size","Ring size","5,5 1/4,5 1/2,5 3/4,6,6 1/4,6 1/2,6 3/4,7,7 1/4,7 1/2,7 3/4,8,8 1/4,8 1/2,8 3/4,9,9 1/4,9 1/2,9 3/4,10,10 1/4,10 1/2,10 3/4,11,11 1/4,11 1/2,11 3/4,12,12 1/4,12 1/2,12 3/4,13,13 1/4,13 1/2,13 3/4,14,14 1/4,14 1/2,14 3/4,15,15 1/4,15 1/2,15 3/4,16",,,,K-1013
"Handmade Kyanite Tennis Bracelet – Sterling Silver Gemstone Jewelry","Natural Kyanite Bracelet – 925 Sterling Silver Kyanite Bracelet – Gemstone Tennis Bracelet – Dainty Silver Jewelry – Gift for Women

Product Specifications:

Main Stone: Natural Kyanite

Stone Size: 8x6 mm each

Metal: Solid 925 Sterling Silver (Rhodium Plated)

Setting: Classic Prong Set

Clasp: Secure Box Clasp with Safety Latch

Length: Standard (customizable upon request)

Handmade: Yes

Description:
Elevate your everyday elegance with this exquisite Natural Kyanite Bracelet, crafted in solid 925 sterling silver and finished with luxurious rhodium plating for lasting brilliance. Featuring a seamless row of vibrant blue oval kyanite gemstones, each stone is meticulously prong-set to showcase its rich color and captivating natural sheen. The classic tennis design wraps gracefully around the wrist, making it perfect for both casual outings and formal occasions.

This dainty gemstone bracelet is a versatile piece that transitions beautifully from day to night—ideal for gifting on birthdays, anniversaries, weddings, or as a thoughtful holiday or graduation present. Whether you're celebrating a milestone, dressing up for a party, or simply looking to add a splash of color to your everyday look, this kyanite bracelet is the perfect accessory.

Design Highlight:
The design features elegant, evenly sized oval kyanites, each securely set to allow maximum light reflection and brilliance. The sophisticated prong setting not only provides a classic, timeless look but also ensures durability for daily wear. A secure box clasp with a safety latch guarantees peace of mind while wearing.

Occasions:

Birthday Gift

Wedding & Anniversary

Bridesmaid Jewelry

Graduation

Holiday Gift

Everyday Glamour

Special Occasions & Parties

A truly memorable gift for the woman who appreciates fine craftsmanship, timeless beauty, and the natural allure of rare gemstones.

Order now to own a unique, handcrafted piece that adds a pop of luxurious blue to your jewelry collection!

★ This Jewelry comes with a Specially Designed Jewelry Box.
★ Have your own custom design? Send us a message and we will make it for you exactly how you want it to be:))
★ All our gemstones are 100% natural.

Visit links: For Other Design
https://vamijewells.etsy.com

Please Pay more attention to the Jewelry Care Tips:
★ Do not use chemical jewelry cleaners.
★ Gently polish with a soft, lint-free cloth.
★ Store your jewelry in a cool dry place.
★ Do not wear it to the pool, spa, or the beach.
★ Avoid contact with perfumes, body oils, and other chemicals, including household cleaners.
★ Remove when sleeping, exercising, or doing other physically strenuous activities.

Custom Order:
★ Please Noted that Once Custom Order has been Arranged for Production, Cancellation is not Allowed because all the Materials has been Prepared well for your Jewelry Making. Hope to get Your highly Understand! There are NO returns on custom Jewelry Thanks So Much!

Feedback:
★ If you have any problem with your order or you are not satisfied with your order please feel free to contact us and allow us to resolve your problem. But please do not leave negative or neutral feedback before contacting us.",600.99,USD,5,"bridal_bracelet,anniversary_gift,birthstone_jewelry,statement_bracelet,silver_bracelet,925_Bracelet,luxury_bracelet,engagement_gift,Handcrafted_Jewelry,Birthstone_bracelet,blue_stone_bracelet,Oval_bracelet,kyanite_bracelet","Kyanite,Stone,Silver,Sterling silver",https://i.etsystatic.com/24638998/r/il/5e1768/7044532618/il_fullxfull.7044532618_d7wt.jpg,https://i.etsystatic.com/24638998/r/il/d8639d/7044528902/il_fullxfull.7044528902_8fy7.jpg,https://i.etsystatic.com/24638998/r/il/06dd4f/7092495417/il_fullxfull.7092495417_2mqe.jpg,https://i.etsystatic.com/24638998/r/il/fb093d/7092495423/il_fullxfull.7092495423_focf.jpg,https://i.etsystatic.com/24638998/r/il/c2d143/7092495415/il_fullxfull.7092495415_p9mw.jpg,https://i.etsystatic.com/24638998/r/il/a8d7cf/7044528896/il_fullxfull.7044528896_kswb.jpg,https://i.etsystatic.com/24638998/r/il/aa4d89/6812623953/il_fullxfull.6812623953_cgcl.jpg,https://i.etsystatic.com/24638998/r/il/2d1957/6812525709/il_fullxfull.6812525709_8qbv.jpg,,,Length,"Bracelet length","7,7.5,8,8.5,9,9.5,10",,,,K-1015
"Natural Sapphire Dangle Earrings, 925 Sterling Silver Pave Diamond Halo Statement Jewelry","Natural Sapphire Diamond Dangle Earrings | 925 Sterling Silver Pavé Halo Jewelry | Long Sapphire Drop Earrings | Anniversary Gift for Her

PRODUCT SPECIFICATIONS

Main Stones: Natural Blue Sapphires – 5.45 carats (Marquise Cut Cluster)

Secondary Stones: Natural Diamonds – 1.61 carats (Pavé Set)

Metal: 925 Sterling Silver with Rhodium Plating

Design: Floral Marquise Sapphire Cluster with Diamond Halo

Style: Dangle, Halo, Cocktail, Handmade Luxury Jewelry

Closure: Secure English Clasp

DESCRIPTION

These Natural Sapphire Dangle Earrings are an exquisite fusion of luxury, brilliance, and timeless sophistication. Featuring 5.45 carats of deep blue natural sapphires, each marquise-cut stone is arranged in an elegant floral cluster, creating a stunning petal-like motif. Surrounding every sapphire is a shimmering 1.61-carat pavé diamond halo, adding dazzling fire and highlighting the graceful shape of the earrings.

Handcrafted in 925 sterling silver with a high-shine rhodium finish, these long drop earrings sway beautifully with every movement, making them a breathtaking choice for weddings, engagements, fine events, or glamorous evenings out. Their refined silhouette, rich color, and sparkling brilliance make them a true treasure for any fine jewelry lover.

💝 PERFECT GIFT OCCASIONS

These luxurious sapphire earrings make an unforgettable gift for a wedding, a romantic engagement gift, or a heartfelt surprise for your fiancé or fiancée. They are ideal as an anniversary celebration gift or an elegant birthday gift for her, whether for your wife, girlfriend, sister, daughter, mom, or best friend. They shine beautifully as a meaningful Valentine’s Day gift, a cherished Mother’s Day present, or an exquisite statement piece for Christmas and New Year. Beyond festive celebrations, they are perfect as a graduation gift, a promotion or achievement gift, or a thoughtful piece for the mother of the bride or groom. And when you simply want to share love or gratitude, they become the ideal “just because,” “thinking of you,” or “thank you” gift, celebrating life’s meaningful moments with beauty and elegance.

Perfect for lovers of natural sapphire jewelry, sapphire diamond earrings, and sterling silver dangle designs, these earrings are ideal for anyone seeking marquise sapphire drops, pavé diamond halo earrings, handmade gemstone jewelry, or luxurious blue gemstone statement pieces. A top choice for shoppers looking for anniversary gifts, wedding earrings, bridal drop earrings, September birthstone jewelry, cocktail earrings, and unique sapphire cluster designs, offering both elegance and high-end sparkle.


Crafted from premium natural sapphires, sparkling natural diamonds, and high-quality 925 sterling silver, these earrings are expertly finished with durable rhodium plating for long-lasting shine. Each stone is hand-set with precision—marquise sapphires polished to perfection and pavé diamonds carefully micro-set for maximum brilliance. The entire design reflects superior handcrafted artistry, adding luxury and refinement to every detail.







Exclusively by Vamika Jewels — Where Every Gem Tells a Story, and Every Design Is Made to Be Remembered.

★ This Jewelry comes with a Specially Designed Jewelry Box.
★ Have your own custom design? Send us a message and we will make it for you exactly how you want it to be:))
★ All our gemstones are 100% natural.

Visit links: For Other Design
https://vamijewells.etsy.com

Please Pay more attention to the Jewelry Care Tips:
★ Do not use chemical jewelry cleaners.
★ Gently polish with a soft, lint-free cloth.
★ Store your jewelry in a cool dry place.
★ Do not wear it to the pool, spa, or the beach.
★ Avoid contact with perfumes, body oils, and other chemicals, including household cleaners.
★ Remove when sleeping, exercising, or doing other physically strenuous activities.

Custom Order:
★ Please Noted that Once Custom Order has been Arranged for Production, Cancellation is not Allowed because all the Materials has been Prepared well for your Jewelry Making. Hope to get Your highly Understand! There are NO returns on custom Jewelry Thanks So Much!

Feedback:
★ If you have any problem with your order or you are not satisfied with your order please feel free to contact us and allow us to resolve your problem. But please do not leave negative or neutral feedback before contacting us.",1050.99,USD,5,"Handmade_jewelry,Anniversary_Gift,silver_jewelry,unique_earrings,Engagement_Gift,Minimalist_earrings,multi_stone_earrings,Diamond_Earrings,925_Silver_Earrings,Wedding_Gift,blue_stone_earrings,Birthday_Gift,sapphire_jewelry","Silver,Sapphire,Diamond,Sterling silver,Stone,Sapphire",https://i.etsystatic.com/24638998/r/il/8c663b/7484410259/il_fullxfull.7484410259_ku9p.jpg,https://i.etsystatic.com/24638998/r/il/fe1d35/7484409887/il_fullxfull.7484409887_opkb.jpg,https://i.etsystatic.com/24638998/r/il/9446d1/7436489370/il_fullxfull.7436489370_59az.jpg,https://i.etsystatic.com/24638998/r/il/9001e0/7484409893/il_fullxfull.7484409893_rlnz.jpg,https://i.etsystatic.com/24638998/r/il/d606b9/7484409899/il_fullxfull.7484409899_p6qj.jpg,https://i.etsystatic.com/24638998/r/il/aa4d89/6812623953/il_fullxfull.6812623953_cgcl.jpg,https://i.etsystatic.com/24638998/r/il/2d1957/6812525709/il_fullxfull.6812525709_8qbv.jpg,,,,,,,,,,K-1824
"Natural Swiss Blue Topaz Ring, Sterling Silver Pave Diamond Halo Cocktail Statement Jewelry","Natural Swiss Blue Topaz Diamond Ring | 925 Sterling Silver Pavé Halo Jewelry | Large Cocktail Topaz Statement Ring | Anniversary Gift for Her

PRODUCT SPECIFICATIONS

Main Stone: Natural Swiss Blue Topaz – 22.55 carats 

Secondary Stones: Natural Diamonds – 0.72 carats (Pavé Set)

Metal: 925 Sterling Silver with Rhodium Plating

Design: Large Topaz with Pavé Diamond Halo

Style: Cocktail, Halo, Statement, Handmade Jewelry

DESCRIPTION

This Natural Swiss Blue Topaz Ring is a breathtaking work of art designed for lovers of bold, luxurious gemstones. Featuring an extraordinary 22.55-carat Swiss blue topaz, the center stone glows with vibrant ocean-blue brilliance and exceptional clarity. Surrounding this stunning gemstone is a shimmering 0.72-carat pavé diamond halo, intricately set to enhance both radiance and glamour.

Handcrafted in 925 sterling silver with a high-shine rhodium finish, the ring showcases an elegant, architectural shank adorned with fine pavé-set diamonds. Its bold silhouette, exquisite craftsmanship, and luminous sparkle make it a perfect statement piece for grand occasions, formal events, or anyone who loves sophisticated, showstopper jewelry.

This cocktail ring delivers elegance, confidence, and timeless glamour — a true centerpiece for any fine jewelry collection.

💝 PERFECT GIFT OCCASIONS

This dazzling topaz ring makes a luxurious gift for a wedding, a heartfelt engagement gift, or a romantic surprise for your fiancé or fiancée. It is the perfect anniversary celebration gift or birthday gift for her, ideal for your wife, girlfriend, sister, daughter, mom, or best friend. It also stands out as a meaningful Valentine’s Day gift, a cherished Mother’s Day present, or a sparkling keepsake for Christmas and New Year. Beyond festive seasons, it is wonderful as a graduation gift, a promotion or achievement gift, or a special piece for the mother of the bride or groom. And for moments when you simply want to express love, gratitude, or appreciation, it becomes the perfect “just because,” “thinking of you,” or “thank you” gift, celebrating life’s beautiful moments with elegance.

Ideal for lovers of Swiss blue topaz rings, natural topaz jewelry, and diamond halo cocktail rings, this piece is perfect for anyone searching for large gemstone rings, blue topaz statement rings, or 925 sterling silver luxury jewelry. Its glamorous design makes it suitable for shoppers looking for anniversary gifts, wedding accessories, engagement alternatives, December birthstone jewelry, handmade gemstone rings, or artisan-crafted cocktail pieces. If you’re seeking unique topaz rings, big stone diamond rings, or elegant blue gemstone gifts for women, this ring is the perfect choice.

Made from premium natural Swiss blue topaz, shimmering natural diamonds, and high-quality 925 sterling silver, this ring is finished with a durable rhodium plating for long-lasting shine. The pavé diamonds are finely micro-set for maximum sparkle, while the topaz is precision-faceted for exceptional fire and brilliance. Every detail reflects a refined handcrafted finish, showcasing superior artistry and luxury.







★ This Jewelry comes with a Specially Designed Jewelry Box.
★ Have your own custom design? Send us a message and we will make it for you exactly how you want it to be:))
★ All our gemstones are 100% natural.

Visit links: For Other Design
https://vamijewells.etsy.com

Please Pay more attention to the Jewelry Care Tips:
★ Do not use chemical jewelry cleaners.
★ Gently polish with a soft, lint-free cloth.
★ Store your jewelry in a cool dry place.
★ Do not wear it to the pool, spa, or the beach.
★ Avoid contact with perfumes, body oils, and other chemicals, including household cleaners.
★ Remove when sleeping, exercising, or doing other physically strenuous activities.

Custom Order:
★ Please Noted that Once Custom Order has been Arranged for Production, Cancellation is not Allowed because all the Materials has been Prepared well for your Jewelry Making. Hope to get Your highly Understand! There are NO returns on custom Jewelry Thanks So Much!

Feedback:
★ If you have any problem with your order or you are not satisfied with your order please feel free to contact us and allow us to resolve your problem. But please do not leave negative or neutral feedback before contacting us.",1650.99,USD,5,"Pave_diamond_ring,925_silver_ring,Vintage_ring,Unique_silver_ring,Handmade_jewelry,Statement_ring,Luxury_jewelry,Gemstone_Ring,Halo_Diamond_Ring,Engagement_Ring,Anniversary_Gift,Swiss_Topaz_Ring,Blue_Stone_Ring","Stone,Topaz,Diamond,Sterling silver,Topaz",https://i.etsystatic.com/24638998/r/il/4b3aa1/7436474294/il_fullxfull.7436474294_i9x5.jpg,https://i.etsystatic.com/24638998/r/il/e91921/7436473728/il_fullxfull.7436473728_jtyf.jpg,https://i.etsystatic.com/24638998/r/il/654d41/7436473724/il_fullxfull.7436473724_8v8h.jpg,https://i.etsystatic.com/24638998/r/il/995ee5/7436473722/il_fullxfull.7436473722_c730.jpg,https://i.etsystatic.com/24638998/r/il/107962/7484394635/il_fullxfull.7484394635_p0ei.jpg,https://i.etsystatic.com/24638998/r/il/809784/7436473720/il_fullxfull.7436473720_b5ak.jpg,https://i.etsystatic.com/24638998/r/il/a5d6b4/7436473730/il_fullxfull.7436473730_147k.jpg,https://i.etsystatic.com/24638998/r/il/aa4d89/6812623953/il_fullxfull.6812623953_cgcl.jpg,https://i.etsystatic.com/24638998/r/il/2d1957/6812525709/il_fullxfull.6812525709_8qbv.jpg,,"Ring size","Ring size","5,5 1/4,5 1/2,5 3/4,6,6 1/4,6 1/2,6 3/4,7,7 1/4,7 1/2,7 3/4,8,8 1/4,8 1/2,8 3/4,9,9 1/4,9 1/2,9 3/4,10,10 1/4,10 1/2,10 3/4,11,11 1/4,11 1/2,11 3/4,12,12 1/4,12 1/2,12 3/4,13,13 1/4,13 1/2,13 3/4,14,14 1/4,14 1/2,14 3/4,15,15 1/4,15 1/2,15 3/4,16",,,,K-1825
"Natural Blue Topaz Dangle Earring - 925 Sterling Silver Pave Diamond Halo Statement Jewelry","Natural Blue Topaz Diamond Dangle Earrings | 925 Sterling Silver Pavé Halo Jewelry | Long Statement Topaz Drop Earrings | Anniversary Gift for Her

PRODUCT SPECIFICATIONS

Main Stone: Natural Blue Topaz – 18.05 carats (Emerald Cut + Accent Cut)

Secondary Stones: Natural Diamonds – 2.45 carats (Pavé Set)

Metal: 925 Sterling Silver, Rhodium Plated

Design: Long Vintage-Inspired Topaz Drops with Pavé Diamond Halo

Style: Dangle, Halo, Cocktail, Handmade Luxury Jewelry

Length: Approx. 6.2 cm

DESCRIPTION

These Natural Blue Topaz Dangle Earrings are an exquisite blend of elegance, luxury, and fine craftsmanship. Featuring an impressive 18.05 carats of natural blue topaz, each earring displays a vibrant emerald-cut centerpiece, complemented by a sparkling accent topaz at the top. Surrounding the gemstones is a lavish 2.45-carat pavé diamond halo, creating a breathtaking display of brilliance and refinement.

Handcrafted in 925 sterling silver with a rhodium-plated finish, these earrings are designed in an intricate vintage-inspired silhouette that adds graceful movement and irresistible sparkle. Their elongated, filigree-like structure brings sophistication and glamour to any look, making them perfect for weddings, parties, red-carpet moments, and luxurious evenings out.

A true showstopper, these statement earrings offer timeless beauty and exceptional gemstone quality—an unforgettable treasure for any fine jewelry lover.

💝 PERFECT GIFT OCCASIONS

These luxurious blue topaz earrings make a breathtaking gift for a wedding, a heartfelt engagement gift, or an elegant surprise for your fiancé or fiancée. They are perfect as an anniversary celebration gift or a meaningful birthday gift for her, whether for your wife, girlfriend, sister, daughter, mom, or best friend. They shine beautifully as a romantic Valentine’s Day gift, a thoughtful Mother’s Day present, or an exquisite keepsake for Christmas and New Year. Beyond the festive season, they serve wonderfully as a graduation gift, a promotion or achievement gift, or a special piece for the mother of the bride or groom. And for moments of pure emotion, they become the ideal “just because,” “thinking of you,” or “thank you” gift, celebrating love, connection, and elegance.

Perfect for seekers of natural blue topaz jewelry, topaz diamond earrings, and sterling silver statement earrings, this design is ideal for anyone wanting pavé diamond dangle earrings, emerald-cut gemstone drops, or luxury blue gemstone jewelry. These earrings appeal to lovers of December birthstone jewelry, handmade designer earrings, vintage-inspired gemstone pieces, and cocktail statement accessories. A beautiful option for shoppers searching for anniversary gifts, wedding earrings, bridal drop earrings, long gemstone earrings, or elegant evening jewelry for women.


Crafted from genuine natural blue topaz, premium natural diamonds, and solid 925 sterling silver, these earrings are finished with durable rhodium plating for enhanced shine and protection. Each pavé-set diamond is meticulously placed to maximize brilliance, while the emerald-cut topaz stones are expertly faceted for exceptional clarity and fire. The entire design is completed with a refined handcrafted finish, showcasing artistry, precision, and true luxury.







Exclusively by Vamika Jewels — Where Every Gem Tells a Story, and Every Design Is Made to Be Remembered.

★ This Jewelry comes with a Specially Designed Jewelry Box.
★ Have your own custom design? Send us a message and we will make it for you exactly how you want it to be:))
★ All our gemstones are 100% natural.

Visit links: For Other Design
https://vamijewells.etsy.com

Please Pay more attention to the Jewelry Care Tips:
★ Do not use chemical jewelry cleaners.
★ Gently polish with a soft, lint-free cloth.
★ Store your jewelry in a cool dry place.
★ Do not wear it to the pool, spa, or the beach.
★ Avoid contact with perfumes, body oils, and other chemicals, including household cleaners.
★ Remove when sleeping, exercising, or doing other physically strenuous activities.

Custom Order:
★ Please Noted that Once Custom Order has been Arranged for Production, Cancellation is not Allowed because all the Materials has been Prepared well for your Jewelry Making. Hope to get Your highly Understand! There are NO returns on custom Jewelry Thanks So Much!

Feedback:
★ If you have any problem with your order or you are not satisfied with your order please feel free to contact us and allow us to resolve your problem. But please do not leave negative or neutral feedback before contacting us.",1200.99,USD,5,"Handmade_jewelry,Anniversary_Gift,silver_jewelry,unique_earrings,Engagement_Gift,Minimalist_earrings,multi_stone_earrings,Diamond_Earrings,925_Silver_Earrings,Wedding_Gift,blue_stone_earrings,cluster_earring,earring_with_post","Silver,Topaz,Diamond,Sterling silver,Stone,Topaz",https://i.etsystatic.com/24638998/r/il/826382/7484369113/il_fullxfull.7484369113_pmey.jpg,https://i.etsystatic.com/24638998/r/il/61a635/7484368717/il_fullxfull.7484368717_mi8r.jpg,https://i.etsystatic.com/24638998/r/il/61c4bf/7484368721/il_fullxfull.7484368721_afl6.jpg,https://i.etsystatic.com/24638998/r/il/c2a9b6/7484368723/il_fullxfull.7484368723_2xne.jpg,https://i.etsystatic.com/24638998/r/il/185d63/7484368719/il_fullxfull.7484368719_shtp.jpg,https://i.etsystatic.com/24638998/r/il/ec5543/7436447726/il_fullxfull.7436447726_ixfh.jpg,https://i.etsystatic.com/24638998/r/il/2d1957/6812525709/il_fullxfull.6812525709_8qbv.jpg,,,,,,,,,,K-1826
"Natural Emerald Cluster Ring, 925 Sterling Silver Pave Diamond Halo Statement Jewelry","Natural Emerald Cluster Ring | 925 Sterling Silver Diamond Halo Ring | Multi-Stone Floral Statement Jewelry | Anniversary Gift for Her

Product Specifications

Main Stones: Natural Emeralds – 3.10 carats

Accent Stones: Natural Diamonds – 0.72 carats (baguette + round cut)

Metal: 925 Sterling Silver, Rhodium Plated

Design: Floral Cluster with Diamond Halo

Style: Statement, Multi-Stone, Handmade Fine Jewelry

Description

This Natural Emerald Cluster Ring is a breathtaking blend of vibrant color and refined craftsmanship. Featuring 3.10 carats of natural emeralds arranged in an elegant floral cluster, each gem displays stunning green brilliance. Surrounding the emeralds is a luxurious halo of 0.72 carats of natural diamonds, including both baguette and round cuts, adding striking sparkle and dimension to the design. Handcrafted in 925 sterling silver with a rhodium finish, this ring is a true statement piece that combines bold beauty with timeless sophistication.

Perfect for collectors and lovers of exquisite gemstone jewelry, this emerald ring radiates elegance and charm, making it ideal for special events, glamorous evenings, or as a standout everyday luxury.

💝 Perfect Gift Occasions:
This stunning emerald cluster ring makes a meaningful anniversary celebration gift, a romantic engagement or promise ring, and a heartfelt present for your wife, girlfriend, sister, daughter, mom, or best friend. It is a beautiful choice for birthdays, Valentine’s Day, Mother’s Day, Christmas, and New Year. It also serves wonderfully as a graduation gift, promotion or achievement gift, or a precious token for the mother of the bride or groom. And when you want to express love or gratitude, it becomes the perfect “just because,” “thinking of you,” or “thank you” gift—a timeless treasure she will cherish forever.

✨ A radiant emerald and diamond ring that celebrates nature’s beauty and exquisite craftsmanship.

This elegant ring is ideal for shoppers searching for natural emerald rings, cluster emerald jewelry, diamond halo rings, sterling silver statement rings, floral gemstone rings, luxury anniversary gifts, engagement or promise rings, gift for wife or girlfriend, birthday gift for her, Mother’s Day jewelry, Valentine’s Day gift, fine gemstone rings, and multi-stone statement jewelry, making it highly discoverable across all gifting occasions.






★ This Jewelry comes with a Specially Designed Jewelry Box.
★ Have your own custom design? Send us a message and we will make it for you exactly how you want it to be:))
★ All our gemstones are 100% natural.

Visit links: For Other Design
https://vamijewells.etsy.com

Please Pay more attention to the Jewelry Care Tips:
★ Do not use chemical jewelry cleaners.
★ Gently polish with a soft, lint-free cloth.
★ Store your jewelry in a cool dry place.
★ Do not wear it to the pool, spa, or the beach.
★ Avoid contact with perfumes, body oils, and other chemicals, including household cleaners.
★ Remove when sleeping, exercising, or doing other physically strenuous activities.

Custom Order:
★ Please Noted that Once Custom Order has been Arranged for Production, Cancellation is not Allowed because all the Materials has been Prepared well for your Jewelry Making. Hope to get Your highly Understand! There are NO returns on custom Jewelry Thanks So Much!

Feedback:
★ If you have any problem with your order or you are not satisfied with your order please feel free to contact us and allow us to resolve your problem. But please do not leave negative or neutral feedback before contacting us.",1060.99,USD,5,"925_silver_ring,Unique_silver_ring,Handmade_jewelry,Luxury_jewelry,Halo_Diamond_Ring,Engagement_Ring,Anniversary_Gift,silver_jewelry,Minimalist_Ring,stackable_ring,green_Stone_Ring,May_Birthstone_Ring,Emerald_Ring","Sterling silver,Emerald,Diamond,Silver,Stone,Emerald",https://i.etsystatic.com/24638998/r/il/4db87b/7395429338/il_fullxfull.7395429338_s5mh.jpg,https://i.etsystatic.com/24638998/r/il/c55ea1/7395428832/il_fullxfull.7395428832_4swp.jpg,https://i.etsystatic.com/24638998/r/il/4cb9aa/7443341145/il_fullxfull.7443341145_clq8.jpg,https://i.etsystatic.com/24638998/r/il/d959a1/7443341155/il_fullxfull.7443341155_3vp2.jpg,https://i.etsystatic.com/24638998/r/il/318724/7443341157/il_fullxfull.7443341157_kcd9.jpg,https://i.etsystatic.com/24638998/r/il/aa13b7/7443341161/il_fullxfull.7443341161_djfe.jpg,https://i.etsystatic.com/24638998/r/il/78c6ad/7395428830/il_fullxfull.7395428830_2noo.jpg,https://i.etsystatic.com/24638998/r/il/765bd7/7395428826/il_fullxfull.7395428826_f3ab.jpg,https://i.etsystatic.com/24638998/r/il/ce7474/7395428828/il_fullxfull.7395428828_1y65.jpg,https://i.etsystatic.com/24638998/r/il/7921a8/7443341159/il_fullxfull.7443341159_jhpt.jpg,"Ring size","Ring size","5,5 1/4,5 1/2,5 3/4,6,6 1/4,6 1/2,6 3/4,7,7 1/4,7 1/2,7 3/4,8,8 1/4,8 1/2,8 3/4,9,9 1/4,9 1/2,9 3/4,10,10 1/4,10 1/2,10 3/4,11,11 1/4,11 1/2,11 3/4,12,12 1/4,12 1/2,12 3/4,13,13 1/4,13 1/2,13 3/4,14,14 1/4,14 1/2,14 3/4,15,15 1/4,15 1/2,15 3/4,16",,,,K-1684
"Natural Fire Opal Teardrop Ring, 925 Sterling Silver Emerald Diamond Multi Stone Statement Jewelry","Natural Fire Opal Teardrop Ring | 925 Sterling Silver Emerald Diamond Ring | Multi-Stone Halo Statement Jewelry | Anniversary Gift for Her

Product Specifications

Main Stone: Natural Fire Opal – 9.57 carats

Accent Stones: Natural Emeralds – 1.60 carats

Secondary Stones: Natural Diamonds – 0.30 carats

Metal: 925 Sterling Silver, Rhodium Plated

Design: Teardrop Halo Setting with Emerald & Diamond Frame

Style: Statement, Multi-Stone, Handmade Jewelry

Description

This Natural Fire Opal Teardrop Ring is a radiant masterpiece that captures light, color, and emotion in one breathtaking design. The centerpiece is a 9.57-carat natural fire opal, shimmering with glowing flashes of orange, green, blue, and pink. Surrounding the opal is a stunning halo of 1.60 carats of natural emeralds, adding rich green brilliance, while 0.30 carats of natural diamonds enhance the sparkle with refined elegance. Handcrafted in 925 sterling silver with a rhodium finish, this multi-stone statement ring blends artistry with luxury, making it a perfect choice for those who appreciate bold, luminous gems and timeless design.

Beautifully balanced and eye-catching, this teardrop fire opal ring is ideal for special occasions, milestone celebrations, and elegant evening looks. A captivating piece for collectors and jewelry lovers alike, it symbolizes creativity, passion, and transformation.

💝 Perfect Gift Occasions:
This opal and emerald ring makes a meaningful anniversary celebration gift, a romantic engagement or promise ring, and a heartfelt present for your wife, girlfriend, sister, daughter, mom, or best friend. It’s a beautiful choice for birthdays, Valentine’s Day, Mother’s Day, Christmas, New Year, as well as a thoughtful graduation gift, promotion or achievement gift, or a cherished token for the mother of the bride or groom. And for everyday moments of love, it makes the perfect “just because,” “thinking of you,” or “thank you” gift—a piece she will treasure forever.

✨ A glowing, luxurious statement ring that celebrates beauty, grace, and timeless elegance.

This stunning ring is perfect for customers searching for natural fire opal rings, emerald opal jewelry, diamond halo rings, teardrop opal rings, sterling silver gemstone rings, multi-stone statement jewelry, anniversary gifts for her, wedding and engagement rings, gift for wife or girlfriend, luxury cocktail rings, birthday gift for her, Mother’s Day jewelry, Valentine’s Day gifts, making it highly visible and appealing across all occasions.







★ This Jewelry comes with a Specially Designed Jewelry Box.
★ Have your own custom design? Send us a message and we will make it for you exactly how you want it to be:))
★ All our gemstones are 100% natural.

Visit links: For Other Design
https://vamijewells.etsy.com

Please Pay more attention to the Jewelry Care Tips:
★ Do not use chemical jewelry cleaners.
★ Gently polish with a soft, lint-free cloth.
★ Store your jewelry in a cool dry place.
★ Do not wear it to the pool, spa, or the beach.
★ Avoid contact with perfumes, body oils, and other chemicals, including household cleaners.
★ Remove when sleeping, exercising, or doing other physically strenuous activities.

Custom Order:
★ Please Noted that Once Custom Order has been Arranged for Production, Cancellation is not Allowed because all the Materials has been Prepared well for your Jewelry Making. Hope to get Your highly Understand! There are NO returns on custom Jewelry Thanks So Much!

Feedback:
★ If you have any problem with your order or you are not satisfied with your order please feel free to contact us and allow us to resolve your problem. But please do not leave negative or neutral feedback before contacting us.",1120.99,USD,5,"Fire_Opal_Ring,925_Sterling_Silver,Teardrop_Opal_Ring,October_Birthstone,Statement_Ring,Pear_Shaped_Opal,Emerald_Halo_Ring,Anniversary_Gift,Multi_Stone_Ring,Large_Gemstone_Ring,Handmade_Jewelry,NaturalEthiopianOpal,Emerald_CocktailRing","Diamond,Emerald,Opal,Sterling silver,Silver,Opal",https://i.etsystatic.com/24638998/r/il/8d3071/7439567447/il_fullxfull.7439567447_kwfu.jpg,https://i.etsystatic.com/24638998/r/il/e843d1/7439567001/il_fullxfull.7439567001_4p3y.jpg,https://i.etsystatic.com/24638998/r/il/b7c40a/7439566989/il_fullxfull.7439566989_qtfb.jpg,https://i.etsystatic.com/24638998/r/il/80d1a1/7391649932/il_fullxfull.7391649932_4s8h.jpg,https://i.etsystatic.com/24638998/r/il/b018c1/7391649928/il_fullxfull.7391649928_gcty.jpg,https://i.etsystatic.com/24638998/r/il/ef7a53/7439566991/il_fullxfull.7439566991_b5zm.jpg,https://i.etsystatic.com/24638998/r/il/bc3fd2/7439566997/il_fullxfull.7439566997_a0g6.jpg,https://i.etsystatic.com/24638998/r/il/87d73f/7439566995/il_fullxfull.7439566995_jbdf.jpg,https://i.etsystatic.com/24638998/r/il/5b895d/7439566999/il_fullxfull.7439566999_rxo0.jpg,https://i.etsystatic.com/24638998/r/il/dd269c/7391649944/il_fullxfull.7391649944_6vsc.jpg,"Ring size","Ring size","5,5 1/4,5 1/2,5 3/4,6,6 1/4,6 1/2,6 3/4,7,7 1/4,7 1/2,7 3/4,8,8 1/4,8 1/2,8 3/4,9,9 1/4,9 1/2,9 3/4,10,10 1/4,10 1/2,10 3/4,11,11 1/4,11 1/2,11 3/4,12,12 1/4,12 1/2,12 3/4,13,13 1/4,13 1/2,13 3/4,14,14 1/4,14 1/2,14 3/4,15,15 1/4,15 1/2,15 3/4,16",,,,K-1685
"Natural Emerald Diamond Earrings - 925 Sterling Silver Fire Opal Multi Stone Halo Jewelry","Natural Emerald Diamond Fire Opal Earrings | 925 Sterling Silver Multi-Stone Halo Jewelry | Handmade Statement Anniversary Gift for Her

Product Specifications

Main Stone: Natural Fire Opal – 3.34 carats total

Accent Stones: Natural Emeralds – 4.55 carats

Secondary Stones: Natural Diamonds – 0.91 carats

Metal: 925 Sterling Silver, Rhodium Plated

Design: Multi-Stone Halo Floral Style

Style: Statement, Luxury, Handmade Fine Jewelry

Description

These Natural Emerald Diamond Fire Opal Earrings embody pure elegance and artisanal craftsmanship. At the heart of each earring lies a mesmerizing natural fire opal, glowing with iridescent flashes of blue, green, and warm sunset tones. Surrounding the opal are brilliant natural emerald cabochons totaling 4.55 carats, creating a floral halo that radiates vivid green beauty and organic charm. The design is further elevated with 0.91 carats of sparkling natural diamonds, adding a dazzling shimmer that enhances the entire piece.

Crafted in 925 sterling silver with a rhodium-plated finish, these earrings combine durability with luxurious shine. Their secure closure and intricate multi-stone arrangement create a perfect balance of sophistication and vibrant color, making them an unforgettable statement accessory for both special occasions and refined everyday elegance.

💝 Perfect Gift Occasions:
These stunning earrings make a meaningful anniversary gift, an elegant wedding or engagement accessory, and a heartfelt present for your wife, girlfriend, sister, daughter, mom, or best friend. They are ideal as a birthday gift for her, a romantic Valentine’s Day surprise, a thoughtful Mother’s Day present, or a sparkling keepsake for Christmas and New Year. They also serve beautifully as a graduation gift, promotion or achievement gift, or an elegant token for the mother of the bride or groom. And for those tender moments, they are the perfect “just because,” “thinking of you,” or “thank you” gift — a treasure she will cherish forever.

✨ A luxurious pair of earrings that celebrates color, beauty, and timeless elegance.


★ This Jewelry comes with a Specially Designed Jewelry Box.
★ Have your own custom design? Send us a message and we will make it for you exactly how you want it to be:))
★ All our gemstones are 100% natural.

Visit links: For Other Design
https://vamijewells.etsy.com

Please Pay more attention to the Jewelry Care Tips:
★ Do not use chemical jewelry cleaners.
★ Gently polish with a soft, lint-free cloth.
★ Store your jewelry in a cool dry place.
★ Do not wear it to the pool, spa, or the beach.
★ Avoid contact with perfumes, body oils, and other chemicals, including household cleaners.
★ Remove when sleeping, exercising, or doing other physically strenuous activities.

Custom Order:
★ Please Noted that Once Custom Order has been Arranged for Production, Cancellation is not Allowed because all the Materials has been Prepared well for your Jewelry Making. Hope to get Your highly Understand! There are NO returns on custom Jewelry Thanks So Much!

Feedback:
★ If you have any problem with your order or you are not satisfied with your order please feel free to contact us and allow us to resolve your problem. But please do not leave negative or neutral feedback before contacting us.",1300.99,USD,5,"Handmade_jewelry,Anniversary_Gift,silver_jewelry,unique_earrings,Engagement_Gift,Minimalist_earrings,multi_stone_earrings,Diamond_Earrings,fine_Jewelry,925_Silver_Earrings,emerald_earrings,green_stone_earrings,Wedding_Gift","Diamond,Emerald,Opal,Sterling silver,Silver,Emerald",https://i.etsystatic.com/24638998/r/il/ab8fb3/7391641154/il_fullxfull.7391641154_bnqr.jpg,https://i.etsystatic.com/24638998/r/il/dce01c/7439557315/il_fullxfull.7439557315_2m99.jpg,https://i.etsystatic.com/24638998/r/il/436029/7439557303/il_fullxfull.7439557303_fif4.jpg,https://i.etsystatic.com/24638998/r/il/cb45ce/7391640334/il_fullxfull.7391640334_9pc0.jpg,https://i.etsystatic.com/24638998/r/il/2d1957/6812525709/il_fullxfull.6812525709_8qbv.jpg,https://i.etsystatic.com/24638998/r/il/96dc35/7391640328/il_fullxfull.7391640328_80dl.jpg,https://i.etsystatic.com/24638998/r/il/02142d/7391640330/il_fullxfull.7391640330_bkkd.jpg,https://i.etsystatic.com/24638998/r/il/dc01bb/7391640338/il_fullxfull.7391640338_4sna.jpg,https://i.etsystatic.com/24638998/r/il/25f16d/7439557313/il_fullxfull.7439557313_1kc7.jpg,,,,,,,,K-1686
"Natural Emerald & Diamond Tennis Bracelet, 925 Sterling Silver Elegant Halo Statement Jewelry","Natural Emerald & Diamond Tennis Bracelet | 925 Sterling Silver Halo Bracelet | Baguette-Cut Emerald Statement Jewelry | Anniversary Gift for Her

Product Specifications

Main Stones: Natural Emeralds – Baguette Cut (approx. 7 × 5 mm each)

Accent Stones: Natural Diamonds – Baguette & Round Cut

Metal: 925 Sterling Silver, Rhodium Plated

Design: Halo Tennis Bracelet with Baguette & Round Diamond Accents

Style: Luxury, Classic, Handmade Statement Jewelry

Description

This Natural Emerald & Diamond Tennis Bracelet is an exquisite example of timeless luxury and refined craftsmanship. Each emerald—cut in an elegant 7 × 5 mm baguette shape—displays rich, velvety green hues and is meticulously framed with sparkling baguette and round-cut diamonds, creating a radiant halo effect that elevates the entire bracelet. Handcrafted in 925 sterling silver with rhodium plating, this statement piece blends durability with a brilliant shine that lasts for years.

Designed to sit gracefully on the wrist, the bracelet offers a sophisticated balance of bold gemstones and delicate diamond detailing, making it the perfect accessory for both special occasions and refined everyday elegance. Its classic tennis style combined with the striking emerald-green color makes this piece truly unforgettable.

💝 Perfect Gift Occasions:
This luxurious emerald tennis bracelet makes an extraordinary anniversary celebration gift, a meaningful engagement or wedding accessory, and a heartfelt surprise for your wife, girlfriend, sister, daughter, mom, or best friend. It is ideal as a birthday gift for her, a romantic Valentine’s Day present, a thoughtful Mother’s Day gift, or a sparkling keepsake for Christmas and New Year. It also serves beautifully as a graduation gift, a promotion or achievement gift, or an elegant mother of the bride/groom gift. And for those heartfelt moments, it is the perfect “just because,” “thinking of you,” or “thank you” gift — a true treasure that will be cherished for a lifetime.

✨ A timeless emerald and diamond bracelet that captures elegance, tradition, and luxury in every detail.


★ This Jewelry comes with a Specially Designed Jewelry Box.
★ Have your own custom design? Send us a message and we will make it for you exactly how you want it to be:))
★ All our gemstones are 100% natural.

Visit links: For Other Design
https://vamijewells.etsy.com

Please Pay more attention to the Jewelry Care Tips:
★ Do not use chemical jewelry cleaners.
★ Gently polish with a soft, lint-free cloth.
★ Store your jewelry in a cool dry place.
★ Do not wear it to the pool, spa, or the beach.
★ Avoid contact with perfumes, body oils, and other chemicals, including household cleaners.
★ Remove when sleeping, exercising, or doing other physically strenuous activities.

Custom Order:
★ Please Noted that Once Custom Order has been Arranged for Production, Cancellation is not Allowed because all the Materials has been Prepared well for your Jewelry Making. Hope to get Your highly Understand! There are NO returns on custom Jewelry Thanks So Much!

Feedback:
★ If you have any problem with your order or you are not satisfied with your order please feel free to contact us and allow us to resolve your problem. But please do not leave negative or neutral feedback before contacting us.",2700.99,USD,5,"bridal_bracelet,anniversary_gift,birthstone_jewelry,statement_bracelet,silver_bracelet,925_Bracelet,luxury_bracelet,engagement_gift,Handcrafted_Jewelry,emerald_cut_bracelet,diamond_bracelet,adjustable_bracelet,Green_stone_jewelry","Emerald,Stone,Sterling silver,Diamond,Emerald",https://i.etsystatic.com/24638998/r/il/fa7cb3/7391594338/il_fullxfull.7391594338_k15r.jpg,https://i.etsystatic.com/24638998/r/il/69052a/7439510703/il_fullxfull.7439510703_1i55.jpg,https://i.etsystatic.com/24638998/r/il/b0310f/7391593858/il_fullxfull.7391593858_tt3p.jpg,https://i.etsystatic.com/24638998/r/il/05856b/7391593860/il_fullxfull.7391593860_bgmg.jpg,https://i.etsystatic.com/24638998/r/il/0a7f10/7439510709/il_fullxfull.7439510709_lp2y.jpg,https://i.etsystatic.com/24638998/r/il/b35369/7391593854/il_fullxfull.7391593854_m3sz.jpg,https://i.etsystatic.com/24638998/r/il/0cf8ae/7439510723/il_fullxfull.7439510723_8g8p.jpg,https://i.etsystatic.com/24638998/r/il/f526ac/7391593882/il_fullxfull.7391593882_m2ex.jpg,https://i.etsystatic.com/24638998/r/il/e4cd9a/7391593880/il_fullxfull.7391593880_fyul.jpg,https://i.etsystatic.com/24638998/r/il/f83071/7391593876/il_fullxfull.7391593876_8y8m.jpg,Length,"Bracelet length","7,7.25,7.50,8,8.50,9,9.5,10",,,,K-1687
"Natural Solitaire Tanzanite Ring, Handmade Sterling Silver Pave Diamond Jewelry, Elegant December Birthstone Ring","Natural Tanzanite Diamond Ring | 925 Sterling Silver Handmade Solitaire Ring | December Birthstone Jewelry | Anniversary Gift for Her

Product Specifications

Main Stone: Natural Tanzanite – 4.20 carats (Oval Cut, 10×8 mm)

Accent Stones: Natural Diamonds – 0.37 carats (Pavé Set)

Metal: 925 Sterling Silver, Rhodium Plated

Design: Classic Solitaire with Diamond Accents

Style: Elegant, Handmade, Fine Jewelry

Description

This Natural Tanzanite & Diamond Ring embodies refined elegance and timeless charm. The centerpiece features a mesmerizing 4.20-carat natural tanzanite, glowing with its signature violet-blue brilliance — a color that shifts beautifully in different lights. Accentuated by 0.37 carats of natural pavé-set diamonds, the sleek sterling silver band adds a touch of understated sparkle, making it a perfect fusion of luxury and simplicity.

Handcrafted in 925 sterling silver with a durable rhodium-plated finish, this ring is ideal for both daily wear and special occasions. Its design reflects sophistication while allowing the beauty of the gemstone to take center stage — a piece that feels modern yet eternally classic.

💎 Known as the December birthstone, tanzanite symbolizes transformation, intuition, and emotional balance, making this piece a meaningful and elegant keepsake.

💝 Perfect Gift Occasions:
This exquisite ring makes a wonderful gift for a wedding, a heartfelt engagement gift, or a cherished surprise for your fiancé or fiancée. It’s an ideal anniversary gift or birthday gift for her, perfect for your wife, girlfriend, sister, daughter, mom, or best friend. A thoughtful choice for Valentine’s Day, Mother’s Day, or Christmas and New Year. Beyond festive moments, it’s also a beautiful graduation or promotion gift, a bridesmaid present, or a token for the mother of the bride or groom. When you simply want to express love and admiration, it’s the perfect “just because,” “thinking of you,” or “thank you” gift — a symbol of timeless affection and grace.

This elegant tanzanite and diamond ring is perfect for admirers of handcrafted gemstone jewelry and luxury sterling silver designs. The luminous violet-blue tanzanite paired with sparkling pavé diamonds makes it ideal as an engagement ring, anniversary gift for her, or December birthstone jewelry. Whether you’re searching for a gift for wife, girlfriend, or mom, or a Valentine’s Day or wedding gift, this tanzanite solitaire ring shines with elegance, purity, and timeless allure.


★ This Jewelry comes with a Specially Designed Jewelry Box.
★ Have your own custom design? Send us a message and we will make it for you exactly how you want it to be:))
★ All our gemstones are 100% natural.

Visit links: For Other Design
https://vamijewells.etsy.com

Please Pay more attention to the Jewelry Care Tips:
★ Do not use chemical jewelry cleaners.
★ Gently polish with a soft, lint-free cloth.
★ Store your jewelry in a cool dry place.
★ Do not wear it to the pool, spa, or the beach.
★ Avoid contact with perfumes, body oils, and other chemicals, including household cleaners.
★ Remove when sleeping, exercising, or doing other physically strenuous activities.

Custom Order:
★ Please Noted that Once Custom Order has been Arranged for Production, Cancellation is not Allowed because all the Materials has been Prepared well for your Jewelry Making. Hope to get Your highly Understand! There are NO returns on custom Jewelry Thanks So Much!

Feedback:
★ If you have any problem with your order or you are not satisfied with your order please feel free to contact us and allow us to resolve your problem. But please do not leave negative or neutral feedback before contacting us.",780.99,USD,4,"925_silver_ring,Unique_silver_ring,Luxury_jewelry,Halo_Diamond_Ring,Anniversary_Gift,silver_jewelry,Minimalist_Ring,stackable_rings,Blue_Stone_Ring,Wedding_ring_gift,Engagement_Ring_gift,Birthday_gift_ring,Tanzanite_Ring","Sterling silver,Tanzanite,Diamond,Silver,Stone,Tanzanite",https://i.etsystatic.com/24638998/r/il/c2f5f5/7314532685/il_fullxfull.7314532685_ghu9.jpg,https://i.etsystatic.com/24638998/r/il/c769dd/7266586454/il_fullxfull.7266586454_53yv.jpg,https://i.etsystatic.com/24638998/r/il/386d09/7314532163/il_fullxfull.7314532163_nuxt.jpg,https://i.etsystatic.com/24638998/r/il/282e7b/7266586456/il_fullxfull.7266586456_ngu6.jpg,https://i.etsystatic.com/24638998/r/il/5eca19/7314532159/il_fullxfull.7314532159_205s.jpg,https://i.etsystatic.com/24638998/r/il/aa4d89/6812623953/il_fullxfull.6812623953_cgcl.jpg,https://i.etsystatic.com/24638998/r/il/2d1957/6812525709/il_fullxfull.6812525709_8qbv.jpg,,,,"Ring size","Ring size","5,5 1/4,5 1/2,5 3/4,6,6 1/4,6 1/2,6 3/4,7,7 1/4,7 1/2,7 3/4,8,8 1/4,8 1/2,8 3/4,9,9 1/4,9 1/2,9 3/4,10,10 1/4,10 1/2,10 3/4,11,11 1/4,11 1/2,11 3/4,12,12 1/4,12 1/2,12 3/4,13,13 1/4,13 1/2,13 3/4,14,14 1/4,14 1/2,14 3/4,15,15 1/4,15 1/2,15 3/4,16",,,,K-1500
"Natural Multi-Tourmaline & Diamond Jewelry Set, Handmade Sterling Silver Ring and Earrings Halo","Natural Multi Tourmaline Diamond Jewelry Set | 925 Sterling Silver Ring & Dangle Earrings | Handmade Luxury Gemstone Set | Statement Jewelry Gift for Her

✨ Product Specifications:

Gemstones: Natural Multi-Color Tourmalines with sparkling Pave Diamonds

Metal: Solid 925 Sterling Silver with a rhodium-plated finish for lasting brilliance

Design: Exquisite cluster arrangement of vibrant tourmalines in a diamond halo pattern

Earring Length: 32 mm — elegant and eye-catching for any occasion

💎 Why You’ll Love It:
This luxurious handcrafted jewelry set brings together an enchanting mix of natural multi-colored tourmalines, masterfully set in a shimmering pave diamond frame. The artful design highlights the rich, joyful hues of the tourmalines — each gem a unique splash of color that adds vibrance and sophistication. Whether worn as a set or styled separately, this piece radiates confidence and charm, perfect for special occasions or to elevate everyday elegance.

🎁 Perfect Gift For:
A remarkable gift for birthdays, anniversaries, weddings, or any milestone, this dazzling gemstone set is ideal for women who adore handmade luxury jewelry with a colorful twist. Surprise your wife, mother, or loved one with a treasure she’ll cherish forever — perfect for Summer Jewelry, Wedding Guest Jewelry, Fall Jewelry, or any occasion that calls for something truly memorable.

Exclusively by Vamika Jewels — Where Every Gem Tells a Story, and Every Design Is Made to Be Remembered.",250.99,USD,5,"925_silver_ring,Vintage_ring,Unique_silver_ring,Handmade_jewelry,Statement_ring,Women_jewelry,Luxury_jewelry,Tourmaline_Set,Wedding_Jewelry,Pave_Earrings,Statement_Jewelry,anniversary_gift,Promise_Jewelry","Tourmaline,Stone,Sterling silver",https://i.etsystatic.com/24638998/r/il/948070/7061534977/il_fullxfull.7061534977_oyri.jpg,https://i.etsystatic.com/24638998/r/il/a83c68/7061534969/il_fullxfull.7061534969_jpmo.jpg,https://i.etsystatic.com/24638998/r/il/c0686b/7061534967/il_fullxfull.7061534967_r48j.jpg,https://i.etsystatic.com/24638998/r/il/0773a9/7013558968/il_fullxfull.7013558968_oa6y.jpg,https://i.etsystatic.com/24638998/r/il/143670/7013558964/il_fullxfull.7013558964_5tra.jpg,https://i.etsystatic.com/24638998/r/il/aa4d89/6812623953/il_fullxfull.6812623953_cgcl.jpg,https://i.etsystatic.com/24638998/r/il/2d1957/6812525709/il_fullxfull.6812525709_8qbv.jpg,,,,"Custom Property",Style,"Earrings,Ring,Full Set","Custom Property","Ring Size","NA FOR EARRINGS,5 US,5.25 US,5.75 US,6 US,6.25 US,6.50 US,6.75 US,7 US,7.25 US,7.50 US,7.75 US,8 US,8.25 US,8.50 US,8.75 US,9 US,9.25 US,9.50 US,9.75 US,10 US,10.25 US,10.50 US,10.75 US,11 US,11.25 US,11.50 US,11.75 US,12 US,12.25 US,12.50 US,12.75 US,13 US,13.25 US,13.50 US,13.75 US,14 US,14.25 US,14.50 US,14.75 US,15 US,15.25 US,15.50 US,15.75 US,16 US",K-807
"Natural Moonstone & Kyanite Diamond Ring, Sterling Silver Cocktail Statement Multi Gemstone Jewelry","Natural Moonstone Diamond Ring, Kyanite Diamond Sterling Silver Cocktail Ring, Statement Ring, Moonstone Kyanite Jewelry Gift for Her

Product Specifications:

Center Stone: Natural Moonstone Cabochon (2.55 carats)

Accent Stones: Kyanite Petals (2.15 carats total)

Additional Stones: Natural Diamonds (0.62 carats total)

Metal: Solid 925 Sterling Silver

Finish: Rhodium Plated

Style: Statement Cocktail Ring

Occasion: Special Gift, Birthday, Anniversary, Celebration, Evening Wear

Handcrafted: Yes

Hypoallergenic: Yes

Description:
Let your day be filled with beauty and radiant emotions—this Natural Moonstone Diamond Ring is designed to complement every precious moment with the magic of genuine gemstones. At its heart, a shimmering moonstone cabochon (2.55 carats) glows with an ethereal sheen, surrounded by a dazzling halo of sparkling natural diamonds (0.62 carats) and deep blue kyanite petals (2.15 carats), creating a spectacular floral motif.

Handcrafted in solid 925 sterling silver with a refined rhodium-plated finish, this statement cocktail ring is a true work of art—luxurious, elegant, and unforgettable. The enchanting blend of moonstone, kyanite, and diamond captures the romance of twilight and the promise of new beginnings, making this piece a meaningful jewelry gift for her or a remarkable addition to your own collection.

Celebrate your unique beauty with a ring that radiates both sophistication and joy—crafted to turn every day into a special occasion.

★ This Jewelry comes with a Specially Designed Jewelry Box.
★ Have your own custom design? Send us a message and we will make it for you exactly how you want it to be:))
★ All our gemstones are 100% natural.

Visit links: For Other Design
https://vamijewells.etsy.com

Please Pay more attention to the Jewelry Care Tips:
★ Do not use chemical jewelry cleaners.
★ Gently polish with a soft, lint-free cloth.
★ Store your jewelry in a cool dry place.
★ Do not wear it to the pool, spa, or the beach.
★ Avoid contact with perfumes, body oils, and other chemicals, including household cleaners.
★ Remove when sleeping, exercising, or doing other physically strenuous activities.

Custom Order:
★ Please Noted that Once Custom Order has been Arranged for Production, Cancellation is not Allowed because all the Materials has been Prepared well for your Jewelry Making. Hope to get Your highly Understand! There are NO returns on custom Jewelry Thanks So Much!

Feedback:
★ If you have any problem with your order or you are not satisfied with your order please feel free to contact us and allow us to resolve your problem. But please do not leave negative or neutral feedback before contacting us.",658.93,USD,5,"Pave_diamond_ring,925_silver_ring,Vintage_ring,Unique_silver_ring,Handmade_jewelry,Statement_ring,Luxury_jewelry,Gemstone_Ring,Halo_Diamond_Ring,Engagement_Ring,Anniversary_Gift,Moonstone_Ring,Kyanite_Ring","Stone,Sterling silver,Moonstone",https://i.etsystatic.com/24638998/r/il/f974de/7011507768/il_fullxfull.7011507768_284w.jpg,https://i.etsystatic.com/24638998/r/il/5f16f7/7011507550/il_fullxfull.7011507550_ntpu.jpg,https://i.etsystatic.com/24638998/r/il/9c1fb5/7011507552/il_fullxfull.7011507552_fh9p.jpg,https://i.etsystatic.com/24638998/r/il/fa0f90/7059486205/il_fullxfull.7059486205_bjty.jpg,https://i.etsystatic.com/24638998/r/il/aa4d89/6812623953/il_fullxfull.6812623953_cgcl.jpg,https://i.etsystatic.com/24638998/r/il/2d1957/6812525709/il_fullxfull.6812525709_8qbv.jpg,,,,,"Ring size","Ring size","5,5 1/4,5 1/2,5 3/4,6,6 1/4,6 1/2,6 3/4,7,7 1/4,7 1/2,7 3/4,8,8 1/4,8 1/2,8 3/4,9,9 1/4,9 1/2,9 3/4,10,10 1/4,10 1/2,10 3/4,11,11 1/4,11 1/2,11 3/4,12,12 1/4,12 1/2,12 3/4,13,13 1/4,13 1/2,13 3/4,14,14 1/4,14 1/2,14 3/4,15,15 1/4,15 1/2,15 3/4,16",,,,K-803
"Natural Emerald Brooch Pin, 925 Sterling Silver Sapphire Diamond Butterfly Style Statement Pendant Jewelry","Natural Emerald Diamond Butterfly Brooch | 925 Sterling Silver Multi-Stone Pin & Pendant | Statement Sapphire Emerald Jewelry | Luxury Anniversary Gift

Product Specifications

Main Stone: Natural Emeralds – 14 carats total

Secondary Stones: Natural Diamonds – 2 carats

Accent Stones: Red Sapphires (eyes & antenna tips)

Metal: 925 Sterling Silver, Rhodium Plated

Design: Butterfly Style Brooch / Pendant

Size: 62 mm

Style: Statement, Multi-Stone, Handcrafted Jewelry

Description

This Natural Emerald Diamond Butterfly Brooch is an extraordinary work of art, combining elegance, craftsmanship, and natural beauty in one captivating design. The piece features a breathtaking arrangement of 14 carats of vivid green natural emeralds, meticulously set to form the wings of a stunning butterfly. Sparkling 2 carats of natural diamonds highlight every curve and contour, adding brilliant shimmer and luxurious depth. Finely detailed red sapphires embellish the eyes and antennae, completing the enchanting lifelike look of this exquisite creation.

Handcrafted in 925 sterling silver with a rhodium-plated finish, this brooch doubles as both a pin and a pendant, offering versatile styling for sarees, shawls, lapels, gowns, scarves, and necklaces. Measuring 62 mm, it is bold enough to make a statement yet refined enough to complement elegant eveningwear.

A show-stopping treasure for collectors and jewelry lovers, this butterfly brooch symbolizes transformation, grace, and renewal — making it a meaningful and luxurious gift.

💝 Perfect Gift Occasions:
This extraordinary butterfly brooch makes a memorable anniversary celebration gift, an elegant wedding or engagement accessory, and a thoughtful surprise for your wife, mom, sister, daughter, or best friend. It is also a cherished choice for birthday gifts, Valentine’s Day, Mother’s Day, Christmas, and New Year celebrations. Beyond festive moments, it shines as a timeless graduation gift, promotion or achievement gift, or a special token for the mother of the bride or groom. And when you simply want to express unconditional love, it becomes the perfect “just because,” “thinking of you,” or “thank you” gift — a true heirloom for every occasion.

✨ A breathtaking multi-stone butterfly brooch that celebrates elegance, transformation, and timeless beauty — a luxurious keepsake for generations.",1650.99,USD,5,"Silver_Gifts_for_her,Opal_Brooch,925_silver_pin,Diamond_brooch,Luxury_brooch,Elegant_brooch,Handmade_brooch,silver_brooch,brooch_for_him,gift_for_husband,emerald_brooch,tanzanite_brooch,gift_for_boyfriend","Emerald,Sterling silver,Diamond,Sapphire,Emerald",https://i.etsystatic.com/24638998/r/il/9d2bd2/7439494929/il_fullxfull.7439494929_1e4k.jpg,https://i.etsystatic.com/24638998/r/il/358565/7439494103/il_fullxfull.7439494103_dthh.jpg,https://i.etsystatic.com/24638998/r/il/c4ca84/7391577244/il_fullxfull.7391577244_el0r.jpg,https://i.etsystatic.com/24638998/r/il/9e7bdd/7439494095/il_fullxfull.7439494095_4ym4.jpg,https://i.etsystatic.com/24638998/r/il/1a22db/7391577248/il_fullxfull.7391577248_kqiw.jpg,https://i.etsystatic.com/24638998/r/il/0b836d/7391577242/il_fullxfull.7391577242_motx.jpg,https://i.etsystatic.com/24638998/r/il/f5af67/7391577246/il_fullxfull.7391577246_n4rf.jpg,https://i.etsystatic.com/24638998/r/il/aa4d89/6812623953/il_fullxfull.6812623953_cgcl.jpg,https://i.etsystatic.com/24638998/r/il/2d1957/6812525709/il_fullxfull.6812525709_8qbv.jpg,,,,,,,,K-1689
"Natural Ruby Sapphire & Diamond Dangle Earrings, 925 Sterling Silver Statement Jewelry, Anniversary Gift","Natural Ruby & Yellow Sapphire Dangle Earrings, 925 Sterling Silver Diamond Statement Jewelry, Floral Drop Earrings, Unique Anniversary Gift for Her

A Radiant Bloom of Rubies and Sapphires
Add a splash of royal color to your look with these exquisite Natural Ruby and Yellow Sapphire Dangle Earrings. Featuring a delicate floral-inspired cluster of rich red Rubies and sun-kissed Yellow Sapphires, these earrings are a tribute to nature's vibrant beauty.

Handcrafted in premium 925 Sterling Silver and accented with 0.66 carats of genuine diamonds, these 4 cm long drops offer just the right amount of movement and sparkle. Whether it's a wedding celebration or a romantic anniversary dinner, these earrings are designed to shine.

✨ Item Specifications:
Main Stone: Natural Red Rubies (2.70 Carats)

Accent Stone: Natural Yellow Sapphires (0.29 Carats)

Diamonds: Genuine Sparkling Diamonds (0.66 Carats)

Metal: Solid 925 Sterling Silver (Hallmarked)

Earring Length: 4 cm (Approx 1.5 inches)

Design: Floral Cluster Drop Statement Style

Weight: Approx 4.400 grams (as seen on tag)

💎 Why These Earrings are Special:
Rare Color Combination: Red Rubies paired with Yellow Sapphires create a warm, energetic palette that is both unique and traditional.

Versatile Length: At 4 cm, they provide a noticeable statement without being overly heavy, making them comfortable for long hours.

High-End Craftsmanship: Every stone is hand-selected and prong-set to ensure maximum light reflection and durability.

🎁 The Perfect Gift for Her
Presented in an elegant jewelry box, these earrings are a thoughtful choice for:

July Birthdays: A premium designer take on the Ruby birthstone.

Anniversary Milestones: A gift as precious as the time spent together.

Wedding Wear: Perfect for bridesmaids or the mother of the bride.

Care Instructions
To preserve the luster of your natural gemstones and silver, clean gently with a soft jewelry cloth. Avoid contact with harsh chemicals, perfumes, and hairsprays.",697.99,USD,5,"Ruby_Sapphire_Ear,925_Sterling_Silver,Dangle_Drop_Ear,Statement_Jewelry,Anniversary_Gift,Wedding_Jewelry,Natural_Red_Blue,July_Birthstone,September_Stone,Royal_Style_Ear,Unique_Gift_Women,Handmade_Silver,Festive_Earrings","Stone,Ruby,Sapphire,Diamond,Sterling silver,Ruby",https://i.etsystatic.com/24638998/r/il/23e713/7935435052/il_fullxfull.7935435052_nhxm.jpg,https://i.etsystatic.com/24638998/r/il/7ff26b/7983390043/il_fullxfull.7983390043_l7g4.jpg,https://i.etsystatic.com/24638998/r/il/b53d0f/7983390025/il_fullxfull.7983390025_iusz.jpg,https://i.etsystatic.com/24638998/r/il/0fccd1/7935434658/il_fullxfull.7935434658_29g7.jpg,https://i.etsystatic.com/24638998/r/il/aa4d89/6812623953/il_fullxfull.6812623953_cgcl.jpg,https://i.etsystatic.com/24638998/r/il/2d1957/6812525709/il_fullxfull.6812525709_8qbv.jpg,,,,,,,,,,,K-5088
"Natural Ruby Kyanite & Diamond Dangle Earrings, 925 Sterling Silver Statement Jewelry, Wedding Gift","Natural Ruby Kyanite Diamond Dangle Earrings, 925 Sterling Silver Extra Long Drop Earrings, 78mm Statement Jewelry, Unique Wedding Gift for Her

Bold Artistry Meets Natural Elegance
Make a grand entrance with these spectacular Natural Ruby & Kyanite Statement Earrings. Designed for the woman who loves avant-garde luxury, these earrings feature a mesmerizing combination of vibrant red Rubies and celestial blue Kyanites, framed by a staggering 1.55 carats of genuine diamonds.

Handcrafted in premium 925 Sterling Silver, these 78 mm long dangles feature an intricate, multi-tier design that sways gracefully with every movement. The contrast between the fiery Rubies and the calming Blue Kyanite makes this pair a unique masterpiece of nature.

✨ Premium Specifications:
Main Stones: Natural Red Rubies & Blue Kyanites

Gemstone Weight: * Natural Rubies: 7.40 Carats

Natural Kyanites: 3.25 Carats

Accent Stones: Genuine Sparkling Diamonds (1.55 Carats)

Metal: Solid 925 Sterling Silver (Hallmarked)

Earring Length: 78 mm (Approx 3 inches)

Design: Artisanal Tiered Drop Statement Style

Closure: Secure and comfortable lever-back hooks

💎 Why These Earrings Are Extraordinary:
Rare Gemstone Duo: The pairing of Ruby and Kyanite is rare in traditional jewelry, offering a unique look for collectors.

Dramatic Silhouette: At 78 mm, these extra-long drops elongate the neck and provide a high-fashion, sophisticated aesthetic.

Intricate Diamond Work: Over 1.5 carats of diamonds are hand-set to ensure a brilliant sparkle from every angle.

🎁 An Unforgettable Gift
Presented in a professional jewelry box, these earrings are the ultimate choice for:

The Modern Bride: For a bold and colorful statement on her special day.

Milestone Anniversaries: A gift that reflects a vibrant and precious journey.

July Birthdays: A luxury designer take on the traditional Ruby birthstone.

Care Instructions
To maintain the brilliance of the natural stones and the luster of the silver, clean gently with a soft jewelry cloth. Avoid ultrasonic cleaners and contact with harsh chemicals or perfumes.",1085.99,USD,5,"Ruby_Kyanite_Ear,925_Sterling_Silver,Dangle_Drop_Ear,Statement_Jewelry,Wedding_Gift,Anniversary_Gift,Natural_Red_Blue,July_Birthstone,Designer_Earrings,Unique_Gift_Women,Boho_Luxury_Ear,Handmade_Jewelry,Colorful_Dangle","Stone,Kyanite,Ruby,Diamond,Sterling silver,Kyanite",https://i.etsystatic.com/24638998/r/il/31632b/7935368534/il_fullxfull.7935368534_2r51.jpg,https://i.etsystatic.com/24638998/r/il/dcdbc3/7983318027/il_fullxfull.7983318027_ej56.jpg,https://i.etsystatic.com/24638998/r/il/f46026/7935363760/il_fullxfull.7935363760_iodd.jpg,https://i.etsystatic.com/24638998/r/il/0401c8/7983318025/il_fullxfull.7983318025_akj3.jpg,https://i.etsystatic.com/24638998/r/il/f0a973/7935363776/il_fullxfull.7935363776_l17m.jpg,https://i.etsystatic.com/24638998/r/il/88715a/7983318049/il_fullxfull.7983318049_lalg.jpg,https://i.etsystatic.com/24638998/r/il/c29349/7983318051/il_fullxfull.7983318051_fgzr.jpg,https://i.etsystatic.com/24638998/r/il/f5f6d0/7935363790/il_fullxfull.7935363790_axvx.jpg,https://i.etsystatic.com/24638998/r/il/aa4d89/6812623953/il_fullxfull.6812623953_cgcl.jpg,https://i.etsystatic.com/24638998/r/il/2d1957/6812525709/il_fullxfull.6812525709_8qbv.jpg,,,,,,,K-5089
"Natural Aquamarine Diamond Dangle Earrings, 925 Sterling Silver Elegant Designer Jewelry, Birthday Gift Women","Natural Aquamarine Diamond Dangle Earrings, 925 Sterling Silver Extra Long Drop Earrings, 11.65 Ct Icy Blue Gemstone Jewelry, Luxury Birthday Gift for Her

Step Into the Spotlight with Icy Elegance
Radiate sophistication with these breathtaking Natural Aquamarine and Diamond Dangle Earrings. Featuring a series of mesmerizing icy-blue Aquamarines that lead down to a dramatic drop, these earrings capture the essence of flowing water and pure light.

Handcrafted in premium 925 Sterling Silver, this pair is adorned with a staggering 2.70 carats of genuine diamonds, creating a continuous shimmer that frames the face with unmatched brilliance. At 8.5 cm long, these are true statement pieces designed for the woman who loves to make an entrance.

✨ Premium Specifications:
Main Stone: Natural Aquamarine (Multi-Stone Drop)

Aquamarine Weight: 11.65 Carats

Accent Stones: Genuine Sparkling Diamonds (2.70 Carats)

Metal: Solid 925 Sterling Silver (Hallmarked)

Earring Length: 8.5 cm (Extra Long Statement Drops)

Design: Elegant Cascading Linear Style

Closure: Secure and comfortable post with butterfly backs

💎 Why These Earrings Are a Masterpiece:
Exceptional Length: The 8.5 cm design is perfect for elongating the neckline and adding a dramatic touch to evening gowns.

Premium Carat Weight: With over 14 carats of natural gemstones and diamonds combined, these earrings are a significant investment in luxury.

Timeless Color: The serene blue of Aquamarine paired with the fire of natural diamonds creates a classic ""Ice & Fire"" aesthetic.

🎁 An Unforgettable Gift
Presented in a professional jewelry box, these earrings make a grand gesture for:

March Birthdays: A regal take on the traditional Aquamarine birthstone.

The Modern Bride: The perfect ""Something Blue"" for a sophisticated wedding look.

Milestone Anniversaries: A gift that reflects a lifetime of elegance.

Care Instructions
To preserve the delicate blue hue of the Aquamarine and the sparkle of the diamonds, clean gently with a soft cloth. Avoid exposure to perfumes, hairsprays, and harsh chemicals. Store in a separate jewelry pouch to avoid scratches.",1655.99,USD,3,"Aquamarine_Earring,925_Sterling_Silver,Diamond_Dangle,Birthday_Gift_Women,March_Birthstone,Light_Blue_Jewelry,Elegant_Drop_Ear,Designer_Earrings,Wedding_Jewelry,Icy_Blue_Earrings,Handmade_Silver,Anniversary_Gift,Statement_Dangle","Stone,Aquamarine,Diamond,Sterling silver,Aquamarine",https://i.etsystatic.com/24638998/r/il/dc1957/7935147696/il_fullxfull.7935147696_1xj3.jpg,https://i.etsystatic.com/24638998/r/il/3ff7cf/7935147694/il_fullxfull.7935147694_8h1l.jpg,https://i.etsystatic.com/24638998/r/il/5d0062/7935147704/il_fullxfull.7935147704_4b17.jpg,https://i.etsystatic.com/24638998/r/il/23d122/7983103493/il_fullxfull.7983103493_lk1s.jpg,https://i.etsystatic.com/24638998/r/il/c7c0e9/7935147726/il_fullxfull.7935147726_3959.jpg,https://i.etsystatic.com/24638998/r/il/aa4d89/6812623953/il_fullxfull.6812623953_cgcl.jpg,https://i.etsystatic.com/24638998/r/il/2d1957/6812525709/il_fullxfull.6812525709_8qbv.jpg,,,,,,,,,,K-5091
"Natural Blue Topaz Diamond Ring, 925 Sterling Silver Statement Jewelry, Wedding Anniversary Gift","Natural Blue Topaz Diamond Ring, 925 Sterling Silver Flower Halo Engagement Ring, Swiss Blue Topaz Statement Jewelry, Anniversary Gift for Her

A Breath of Fresh Azure Elegance
Capture the essence of a clear summer sky with this stunning Natural Blue Topaz and Diamond Ring. Featuring a vibrant, oval-cut Swiss Blue Topaz, this ring is beautifully framed by a sparkling floral halo of genuine diamonds.

Handcrafted in premium 925 Sterling Silver, the design exudes a timeless charm that is both sophisticated and eye-catching. Whether it's a promise of forever or a celebration of years spent together, this ring is a magnificent symbol of love and clarity.

✨ Item Specifications:
Main Stone: Natural Blue Topaz (Oval Cut)

Accent Stones: Genuine Sparkling Diamonds - 0.36 Carats

Metal: Solid 925 Sterling Silver (Hallmarked)

Design: Floral Halo Statement Ring

Stone Color: Vibrant Swiss Blue

Style: Classic Engagement / Anniversary Jewelry

💎 Why This Ring is a Perfect Choice:
Exceptional Clarity: The Blue Topaz is hand-selected for its brilliant saturation and eye-clean clarity.

Floral Diamond Halo: The intricate diamond setting creates a ""flower"" effect that enhances the size and sparkle of the center stone.

Premium Finish: High-polish rhodium finish over sterling silver ensures a long-lasting, tarnish-resistant shine.

🎁 A Gift to Treasure
Presented in a professional jewelry box, this ring is an ideal choice for:

The Elegant Bride: For a sophisticated and colorful engagement look.

December Birthdays: A regal take on the traditional birthstone.

Special Milestones: A perfect surprise for birthdays, anniversaries, or Mother's Day.

Care Instructions
To keep the diamonds and topaz sparkling, clean with a soft cloth and mild soapy water. Store in a cool, dry place and avoid contact with harsh household chemicals.",845.99,USD,4,"Blue_Topaz_Ring,London_Blue_Topaz,925_Sterling_Silver,Statement_Ring,Diamond_Accent_Ring,Wedding_Gift,Anniversary_Gift,December_Birthstone,Oval_Blue_Gemstone,Wide_Band_Ring,Unique_Promise_Ring,Handmade_Silver,Bridal_Jewelry","Silver,Topaz,Diamond,Sterling silver,Stone,Topaz",https://i.etsystatic.com/24638998/r/il/cc951a/7983089639/il_fullxfull.7983089639_2qri.jpg,https://i.etsystatic.com/24638998/r/il/ad3542/7935116222/il_fullxfull.7935116222_th35.jpg,https://i.etsystatic.com/24638998/r/il/0ce318/7983071777/il_fullxfull.7983071777_99n0.jpg,https://i.etsystatic.com/24638998/r/il/be98d0/7935116226/il_fullxfull.7935116226_pd2g.jpg,https://i.etsystatic.com/24638998/r/il/a28881/7935116234/il_fullxfull.7935116234_auqe.jpg,https://i.etsystatic.com/24638998/r/il/5cc968/7935116228/il_fullxfull.7935116228_8typ.jpg,https://i.etsystatic.com/24638998/r/il/aa4d89/6812623953/il_fullxfull.6812623953_cgcl.jpg,https://i.etsystatic.com/24638998/r/il/2d1957/6812525709/il_fullxfull.6812525709_8qbv.jpg,,,"Ring size","Ring size","5,5 1/4,5 1/2,5 3/4,6,6 1/4,6 1/2,6 3/4,7,7 1/4,7 1/2,7 3/4,8,8 1/4,8 1/2,8 3/4,9,9 1/4,9 1/2,9 3/4,10,10 1/4,10 1/2,10 3/4,11,11 1/4,11 1/2,11 3/4,12,12 1/4,12 1/2,12 3/4,13,13 1/4,13 1/2,13 3/4,14,14 1/4,14 1/2,14 3/4,15,15 1/4,15 1/2,15 3/4,16",,,,K-5092
"Natural Blue Topaz Diamond Ring, 925 Sterling Silver Statement Jewelry, Wedding Anniversary Gift","Natural Blue Topaz Diamond Ring, 925 Sterling Silver Cushion Cut Engagement Ring, Elegant Halo Statement Jewelry, Wedding Anniversary Gift for Her


A Timeless Symbol of Calm and Clarity
Radiate elegance with this stunning Natural Blue Topaz and Diamond Ring. Featuring a high-clarity, cushion-cut Blue Topaz that mirrors the serenity of tropical waters, this ring is a true masterpiece of minimalist luxury.

The central gemstone is embraced by a shimmering halo of 0.65 carats of genuine diamonds, which continue down the slender 925 Sterling Silver band for a seamless, brilliant sparkle. Whether you are looking for a non-traditional engagement ring or a meaningful anniversary surprise, this piece is designed to be cherished forever.

✨ Item Specifications:
Main Stone: Natural Blue Topaz (Cushion Cut)

Accent Stones: Genuine Sparkling Diamonds - 0.65 Carats

Metal: Solid 925 Sterling Silver (Hallmarked)

Design: Classic Halo Setting with a Thin Polished Band

Stone Color: Vibrant Sky Blue

Style: Contemporary Engagement / Anniversary Ring

💎 Why This Ring is a Perfect Choice:
Crystal Clear Brilliance: The cushion cut is specifically chosen to enhance the light performance and depth of the Blue Topaz.

Premium Diamond Accents: With over half a carat of diamonds, this ring offers a luxury feel at an accessible price point.

Versatile Style: Its sleek profile makes it perfect for stacking with wedding bands or wearing as a standalone statement piece.

🎁 An Unforgettable Gift
Presented in a professional jewelry box, this ring is an ideal choice for:

The Modern Bride: For a sophisticated and ""Something Blue"" engagement.

December Birthdays: A premium representation of the Blue Topaz birthstone.

Anniversary Milestones: A timeless gift that reflects a beautiful journey together.

Care Instructions
To maintain the icy blue brilliance of the Topaz, clean gently with a soft cloth and mild soapy water. Store in a separate jewelry pouch to protect the silver and diamonds from scratches.",1260.99,USD,4,"Blue_Topaz_Ring,London_Blue_Topaz,925_Sterling_Silver,Statement_Ring,Diamond_Accent_Ring,Wedding_Gift,Anniversary_Gift,December_Birthstone,Oval_Blue_Gemstone,Wide_Band_Ring,Unique_Promise_Ring,Handmade_Silver,Bridal_Jewelry","Silver,Topaz,Diamond,Sterling silver,Stone,Topaz",https://i.etsystatic.com/24638998/r/il/9a1961/7983066157/il_fullxfull.7983066157_1s6e.jpg,https://i.etsystatic.com/24638998/r/il/ebcdb4/7983039911/il_fullxfull.7983039911_gn6q.jpg,https://i.etsystatic.com/24638998/r/il/b8e0df/7935084148/il_fullxfull.7935084148_kqj9.jpg,https://i.etsystatic.com/24638998/r/il/c9290b/7983039915/il_fullxfull.7983039915_3btt.jpg,https://i.etsystatic.com/24638998/r/il/1d2817/7983039921/il_fullxfull.7983039921_dwmq.jpg,https://i.etsystatic.com/24638998/r/il/ce9fe9/7935084158/il_fullxfull.7935084158_ost3.jpg,https://i.etsystatic.com/24638998/r/il/aa4d89/6812623953/il_fullxfull.6812623953_cgcl.jpg,https://i.etsystatic.com/24638998/r/il/2d1957/6812525709/il_fullxfull.6812525709_8qbv.jpg,,,"Ring size","Ring size","5,5 1/4,5 1/2,5 3/4,6,6 1/4,6 1/2,6 3/4,7,7 1/4,7 1/2,7 3/4,8,8 1/4,8 1/2,8 3/4,9,9 1/4,9 1/2,9 3/4,10,10 1/4,10 1/2,10 3/4,11,11 1/4,11 1/2,11 3/4,12,12 1/4,12 1/2,12 3/4,13,13 1/4,13 1/2,13 3/4,14,14 1/4,14 1/2,14 3/4,15,15 1/4,15 1/2,15 3/4,16",,,,K-5094
"Natural Blue Topaz Tsavorite Engagement Ring, 925 Sterling Silver Diamond Jewelry, Wedding Anniversary Gift","Natural Blue Topaz & Tsavorite Engagement Ring, 925 Sterling Silver Diamond Jewelry, Unique Two-Tone Gemstone Ring, Anniversary Gift for Her

A Serene Blend of Azure and Green
Celebrate your unique bond with this breathtaking Natural Blue Topaz and Tsavorite Ring. Featuring a large, crystal-clear Blue Topaz at its center, this ring is beautifully accented by rare green Tsavorites and shimmering Natural Diamonds.

Handcrafted in premium 925 Sterling Silver, the design features a split-shank band that adds a modern touch to a classic cocktail style. The vibrant green Tsavorites provide a stunning contrast to the serene blue, making this ring a true standout piece for any occasion.

✨ Item Specifications:
Main Stone: Natural Blue Topaz (Oval Cut)

Accent Stones:

Natural Green Tsavorite: 0.48 Carats

Genuine Sparkling Diamonds: 0.35 Carats

Metal: Solid 925 Sterling Silver (Hallmarked)

Design: Split-Shank Statement Ring

Style: High-Fashion Engagement / Anniversary Ring

💎 Why This Ring is Special:
Vibrant Color Contrast: The rare combination of Blue Topaz and Tsavorite Garnet creates a fresh, nature-inspired look.

Premium Craftsmanship: Set in hallmarked sterling silver with hand-selected gemstones to ensure maximum brilliance.

Modern Silhouette: The split-band design not only looks elegant but also ensures a comfortable fit on the finger.

🎁 An Unforgettable Gift
This ring is a perfect choice for:

The Non-Traditional Bride: For someone who wants an engagement ring as unique as their personality.

December Birthdays: A premium take on the Blue Topaz birthstone.

Anniversaries: A luxurious way to celebrate your growing love.

Care Instructions
To maintain the sparkle of the Topaz and the luster of the silver, clean gently with a soft jewelry cloth. Avoid harsh chemicals and store in a separate pouch to prevent scratches.",1203.99,USD,5,"Blue_Topaz_Ring,Tsavorite_Jewelry,925_Sterling_Silver,Engagement_Ring,Wedding_Gift,Anniversary_Gift,Natural_Green_Stone,Blue_Green_Ring,Statement_Jewelry,December_Birthstone,Unique_Promise_Ring,Handmade_Silver,Bridal_Jewelry","Sterling silver,Topaz,Diamond,Garnet,Topaz",https://i.etsystatic.com/24638998/r/il/2cd593/7983019295/il_fullxfull.7983019295_22w8.jpg,https://i.etsystatic.com/24638998/r/il/6a7913/7983018789/il_fullxfull.7983018789_s8e8.jpg,https://i.etsystatic.com/24638998/r/il/a67e68/7983018795/il_fullxfull.7983018795_do26.jpg,https://i.etsystatic.com/24638998/r/il/72c30d/7983018805/il_fullxfull.7983018805_4azs.jpg,https://i.etsystatic.com/24638998/r/il/c80960/7983018815/il_fullxfull.7983018815_lxhl.jpg,https://i.etsystatic.com/24638998/r/il/aa4d89/6812623953/il_fullxfull.6812623953_cgcl.jpg,https://i.etsystatic.com/24638998/r/il/2d1957/6812525709/il_fullxfull.6812525709_8qbv.jpg,,,,"Ring size","Ring size","5,5 1/4,5 1/2,5 3/4,6,6 1/4,6 1/2,6 3/4,7,7 1/4,7 1/2,7 3/4,8,8 1/4,8 1/2,8 3/4,9,9 1/4,9 1/2,9 3/4,10,10 1/4,10 1/2,10 3/4,11,11 1/4,11 1/2,11 3/4,12,12 1/4,12 1/2,12 3/4,13,13 1/4,13 1/2,13 3/4,14,14 1/4,14 1/2,14 3/4,15,15 1/4,15 1/2,15 3/4,16",,,,K-5095
"Natural Moonstone Tourmaline & Pearl Jewelry Set, Gold Plated Sterling Silver Ring Earrings","Natural Moonstone & Tourmaline Pearl Jewelry Set | Gold Plated Silver Ring & Earring Set | Handmade Gemstone Statement Jewelry | Gift for Women

Product Specifications:

Main Stones: Natural Moonstone, Multi-Color Tourmaline, Freshwater Pearl

Metal: 925 Sterling Silver with Gold Plating

Earring Closure: Clip On

Earring Length: 55 mm

Ring Size: US 5 to 15 (custom sizing available on request)

Why You’ll Love It:
This exquisite jewelry set captures the whimsical charm of moonlight and color in one graceful design. Featuring pear-cut natural moonstones paired with a vibrant medley of multi-color tourmalines and luminous pearls, each piece is a tribute to artisan craftsmanship and timeless luxury. The gold-plated sterling silver adds a warm glow, enhancing the elegance of the ensemble. Whether worn for a grand celebration or gifted to someone special, this moonstone and tourmaline jewelry set is meant to dazzle and delight.

Perfect Gift For:
An exceptional gift for birthdays, anniversaries, weddings, or any cherished milestone. This designer moonstone, pearl, and tourmaline set is perfect for women who adore handcrafted gemstone jewelry and statement designs that reflect both personality and grace. Surprise your wife, mother, sister, or friend with a treasure she’ll remember forever — ideal for Women’s Day, Valentine’s Day, or simply to say, ""you are loved.""

✨ Free Shipping | US Ring Sizes 5 to 15 | Custom Size Available on Request
Exclusively by Vamika Jewels — Where Every Gem Tells a Story, and Every Design Is Made to Be Remembered.",251.24,USD,3,"925_silver_ring,Unique_silver_ring,Handmade_jewelry,Luxury_jewelry,Engagement_Gift,Anniversary_Gift,Birthday_Gift,Wedding_Gift,Vintage_jewelry,Victorian_Jewelry,multi_stone_jewelry,bohemian_jewelry,minimalist_jewellery","Pearl,Stone,Silver,Sterling silver",https://i.etsystatic.com/24638998/r/il/423236/6945104477/il_fullxfull.6945104477_ad05.jpg,https://i.etsystatic.com/24638998/r/il/a97404/6945104489/il_fullxfull.6945104489_kidr.jpg,https://i.etsystatic.com/24638998/r/il/aef085/6945104493/il_fullxfull.6945104493_pjpo.jpg,https://i.etsystatic.com/24638998/r/il/b78a05/6897129286/il_fullxfull.6897129286_c5km.jpg,https://i.etsystatic.com/24638998/r/il/f7e540/6897129282/il_fullxfull.6897129282_nxmv.jpg,https://i.etsystatic.com/24638998/r/il/1fa122/6945104499/il_fullxfull.6945104499_912g.jpg,https://i.etsystatic.com/24638998/r/il/aa4d89/6812623953/il_fullxfull.6812623953_cgcl.jpg,https://i.etsystatic.com/24638998/r/il/2d1957/6812525709/il_fullxfull.6812525709_8qbv.jpg,,,"Custom Property",Style,"Earrings,Ring,Complete Set","Custom Property","Ring Size","NA FOR EARRING,5 US,5 1/4 US,5 1/2 US,5 3/4 US,6 US,6 1/4 US,6 1/2 US,6 3/4 US,7 US,7 1/4 US,7 1/2 US,7 3/4 US,8 US,8 1/4 US,8 1/2 US,8 3/4 US,9 US,9 1/4 US,9 1/2 US,9 3/4 US,10 US,10 1/4 US,10 1/2 US,10 3/4 US,11 US,11 1/4 US,11 1/2 US,11 3/4 US,12 US,12 1/4 US,12 1/2 US,12 3/4 US,13 US,13 1/4 US,13 1/2 US,13 3/4 US,14 US,14 1/4 US,14 1/2 US,14 3/4 US,15 US,15 1/4 US,15 1/2 US,15 3/4 US,16 US",K-509
"Natural Moonstone Pave Diamond Bracelet, 925 Sterling Silver White Stone Cluster Jewelry","Natural Moonstone Pavé Diamond Bracelet, Handmade 925 Sterling Silver White Stone Statement Jewelry

📌 Product Specifications

Main Stone: Natural Moonstone

Accent Stones: Natural Diamonds (Pavé Set)

Stone Cut: Square / Emerald-Cut Style Moonstones

Metal: 925 Sterling Silver

Finish: Rhodium Plated

Jewelry Type: Statement Bracelet

Bracelet Width: Approx. 42 mm

Design: Wide geometric cluster with pavé diamond accents

Clasp: Secure box clasp with safety lock

Craftsmanship: Handcrafted with precision stone setting

💎 Description

This breathtaking Natural Moonstone & Pavé Diamond Bracelet is a luxurious statement of light, elegance, and refined craftsmanship. Featuring a wide, bold design measuring approximately 42 mm, the bracelet showcases luminous natural moonstones arranged in a striking geometric cluster, each stone revealing a mesmerizing play of light and soft rainbow flashes. Accented with delicately pavé-set natural diamonds, the design gains added brilliance and depth, elevating its high-end appeal. Handcrafted in solid 925 sterling silver and finished with radiant rhodium plating, this statement bracelet drapes beautifully on the wrist, making it an unforgettable piece for evening wear, special occasions, and collectors of distinctive gemstone jewelry. Elegant yet powerful, this bracelet is designed to command attention with effortless sophistication.

Perfect for shoppers searching for natural moonstone bracelet, moonstone diamond bracelet, wide statement bracelet, pavé diamond silver bracelet, handmade sterling silver jewelry, white gemstone bracelet, luxury gemstone bracelet, bold cocktail bracelet, anniversary gift for her, birthday jewelry gift, party wear bracelet, artisan silver jewelry, and unique high-end gemstone designs on Etsy.

Handcrafted using premium natural moonstones accented with sparkling natural diamonds, this bracelet is crafted in solid 925 sterling silver and finished with durable rhodium plating to enhance brilliance and long-lasting wear. Each stone is individually handset to maximize light reflection, smooth articulation, and structural integrity, reflecting expert craftsmanship and delivering a luxurious, heirloom-quality statement bracelet designed for refined elegance.",3300.99,USD,5,"diamond_bracelet,bridal_bracelet,anniversary_gift,silver_bracelet,luxury_bracelet,engagement_gift,Handcrafted_Jewelry,wedding_gift,birthday_gift,moonstone_bracelet,multi_stone_jewelry,diamond_jewelry,statement_jewelry","Moonstone,Stone,Sterling silver,Diamond,Moonstone",https://i.etsystatic.com/24638998/r/il/cdf88a/7524468666/il_fullxfull.7524468666_p4ba.jpg,https://i.etsystatic.com/24638998/r/il/79a976/7524468006/il_fullxfull.7524468006_ky2e.jpg,https://i.etsystatic.com/24638998/r/il/0c70e3/7572410185/il_fullxfull.7572410185_jfpl.jpg,https://i.etsystatic.com/24638998/r/il/106372/7572410181/il_fullxfull.7572410181_pm8o.jpg,https://i.etsystatic.com/24638998/r/il/9ac9e4/7524467978/il_fullxfull.7524467978_nc1w.jpg,https://i.etsystatic.com/24638998/r/il/5978a0/7572410189/il_fullxfull.7572410189_6uex.jpg,https://i.etsystatic.com/24638998/r/il/8ae616/7524467990/il_fullxfull.7524467990_h2zt.jpg,https://i.etsystatic.com/24638998/r/il/2cbec8/7524467988/il_fullxfull.7524467988_128o.jpg,https://i.etsystatic.com/24638998/r/il/aa4d89/6812623953/il_fullxfull.6812623953_cgcl.jpg,https://i.etsystatic.com/24638998/r/il/2d1957/6812525709/il_fullxfull.6812525709_8qbv.jpg,Length,"Bracelet length","6,6.5,7,7.50,8,8.50,9,9.5,10",,,,K-3052
"Natural Green Emerald Necklace, 925 Sterling Silver Cluster Statement Jewelry","Natural Green Emerald Necklace, Handmade 925 Sterling Silver Cluster Statement Jewelry

📌 Product Specifications

Main Stone: Natural Green Emerald

Stone Cut: Marquise / Navette Cut

Metal: 925 Sterling Silver

Finish: Rhodium Plated

Jewelry Type: Statement Necklace

Pendant Length: Approx. 5 cm

Clasp: Secure box clasp with safety hook

Design: Leaf-inspired clustered emerald arrangement

Style: Luxury, Bold, Elegant Statement Jewelry

Craftsmanship: Fully handcrafted with precision stone setting

💎 Description

This elegant Natural Green Emerald Necklace is a striking expression of refined luxury and timeless craftsmanship. Featuring rows of vibrant marquise-cut natural emeralds, the design forms a graceful leaf-inspired cluster that flows beautifully along the neckline. The rich green hues of the emeralds create depth, freshness, and an unmistakable sense of sophistication. Handcrafted in solid 925 sterling silver and finished with luminous rhodium plating, the 5 cm pendant drop adds a bold yet balanced statement, making this necklace perfect for special occasions, evening wear, and collectors of fine gemstone jewelry. A powerful blend of natural beauty and artisan detailing, this piece is designed to stand out effortlessly.

Ideal for shoppers searching for natural emerald necklace, emerald cluster necklace, green gemstone statement necklace, handmade sterling silver necklace, luxury emerald jewelry, marquise emerald necklace, bold silver statement jewelry, anniversary gift for her, birthday gemstone necklace, party wear jewelry, artisan gemstone necklace, and unique high-end emerald designs on Etsy.

Handcrafted using premium natural emeralds, this necklace is crafted in solid 925 sterling silver and finished with durable rhodium plating to enhance brilliance and long-term wear. Each marquise-cut emerald is individually handset to maximize color vibrancy, secure placement, and fluid movement, reflecting expert craftsmanship and delivering a luxurious, heirloom-quality statement necklace made for elegant styling.",1900.99,USD,4,"Handmade_jewelry,Anniversary_Gift,silver_jewelry,Engagement_Gift,fine_Jewelry,unique_necklace,Minimalist_necklace,wedding_necklace,multi_stone_necklace,Cluster_Necklace,Emerald_Necklace,Green_Stone_Necklace,Graduation_Gift","Emerald,Sterling silver,Emerald",https://i.etsystatic.com/24638998/r/il/8a4f80/7572393827/il_fullxfull.7572393827_huqd.jpg,https://i.etsystatic.com/24638998/r/il/6c601e/7524451066/il_fullxfull.7524451066_jt50.jpg,https://i.etsystatic.com/24638998/r/il/0be01f/7572393229/il_fullxfull.7572393229_bmp1.jpg,https://i.etsystatic.com/24638998/r/il/4bbb82/7524451062/il_fullxfull.7524451062_lqzf.jpg,https://i.etsystatic.com/24638998/r/il/e05b8d/7524451042/il_fullxfull.7524451042_kthi.jpg,https://i.etsystatic.com/24638998/r/il/f95576/7524451056/il_fullxfull.7524451056_9seq.jpg,https://i.etsystatic.com/24638998/r/il/07f29f/7524451052/il_fullxfull.7524451052_ma8v.jpg,https://i.etsystatic.com/24638998/r/il/0b9b39/7572393247/il_fullxfull.7572393247_ghza.jpg,https://i.etsystatic.com/24638998/r/il/21d452/7572393241/il_fullxfull.7572393241_o5xn.jpg,https://i.etsystatic.com/24638998/r/il/b2d136/7524451064/il_fullxfull.7524451064_t9qc.jpg,Length,"Necklace length","16,18,20,22",,,,K-3047
"Natural Tourmaline Ring, Gold Plated 925 Sterling Silver Yellow Sapphire Multi Stone Statement Jewelry","Natural Tourmaline Ring, Gold Plated 925 Sterling Silver Yellow Sapphire Statement Jewelry

📌 Product Specifications

Main Stone: Natural Tourmaline

Tourmaline Weight: 4.80 Carats

Accent Stones: Yellow Sapphire

Sapphire Weight: 0.55 Carats

Metal: 925 Sterling Silver

Finish: Gold Plated

Ring Type: Statement / Cocktail Ring

Design: Multi-stone cluster with contrast halo

Style: Luxury, Bold, Elegant

Craftsmanship: Handcrafted gemstone setting with fine detailing

💎 Description

This striking Natural Tourmaline & Yellow Sapphire Ring is a radiant expression of luxury and color. Featuring vibrant natural tourmalines totaling 4.80 carats, the design showcases a captivating blend of fresh green and aqua hues that instantly draw the eye. Encircled and accented by sparkling yellow sapphires weighing 0.55 carats, the gemstones create a bold yet harmonious contrast that enhances depth and brilliance. Handcrafted in solid 925 sterling silver and finished with rich gold plating, this statement ring delivers an elegant cocktail silhouette perfect for special occasions, evening wear, or collectors of distinctive gemstone jewelry. A refined balance of artistry and bold design, this ring is made to stand out.


Perfect for shoppers searching for natural tourmaline ring, tourmaline sapphire ring, gold plated sterling silver ring, multi stone cocktail ring, luxury gemstone statement ring, handmade silver jewelry, green gemstone ring, yellow sapphire jewelry, anniversary gift for her, birthday gemstone ring, party wear jewelry, artisan gemstone ring, and unique high-end gemstone designs on Etsy.

Handcrafted using premium natural tourmalines and genuine yellow sapphires, this ring is crafted in solid 925 sterling silver and finished with elegant gold plating for lasting shine and durability. Each gemstone is carefully handset to maximize color vibrancy, sparkle, and structural beauty, reflecting expert craftsmanship and delivering a luxurious, high-quality statement ring designed for bold and refined styling.",680.99,USD,4,"925_silver_ring,Unique_silver_ring,Handmade_jewelry,Luxury_jewelry,Engagement_Ring,Anniversary_Gift,silver_jewelry,stackable_ring,mothers_day_gifts,cocktail_jewelry,multi_stone_jewelry,Sapphire_Ring,Tourmaline_ring","Silver,Tourmaline,Sapphire,Sterling silver,Stone,Tourmaline",https://i.etsystatic.com/24638998/r/il/c0f891/7572373207/il_fullxfull.7572373207_eqoo.jpg,https://i.etsystatic.com/24638998/r/il/b29b20/7572371877/il_fullxfull.7572371877_sf7n.jpg,https://i.etsystatic.com/24638998/r/il/7cae05/7572371871/il_fullxfull.7572371871_9h88.jpg,https://i.etsystatic.com/24638998/r/il/d171d5/7524429564/il_fullxfull.7524429564_8x9u.jpg,https://i.etsystatic.com/24638998/r/il/d976d0/7572371873/il_fullxfull.7572371873_19k2.jpg,https://i.etsystatic.com/24638998/r/il/9e870b/7572371875/il_fullxfull.7572371875_1czz.jpg,https://i.etsystatic.com/24638998/r/il/aa4d89/6812623953/il_fullxfull.6812623953_cgcl.jpg,https://i.etsystatic.com/24638998/r/il/2d1957/6812525709/il_fullxfull.6812525709_8qbv.jpg,,,"Ring size","Ring size","5,5 1/4,5 1/2,5 3/4,6,6 1/4,6 1/2,6 3/4,7,7 1/4,7 1/2,7 3/4,8,8 1/4,8 1/2,8 3/4,9,9 1/4,9 1/2,9 3/4,10,10 1/4,10 1/2,10 3/4,11,11 1/4,11 1/2,11 3/4,12,12 1/4,12 1/2,12 3/4,13,13 1/4,13 1/2,13 3/4,14,14 1/4,14 1/2,14 3/4,15,15 1/4,15 1/2,15 3/4,16",,,,K-3055
"Natural Ruby Brooch Pendant, 925 Sterling Silver Handmade Gemstone Cluster Jewelry, July Birthstone","Natural Ruby Brooch Pendant, Handmade 925 Sterling Silver Cluster Jewelry, July Birthstone Statement Gift
📌 Product Specifications

Gemstone: Natural Ruby

Ruby Setting: Cluster arrangement with cabochon and oval stones

Metal: 925 Sterling Silver

Finish: Rhodium Plated

Jewelry Type: Brooch & Pendant (Dual Wear)

Pendant Size: Approx. 5 cm

Design Style: Floral / Sunburst Cluster

Craftsmanship: Handcrafted gemstone setting with intricate silver framework

Birthstone: July

💎 Description

This exquisite Natural Ruby Brooch Pendant is a timeless celebration of bold color and artisanal craftsmanship. Handcrafted in solid 925 sterling silver and finished with luminous rhodium plating, this statement piece features a mesmerizing cluster of vibrant natural rubies arranged in a radiant floral sunburst design. The rich crimson hues of the rubies create depth, warmth, and undeniable elegance, making this dual-wear brooch pendant a versatile treasure that transitions effortlessly from formal occasions to heirloom styling. Measuring approximately 5 cm, it commands attention whether worn as a pendant or styled as a brooch, reflecting refined elegance, vintage charm, and luxurious gemstone artistry—an unforgettable piece for lovers of fine handmade jewelry.

Ideal for shoppers searching for natural ruby brooch pendant, ruby cluster jewelry, July birthstone jewelry, handmade ruby brooch, ruby pendant brooch dual wear, 925 sterling silver gemstone brooch, vintage style ruby jewelry, red gemstone statement brooch, luxury handmade silver jewelry, floral ruby brooch pendant, anniversary gift for her, birthday gemstone jewelry, artisan gemstone brooch, and unique high-end ruby designs on Etsy.

Handcrafted with premium natural rubies set in solid 925 sterling silver, this brooch pendant is finished with durable rhodium plating to enhance brilliance and longevity. Each gemstone is individually handset to ensure maximum color vibrancy, secure setting, and refined detailing, showcasing expert craftsmanship and delivering a luxurious, heirloom-quality statement jewelry piece designed for lasting beauty and elegant wear.",690.99,USD,5,"925_Silver_Brooch,Multi_Gemstone_Pin,Sterling_Silver_Pin,Luxury_Brooch_Silver,Vintage_Style_Brooch,Gemstone_Pendant_925,multi_stone_brooches,brooch_pin,brooch_handmade,brooch_for_men,silver_brooch,925_brooch,brooch_for_women","Ruby,Stone,Silver,Sterling silver,Ruby",https://i.etsystatic.com/24638998/r/il/ce5fd0/7524389364/il_fullxfull.7524389364_3qh5.jpg,https://i.etsystatic.com/24638998/r/il/0b45fc/7524388732/il_fullxfull.7524388732_jsdr.jpg,https://i.etsystatic.com/24638998/r/il/88c1a9/7524388718/il_fullxfull.7524388718_l1c8.jpg,https://i.etsystatic.com/24638998/r/il/960107/7524388720/il_fullxfull.7524388720_jaav.jpg,https://i.etsystatic.com/24638998/r/il/f0d6b9/7524388716/il_fullxfull.7524388716_lkr2.jpg,https://i.etsystatic.com/24638998/r/il/cd2b70/7572331295/il_fullxfull.7572331295_t02v.jpg,https://i.etsystatic.com/24638998/r/il/aa4d89/6812623953/il_fullxfull.6812623953_cgcl.jpg,https://i.etsystatic.com/24638998/r/il/2d1957/6812525709/il_fullxfull.6812525709_8qbv.jpg,,,,,,,,,K-3058
"Natural Lemon Topaz Ruby Cluster Necklace, 925 Sterling Silver Tourmaline Multi Stone Statement Jewelry","Natural Lemon Topaz & Ruby Cluster Necklace, Handmade 925 Sterling Silver Multi Stone Statement Jewelry

📌 Product Specifications

Primary Stone: Natural Lemon Topaz (Lemon Quartz)

Accent Stones: Natural Rubies, Tourmalines, Amethysts, Rhodolites, Tanzanites, Chrome Diopside, Citrines & Garnets

Metal: 925 Sterling Silver

Finish: Rhodium Plated

Jewelry Type: Statement Necklace

Pendant Length: Approx. 7.5 cm

Design: Floral & geometric cluster with halo-style gemstone arrangement

Style: Luxury, Bold, High-End Multi Gemstone Jewelry

Craftsmanship: Fully handcrafted with individually handset natural gemstones

💎 Description

This luxurious Natural Lemon Topaz & Ruby Cluster Necklace is a breathtaking celebration of color, craftsmanship, and statement elegance. At the heart of the design, luminous lemon topaz gemstones are beautifully framed by vibrant halos of natural rubies, creating a radiant focal point that instantly commands attention. Accented with an exquisite mix of tourmalines, amethysts, rhodolites, tanzanites, chrome diopside, citrines, and garnets, this necklace showcases a rich symphony of colors arranged in an intricate handcrafted cluster design. Crafted in solid 925 sterling silver with a refined rhodium plated finish, the bold 7.5 cm pendant drapes gracefully, making it an unforgettable statement piece for special occasions, luxury evenings, and collectors of rare multi gemstone jewelry.

Perfect for shoppers searching for natural lemon topaz necklace, ruby cluster necklace, multi gemstone statement necklace, handmade sterling silver necklace, luxury gemstone jewelry, tourmaline amethyst ruby necklace, bold silver statement necklace, colorful gemstone jewelry, anniversary gift for her, birthday gemstone necklace, evening party jewelry, artisan silver jewelry, and unique high-end gemstone designs on Etsy.

Handcrafted using premium natural lemon topaz and an expertly curated selection of genuine rubies, tourmalines, amethysts, rhodolites, tanzanites, chrome diopside, citrines, and garnets, this necklace is crafted in solid 925 sterling silver and finished with luminous rhodium plating for lasting brilliance. Each gemstone is meticulously handset to enhance color depth, sparkle, and structural beauty, resulting in a luxurious, heirloom-quality statement necklace designed for refined elegance and enduring wear.",2000.99,USD,4,"Handmade_jewelry,Anniversary_Gift,silver_jewelry,Engagement_Gift,fine_Jewelry,unique_necklace,Minimalist_necklace,wedding_necklace,multi_stone_necklace,Ruby_Necklace,Cluster_Necklace,Tanzanite_necklace,Tourmaline_Necklace","Sterling silver,Topaz,Ruby,Citrine,Garnet,Ruby",https://i.etsystatic.com/24638998/r/il/debc02/7524400444/il_fullxfull.7524400444_562r.jpg,https://i.etsystatic.com/24638998/r/il/d533b4/7572343135/il_fullxfull.7572343135_3ejw.jpg,https://i.etsystatic.com/24638998/r/il/e44d66/7524400422/il_fullxfull.7524400422_izgg.jpg,https://i.etsystatic.com/24638998/r/il/b997cf/7572343127/il_fullxfull.7572343127_1rc7.jpg,https://i.etsystatic.com/24638998/r/il/7654ca/7572343131/il_fullxfull.7572343131_pj8k.jpg,https://i.etsystatic.com/24638998/r/il/2348db/7572343125/il_fullxfull.7572343125_2f4g.jpg,https://i.etsystatic.com/24638998/r/il/2f3bbc/7572343133/il_fullxfull.7572343133_ifue.jpg,https://i.etsystatic.com/24638998/r/il/c2ef05/7524400426/il_fullxfull.7524400426_iybs.jpg,https://i.etsystatic.com/24638998/r/il/6d74f6/7524400448/il_fullxfull.7524400448_ipov.jpg,https://i.etsystatic.com/24638998/r/il/b90cf4/7524400432/il_fullxfull.7524400432_63je.jpg,Length,"Necklace length","16,18,20,22",,,,K-3057
"Natural Tourmaline Ring, 925 Sterling Silver Yellow Sapphire Multi Stone Statement Jewelry","Natural Tourmaline Ring – 925 Sterling Silver Yellow Sapphire Multi-Stone Statement Jewelry
Product Specifications

Main Stone: Natural Tourmaline

Tourmaline Weight: 5.39 Carats

Accent Stones: Natural Yellow Sapphire

Yellow Sapphire Weight: 0.40 Carats

Metal: 925 Sterling Silver

Finish: Rhodium Plated

Ring Type: Statement / Cocktail Ring

Design: Cabochon tourmaline with yellow sapphire pavé band accents

Style: Luxury, Elegant, Contemporary Fine Jewelry

Craftsmanship: Handcrafted with precision gemstone setting and polished silver shank

Description

This refined Natural Tourmaline & Yellow Sapphire Ring is a graceful blend of earthy elegance and modern luxury. Featuring a luminous natural tourmaline cabochon weighing 5.39 carats, the center stone displays rich, organic tones with beautiful depth and a smooth, glassy glow. The design is elevated by sparkling yellow sapphires totaling 0.40 carats, pavé-set along the band to add a subtle golden brilliance that perfectly complements the tourmaline’s warmth. Handcrafted in solid 925 sterling silver with a radiant rhodium-plated finish, this statement ring offers a sleek profile with striking presence. Ideal for everyday luxury, evening wear, or as a unique gemstone gift, this tourmaline sapphire ring reflects understated sophistication and timeless charm.

Ideal for shoppers searching for a natural tourmaline ring, tourmaline cabochon ring, yellow sapphire silver ring, 925 sterling silver statement ring, handmade gemstone ring, luxury tourmaline jewelry, multi stone cocktail ring, modern gemstone ring for women, anniversary gift for her, birthday gemstone jewelry, elegant daily wear jewelry, artisan silver jewelry, and unique fine gemstone designs on Etsy.

Handcrafted with a premium natural tourmaline centerpiece accented by brilliant natural yellow sapphires, this ring is crafted in solid 925 sterling silver and finished with luminous rhodium plating to enhance shine and long-lasting durability. Each gemstone is carefully handset to ensure security, brilliance, and balance, reflecting skilled craftsmanship and delivering a luxurious, high-quality statement ring designed for confident, elegant styling.",535.99,USD,4,"925_silver_ring,Unique_silver_ring,Handmade_jewelry,Luxury_jewelry,Engagement_Ring,Anniversary_Gift,silver_jewelry,stackable_ring,mothers_day_gifts,cocktail_jewelry,multi_stone_jewelry,Sapphire_Ring,Tourmaline_ring","Silver,Tourmaline,Sapphire,Sterling silver,Stone,Tourmaline",https://i.etsystatic.com/24638998/r/il/313063/7524378584/il_fullxfull.7524378584_gco1.jpg,https://i.etsystatic.com/24638998/r/il/ebd068/7572320073/il_fullxfull.7572320073_2f48.jpg,https://i.etsystatic.com/24638998/r/il/468dda/7524377554/il_fullxfull.7524377554_4wsc.jpg,https://i.etsystatic.com/24638998/r/il/84e38a/7524377560/il_fullxfull.7524377560_r6ug.jpg,https://i.etsystatic.com/24638998/r/il/b5fb15/7572320079/il_fullxfull.7572320079_g2ga.jpg,https://i.etsystatic.com/24638998/r/il/539297/7572320071/il_fullxfull.7572320071_88j7.jpg,https://i.etsystatic.com/24638998/r/il/a6a502/7572320081/il_fullxfull.7572320081_af49.jpg,https://i.etsystatic.com/24638998/r/il/aa4d89/6812623953/il_fullxfull.6812623953_cgcl.jpg,https://i.etsystatic.com/24638998/r/il/2d1957/6812525709/il_fullxfull.6812525709_8qbv.jpg,,"Ring size","Ring size","5,5 1/4,5 1/2,5 3/4,6,6 1/4,6 1/2,6 3/4,7,7 1/4,7 1/2,7 3/4,8,8 1/4,8 1/2,8 3/4,9,9 1/4,9 1/2,9 3/4,10,10 1/4,10 1/2,10 3/4,11,11 1/4,11 1/2,11 3/4,12,12 1/4,12 1/2,12 3/4,13,13 1/4,13 1/2,13 3/4,14,14 1/4,14 1/2,14 3/4,15,15 1/4,15 1/2,15 3/4,16",,,,K-3059
"Natural Amethyst Ring, 925 Sterling Silver Rhodolite Garnet Multi Stone Cluster Statement Jewelry","Natural Amethyst Ring – 925 Sterling Silver Rhodolite Garnet Multi-Stone Cluster Statement Jewelry
Product Specifications

Main Stone: Natural Amethyst

Amethyst Weight: 12.75 Carats

Accent Stones: Natural Rhodolite Garnet

Rhodolite Weight: 6.10 Carats

Metal: 925 Sterling Silver

Finish: Rhodium Plated

Ring Type: Statement / Cocktail Ring

Design: Bold emerald-cut center with pavé-style multi-stone cluster setting

Style: Luxury, Bold, High-End Fine Jewelry

Craftsmanship: Handcrafted with precision pavé setting and sculpted silver gallery

Description

This spectacular Natural Amethyst & Rhodolite Garnet Ring is a commanding statement of elegance, depth, and luxurious craftsmanship. Showcasing a striking emerald-cut natural amethyst weighing an impressive 12.75 carats, the centerpiece radiates rich royal purple hues with exceptional clarity and brilliance. Encircling the amethyst is a lavish cluster of natural rhodolite garnets totaling 6.10 carats, pavé-set to create a glowing halo of vibrant berry-toned sparkle. Handcrafted in solid 925 sterling silver with a radiant rhodium-plated finish, the bold silhouette and elevated gallery lend dramatic presence while maintaining refined balance and comfort. Designed for evening wear, festive occasions, and collectors of standout gemstone jewelry, this ring embodies modern glamour with timeless sophistication.

Ideal for shoppers searching for a natural amethyst ring, amethyst cocktail ring, rhodolite garnet statement ring, purple gemstone jewelry, 925 sterling silver luxury ring, handmade gemstone cocktail ring, pavé cluster ring, bold statement jewelry for women, anniversary gift for her, birthday gemstone jewelry, evening and party jewelry, artisan silver jewelry, and unique high-end gemstone designs on Etsy.

Handcrafted with a premium natural amethyst centerpiece accented by richly colored natural rhodolite garnets, this ring is crafted in solid 925 sterling silver and finished with luminous rhodium plating for enhanced brilliance and long-lasting durability. Each gemstone is carefully handset to maximize sparkle, color harmony, and structural strength, reflecting expert craftsmanship and delivering a luxurious, heirloom-quality statement ring designed for confident, elegant styling.",900.99,USD,4,"925_silver_ring,Unique_silver_ring,Handmade_jewelry,Luxury_jewelry,Engagement_Ring,Anniversary_Gift,silver_jewelry,stackable_ring,Amethyst_ring,mothers_day_gifts,cocktail_jewelry,Garnet_Ring,multi_stone_jewelry","Sterling silver,Rhodolite,Amethyst,Silver,Stone,Amethyst",https://i.etsystatic.com/24638998/r/il/d851e0/7572262957/il_fullxfull.7572262957_5moa.jpg,https://i.etsystatic.com/24638998/r/il/0107c0/7524318616/il_fullxfull.7524318616_6b7p.jpg,https://i.etsystatic.com/24638998/r/il/3576fc/7524318612/il_fullxfull.7524318612_m9ug.jpg,https://i.etsystatic.com/24638998/r/il/ee5516/7524318620/il_fullxfull.7524318620_m2kd.jpg,https://i.etsystatic.com/24638998/r/il/753379/7524318614/il_fullxfull.7524318614_l7ly.jpg,https://i.etsystatic.com/24638998/r/il/5b567b/7524318618/il_fullxfull.7524318618_nb25.jpg,https://i.etsystatic.com/24638998/r/il/7251d1/7572261729/il_fullxfull.7572261729_82gr.jpg,https://i.etsystatic.com/24638998/r/il/aa4d89/6812623953/il_fullxfull.6812623953_cgcl.jpg,https://i.etsystatic.com/24638998/r/il/2d1957/6812525709/il_fullxfull.6812525709_8qbv.jpg,,"Ring size","Ring size","5,5 1/4,5 1/2,5 3/4,6,6 1/4,6 1/2,6 3/4,7,7 1/4,7 1/2,7 3/4,8,8 1/4,8 1/2,8 3/4,9,9 1/4,9 1/2,9 3/4,10,10 1/4,10 1/2,10 3/4,11,11 1/4,11 1/2,11 3/4,12,12 1/4,12 1/2,12 3/4,13,13 1/4,13 1/2,13 3/4,14,14 1/4,14 1/2,14 3/4,15,15 1/4,15 1/2,15 3/4,16",,,,K-3061
"Natural Fire Opal Cluster Necklace - 925 Sterling Silver Pave Diamond Statement Jewelry","Natural Fire Opal Cluster Necklace – 925 Sterling Silver Pavé Diamond Statement Jewelry
Product Specifications

Main Stone: Natural Fire Opal

Accent Stones: Natural Diamonds

Metal: 925 Sterling Silver

Finish: Rhodium Plated

Necklace Type: Statement / Cluster Necklace

Pendant Size: Approx. 57 mm

Design: Multi-opal cluster with pavé diamond halo accents

Clasp: Secure lobster clasp

Style: Luxury, Bold, Elegant Fine Jewelry

Craftsmanship: Handcrafted with precision opal setting and detailed diamond pavé work

Description

This mesmerizing Natural Fire Opal Cluster Necklace is a radiant celebration of light, color, and artisanal luxury. Featuring a breathtaking arrangement of natural fire opals, each stone displays captivating flashes of green, pastel fire, and soft rainbow play that shimmer beautifully with every movement. The opals are artfully clustered into a bold 57 mm pendant and delicately outlined with sparkling pavé-set natural diamonds, enhancing brilliance while preserving the organic beauty of each gemstone. Handcrafted in solid 925 sterling silver with a luminous rhodium-plated finish, this statement necklace drapes elegantly along the neckline, creating an unforgettable focal point. Perfect for weddings, festive occasions, evening wear, or collectors of exceptional gemstone jewelry, this fire opal necklace embodies timeless elegance and refined glamour.

Ideal for shoppers searching for a natural fire opal necklace, opal cluster necklace, diamond opal statement necklace, 925 sterling silver luxury necklace, handmade opal jewelry, pavé diamond pendant necklace, bold opal statement jewelry, bridal opal necklace, anniversary gift for her, birthday gemstone jewelry, evening party necklace, artisan silver jewelry, and unique high-end gemstone designs on Etsy.

Handcrafted with premium natural fire opals accented by shimmering natural diamonds, this necklace is crafted in solid 925 sterling silver and finished with radiant rhodium plating to enhance brilliance and ensure long-lasting durability. Each opal is carefully handset to protect its natural fire and maximize color play, while the pavé diamond detailing adds refined sparkle, reflecting expert craftsmanship and delivering a luxurious, heirloom-quality statement necklace designed for confident, elegant styling.",3099.99,USD,5,"Handmade_jewelry,Anniversary_Gift,silver_jewelry,Engagement_Gift,fine_Jewelry,unique_necklace,Minimalist_necklace,wedding_necklace,Diamond_Necklace,multi_stone_necklace,white_Stone_Necklace,fire_opal_necklace,fancy_opal_necklace","Stone,Opal,Diamond,Sterling silver,Silver,Opal",https://i.etsystatic.com/24638998/r/il/d50fb8/7572188773/il_fullxfull.7572188773_78wv.jpg,https://i.etsystatic.com/24638998/r/il/69c18b/7524245106/il_fullxfull.7524245106_rt5i.jpg,https://i.etsystatic.com/24638998/r/il/3d6fd8/7524245092/il_fullxfull.7524245092_46kz.jpg,https://i.etsystatic.com/24638998/r/il/f25820/7524245098/il_fullxfull.7524245098_r2du.jpg,https://i.etsystatic.com/24638998/r/il/9bafa6/7572188243/il_fullxfull.7572188243_r9dw.jpg,https://i.etsystatic.com/24638998/r/il/aa4d89/6812623953/il_fullxfull.6812623953_cgcl.jpg,https://i.etsystatic.com/24638998/r/il/2d1957/6812525709/il_fullxfull.6812525709_8qbv.jpg,,,,Length,"Necklace length","16,18,20,22",,,,K-3063
"Natural Emerald Ruby Jewelry Set, 925 Sterling Silver Sapphire Multi Stone Cluster Ring Earring","Natural Emerald Ruby Jewelry Set – 925 Sterling Silver Sapphire Multi-Stone Cluster Ring & Earrings
Product Specifications

Main Stones: Natural Emerald & Natural Ruby

Accent Stones: Natural Sapphire

Metal: 925 Sterling Silver

Finish: Rhodium Plated

Jewelry Type: Ring & Earrings Set

Design: Floral-inspired multi-stone cluster

Earring Closure: Secure Post Back

Ring Type: Statement / Cluster Ring

Style: Luxury, Elegant, Colorful Fine Jewelry

Craftsmanship: Handcrafted with precision stone setting and detailed silver work

Description

This vibrant Natural Emerald, Ruby & Sapphire Jewelry Set is a beautiful celebration of color, craftsmanship, and timeless elegance. Fresh green natural emeralds and rich pink-red rubies form a captivating floral cluster, while deep blue sapphires add contrast and depth, creating a harmonious multi-stone composition that sparkles from every angle. Handcrafted in solid 925 sterling silver with a radiant rhodium-plated finish, the matching statement ring and earrings offer refined brilliance with a bold yet graceful presence. Perfect for festive occasions, evening wear, weddings, or as a luxurious gift, this emerald ruby sapphire set blends classic gemstone beauty with contemporary sophistication.

Ideal for shoppers searching for a natural emerald ruby jewelry set, emerald ruby ring earrings, sapphire multi stone jewelry, 925 sterling silver gemstone set, handmade cluster jewelry, floral gemstone ring earrings, colorful statement jewelry, luxury silver jewelry for women, anniversary gift for her, birthday gemstone jewelry, festive and evening wear jewelry, artisan silver jewelry, and unique high-end gemstone designs on Etsy.

Handcrafted with premium natural emeralds, vivid rubies, and rich blue sapphires, this jewelry set is crafted in solid 925 sterling silver and finished with luminous rhodium plating to enhance brilliance and ensure long-lasting durability. Each gemstone is expertly handset to maximize sparkle, color harmony, and structural elegance, reflecting skilled craftsmanship and delivering a luxurious, high-quality ring and earrings set ideal for elegant occasions and confident styling.",300.99,USD,5,"925_silver_ring,Unique_silver_ring,Handmade_jewelry,Women_jewelry,Luxury_jewelry,Multi_Stone_Jewelry,Birthday_Gift,Wedding_Gift,Emerald_Ring,Emerald_Earring,Ruby_Ring,Ruby_Earring,sapphire_jewelry","Emerald,Ruby,Sapphire,Sterling silver,Stone,Emerald",https://i.etsystatic.com/24638998/r/il/84caef/7572034965/il_fullxfull.7572034965_dmip.jpg,https://i.etsystatic.com/24638998/r/il/aa846d/7524090334/il_fullxfull.7524090334_ib5u.jpg,https://i.etsystatic.com/24638998/r/il/ccc257/7572034481/il_fullxfull.7572034481_eszu.jpg,https://i.etsystatic.com/24638998/r/il/8fa3f2/7524090332/il_fullxfull.7524090332_9hv4.jpg,https://i.etsystatic.com/24638998/r/il/ff346a/7572034477/il_fullxfull.7572034477_q8am.jpg,https://i.etsystatic.com/24638998/r/il/aa4d89/6812623953/il_fullxfull.6812623953_cgcl.jpg,https://i.etsystatic.com/24638998/r/il/2d1957/6812525709/il_fullxfull.6812525709_8qbv.jpg,,,,"Custom Property",Style,"Earrings,Ring,Full Set","Custom Property","Ring Size","NA FOR EARRINGS,5 US,5.25 US,5.75 US,6 US,6.25 US,6.50 US,6.75 US,7 US,7.25 US,7.50 US,7.75 US,8 US,8.25 US,8.50 US,8.75 US,9 US,9.25 US,9.50 US,9.75 US,10 US,10.25 US,10.50 US,10.75 US,11 US,11.25 US,11.50 US,11.75 US,12 US,12.25 US,12.50 US,12.75 US,13 US,13.25 US,13.50 US,13.75 US,14 US,14.25 US,14.50 US,14.75 US,15 US,15.25 US,15.50 US,15.75 US,16 US",K-3066
"Natural Ruby Emerald Cluster Necklace, 925 Sterling Silver Sapphire Multi Stone Statement Jewelry","Natural Ruby Emerald Cluster Necklace – 925 Sterling Silver Sapphire Multi-Stone Statement Jewelry
Product Specifications

Main Stones: Natural Emerald & Natural Ruby

Accent Stones: Natural Sapphire

Metal: 925 Sterling Silver

Finish: Rhodium Plated

Necklace Type: Statement / Cluster Necklace

Extension Chain: Approx. 5.5 cm adjustable extension

Clasp: Secure lobster clasp

Style: Luxury, Elegant, Colorful Fine Jewelry

Craftsmanship: Handcrafted with precision multi-stone cluster setting and articulated silver links

Description

This breathtaking Natural Ruby, Emerald & Sapphire Cluster Necklace is a radiant showcase of color harmony and refined craftsmanship. Lush green natural emeralds and vivid pink-red rubies are intricately arranged in a flowing cluster design, beautifully accented by deep blue sapphires that add depth, contrast, and timeless elegance. The multi-stone composition drapes gracefully along the neckline, creating a rich, layered sparkle that catches the light from every angle. Handcrafted in solid 925 sterling silver with a luminous rhodium-plated finish, this statement necklace is designed for both comfort and luxurious presence, while the 5.5 cm extension chain allows an adjustable, perfect fit. Ideal for weddings, festive occasions, evening wear, or collectors of fine gemstone jewelry, this piece embodies bold sophistication and enduring beauty.

Ideal for shoppers searching for a natural ruby emerald necklace, sapphire gemstone necklace, multi stone cluster necklace, 925 sterling silver luxury necklace, handmade gemstone statement jewelry, emerald ruby sapphire necklace, colorful statement necklace, bridal and festive jewelry, anniversary gift for her, birthday gemstone jewelry, evening party necklace, artisan silver jewelry, and unique high-end gemstone designs on Etsy.

Handcrafted with premium natural emeralds, richly colored rubies, and deep blue sapphires, this necklace is crafted in solid 925 sterling silver and finished with radiant rhodium plating to enhance brilliance and ensure long-lasting durability. Each gemstone is carefully handset to maximize sparkle, color balance, and flexibility, reflecting expert craftsmanship and delivering a luxurious, high-quality statement necklace perfect for elegant occasions and confident styling.",1500.99,USD,4,"Handmade_jewelry,Anniversary_Gift,silver_jewelry,Engagement_Gift,fine_Jewelry,unique_necklace,Minimalist_necklace,wedding_necklace,multi_stone_necklace,Emerald_Necklace,Ruby_Necklace,Sapphire_Necklace,Cluster_Necklace","Silver,Emerald,Ruby,Sapphire,Sterling silver,Emerald",https://i.etsystatic.com/24638998/r/il/5c7bc2/7524181870/il_fullxfull.7524181870_i4wu.jpg,https://i.etsystatic.com/24638998/r/il/2b5d6f/7524181434/il_fullxfull.7524181434_pxzl.jpg,https://i.etsystatic.com/24638998/r/il/163d8a/7524181436/il_fullxfull.7524181436_74ln.jpg,https://i.etsystatic.com/24638998/r/il/f8df19/7524181442/il_fullxfull.7524181442_cipd.jpg,https://i.etsystatic.com/24638998/r/il/208f78/7572124579/il_fullxfull.7572124579_1pdf.jpg,https://i.etsystatic.com/24638998/r/il/832b6d/7572124587/il_fullxfull.7572124587_4xae.jpg,https://i.etsystatic.com/24638998/r/il/aa4d89/6812623953/il_fullxfull.6812623953_cgcl.jpg,https://i.etsystatic.com/24638998/r/il/2d1957/6812525709/il_fullxfull.6812525709_8qbv.jpg,,,Length,"Necklace length","16,18,20,22",,,,K-3065
"Tanzanite Cluster Ring Earring Set, Sterling Silver, Blue Gemstone Jewelry","Natural Tanzanite Jewelry Set – Sterling Silver Cluster Ring & Earrings – Blue Gemstone Statement Jewelry – Elegant Gift for Women

Product Specifications:

Main Gemstone: Natural Tanzanite (Blue)

Metal: Solid 925 Sterling Silver

Earring Length: 34 mm

Finish: Rhodium Plated for long-lasting shine

Set Includes: Matching Ring & Earrings

Stone Setting: Prong Set Cluster Design

Closure Type: Secure Leverback Earrings

Occasion: Anniversary, Birthday, Wedding, Formal Events, or Everyday Luxury

Gift Packaging: Comes in a premium jewelry box, ready for gifting

Description:
Indulge in timeless elegance with this Natural Tanzanite Jewelry Set, featuring a dazzling cluster design in a vivid blue hue. The matching ring and earrings are expertly crafted in solid 925 sterling silver, plated with luxurious rhodium to enhance brilliance and resist tarnish.

The earrings showcase a sparkling cluster of genuine tanzanites in an intricate floral arrangement, measuring 34 mm in length for a graceful drop. The matching ring mirrors the design, creating a perfectly coordinated statement look.

Known as the gemstone of transformation and positivity, tanzanite’s deep blue-violet glow adds sophistication to any attire, making this set perfect for both glamorous events and cherished everyday wear. Whether you're treating yourself or gifting someone special, this stunning set is a luxurious keepsake that will be treasured for years.

✨ Perfect for: Weddings, anniversaries, birthdays, or simply to elevate your personal style.

Perfect Gift For:
A remarkable gift for anniversaries, birthdays, weddings, or any milestone, this handcrafted gemstone jewelry set is perfect for women who adore meaningful, luxurious pieces. Surprise your wife, mother, or loved one with a treasure she’ll cherish forever—ideal for special occasions like Women’s Day, Valentine’s Day, or simply to show your love and appreciation with a truly unforgettable gesture.

Exclusively by Vamika Jewels — Where Every Gem Tells a Story, and Every Design Is Made to Be Remembered.",200.99,USD,4,"925_silver_ring,Unique_silver_ring,Handmade_jewelry,Luxury_jewelry,Engagement_Gift,Anniversary_Gift,Birthday_Gift,Wedding_Gift,Victorian_Jewelry,bohemian_jewelry,minimalist_jewellery,blue_stone_jewelry,Tanzanite_earring","Tanzanite,Stone,Silver,Sterling silver",https://i.etsystatic.com/24638998/r/il/85114e/7155428787/il_fullxfull.7155428787_78ni.jpg,https://i.etsystatic.com/24638998/r/il/5985ee/7107455564/il_fullxfull.7107455564_t18v.jpg,https://i.etsystatic.com/24638998/r/il/094433/7107455544/il_fullxfull.7107455544_6nw0.jpg,https://i.etsystatic.com/24638998/r/il/fa5c6b/7107455542/il_fullxfull.7107455542_d426.jpg,https://i.etsystatic.com/24638998/r/il/10eaa2/7155428363/il_fullxfull.7155428363_fbf6.jpg,https://i.etsystatic.com/24638998/r/il/aa4d89/6812623953/il_fullxfull.6812623953_cgcl.jpg,https://i.etsystatic.com/24638998/r/il/2d1957/6812525709/il_fullxfull.6812525709_8qbv.jpg,,,,"Custom Property",Style,"Earrings,Ring,Complete Set","Custom Property","Ring Size","NA FOR EARRING,5 US,5 1/4 US,5 1/2 US,5 3/4 US,6 US,6 1/4 US,6 1/2 US,6 3/4 US,7 US,7 1/4 US,7 1/2 US,7 3/4 US,8 US,8 1/4 US,8 1/2 US,8 3/4 US,9 US,9 1/4 US,9 1/2 US,9 3/4 US,10 US,10 1/4 US,10 1/2 US,10 3/4 US,11 US,11 1/4 US,11 1/2 US,11 3/4 US,12 US,12 1/4 US,12 1/2 US,12 3/4 US,13 US,13 1/4 US,13 1/2 US,13 3/4 US,14 US,14 1/4 US,14 1/2 US,14 3/4 US,15 US,15 1/4 US,15 1/2 US,15 3/4 US,16 US",K-1095
"Natural Amethyst Stud Earrings, 925 Sterling Silver With Rhodolite Garnet Halo Statement Jewelry","Natural Amethyst Stud Earrings – 925 Sterling Silver with Rhodolite Garnet Halo Statement Jewelry
Product Specifications

Main Stone: Natural Amethyst

Total Amethyst Weight: 10.15 Carats

Accent Stones: Natural Rhodolite Garnet

Total Rhodolite Weight: 3.85 Carats

Metal: 925 Sterling Silver

Finish: Rhodium Plated

Earring Type: Statement Stud Earrings

Design: Oval amethyst with pavé-style rhodolite garnet halo

Closure: Secure post with lever-back style support

Style: Luxury, Elegant, High-End Fine Jewelry

Craftsmanship: Handcrafted with precision halo setting and refined silver detailing

Description

These exquisite Natural Amethyst & Rhodolite Garnet Stud Earrings are a refined expression of royal elegance and luxurious craftsmanship. Showcasing richly colored natural amethysts totaling an impressive 10.15 carats, the center stones radiate deep violet brilliance with captivating depth and clarity. Each amethyst is framed by a glowing halo of natural rhodolite garnets weighing 3.85 carats, adding vibrant berry-toned sparkle and enhancing the dramatic presence of the design. Handcrafted in solid 925 sterling silver with a luminous rhodium-plated finish, these statement stud earrings offer timeless sophistication with bold glamour. Perfect for evening wear, weddings, festive occasions, or collectors of fine gemstone jewelry, they deliver striking elegance that elevates any look.

Ideal for shoppers searching for natural amethyst earrings, amethyst stud earrings, rhodolite garnet halo earrings, purple gemstone statement earrings, 925 sterling silver luxury earrings, handmade fine gemstone jewelry, pavé halo stud earrings, elegant evening jewelry, anniversary gift for her, birthday gemstone earrings, festive and party wear jewelry, artisan silver jewelry, and unique high-end gemstone designs on Etsy.

Handcrafted with premium natural amethyst center stones accented by vibrant natural rhodolite garnets, these earrings are crafted in solid 925 sterling silver and finished with radiant rhodium plating for enhanced brilliance and long-lasting durability. Each gemstone is carefully handset to maximize sparkle, color harmony, and secure wear, reflecting expert craftsmanship and delivering a luxurious, heirloom-quality pair of statement earrings designed for confident, elegant styling.",674.99,USD,5,"Opal_Earrings,925_Silver_Earrings,Sterling_Earrings,Handmade_Earrings,April_Birthstone,Silver_Gifts_for_her,Earrings_for_Women,Cluster_Jewelry,multi_stone_jewelry,Amethyst_Dangle,Garnet_Earring,Graduation_Gift,cocktail_jewelry","Stone,Rhodolite,Amethyst,Sterling silver,Amethyst",https://i.etsystatic.com/24638998/r/il/8048e3/7572274321/il_fullxfull.7572274321_kf8p.jpg,https://i.etsystatic.com/24638998/r/il/720bf0/7572273393/il_fullxfull.7572273393_huly.jpg,https://i.etsystatic.com/24638998/r/il/4806ff/7572273391/il_fullxfull.7572273391_onuy.jpg,https://i.etsystatic.com/24638998/r/il/3fc9c2/7572273397/il_fullxfull.7572273397_a42k.jpg,https://i.etsystatic.com/24638998/r/il/4520e5/7572273399/il_fullxfull.7572273399_4vbn.jpg,https://i.etsystatic.com/24638998/r/il/aa4d89/6812623953/il_fullxfull.6812623953_cgcl.jpg,https://i.etsystatic.com/24638998/r/il/2d1957/6812525709/il_fullxfull.6812525709_8qbv.jpg,,,,,,,,,,K-3060
"Opal Emerald Diamond Dangle Earrings – Sterling Silver Multi-Stone Jewelry","Natural Opal & Emerald Diamond Dangle Earrings – 925 Sterling Silver Multi-Stone Earrings – Pave Diamond Statement Jewelry for Women – 4 cm Drop Earrings

Product Specifications:

Gemstones: Natural Opals, Natural Emeralds, Natural Diamonds

Diamond Weight: Approx. 1.76 Carats (Pave Set)

Earring Length: 4 cm

Metal: 925 Sterling Silver, Rhodium Plated

Style: Multi-Stone / Statement / Drop Dangle Earrings

Craftsmanship: Handcrafted Fine Jewelry

Description:
Radiating timeless charm and sophistication, these Natural Opal & Emerald Diamond Dangle Earrings are a breathtaking fusion of vibrant color and sparkle. Each earring features a dazzling arrangement of luminous opals and vivid green emeralds, expertly cut into pear shapes and accented by a halo of brilliant pave-set natural diamonds totaling 1.76 carats. The 4 cm drop length adds graceful movement, making these earrings a striking choice for both elegant soirées and treasured occasions. Crafted from 925 sterling silver with rhodium plating for a luxurious finish and long-lasting shine, this design celebrates the perfect harmony between the fiery play-of-color of opals and the lush green depth of emeralds. An unforgettable gift for anniversaries, weddings, or special celebrations, these earrings are true heirloom-worthy treasures.



★ This Jewelry comes with a Specially Designed Jewelry Box.
★ Have your own custom design? Send us a message and we will make it for you exactly how you want it to be:))
★ All our gemstones are 100% natural.

Visit links: For Other Design
https://vamijewells.etsy.com

Please Pay more attention to the Jewelry Care Tips:
★ Do not use chemical jewelry cleaners.
★ Gently polish with a soft, lint-free cloth.
★ Store your jewelry in a cool dry place.
★ Do not wear it to the pool, spa, or the beach.
★ Avoid contact with perfumes, body oils, and other chemicals, including household cleaners.
★ Remove when sleeping, exercising, or doing other physically strenuous activities.

Custom Order:
★ Please Noted that Once Custom Order has been Arranged for Production, Cancellation is not Allowed because all the Materials has been Prepared well for your Jewelry Making. Hope to get Your highly Understand! There are NO returns on custom Jewelry Thanks So Much!

Feedback:
★ If you have any problem with your order or you are not satisfied with your order please feel free to contact us and allow us to resolve your problem. But please do not leave negative or neutral feedback before contacting us.",1488.92,USD,5,"Handmade_jewelry,Anniversary_Gift,silver_jewelry,unique_earrings,Engagement_Gift,multi_stone_earrings,Diamond_Earrings,fine_Jewelry,925_Silver_Earrings,emerald_earrings,green_stone_earrings,post_stud_earrings,Opal_Earring","Silver,Sterling silver,Stone,Emerald",https://i.etsystatic.com/24638998/r/il/6459dc/7102200150/il_fullxfull.7102200150_tm4x.jpg,https://i.etsystatic.com/24638998/r/il/9aabcc/7102199574/il_fullxfull.7102199574_nr2x.jpg,https://i.etsystatic.com/24638998/r/il/4c4234/7102199538/il_fullxfull.7102199538_6zeq.jpg,https://i.etsystatic.com/24638998/r/il/b7df1e/7150165889/il_fullxfull.7150165889_7akc.jpg,https://i.etsystatic.com/24638998/r/il/aa4d89/6812623953/il_fullxfull.6812623953_cgcl.jpg,https://i.etsystatic.com/24638998/r/il/2d1957/6812525709/il_fullxfull.6812525709_8qbv.jpg,https://i.etsystatic.com/24638998/r/il/70029d/7146519869/il_fullxfull.7146519869_5jrm.jpg,,,,,,,,,,K-1083
"Natural Blue Topaz Emerald Engagement Ring, 925 Sterling Silver Chrome Diopside Diamond Statement Jewelry","Natural Swiss Blue Topaz & Emerald Engagement Ring, Huge Gemstone, 925 Sterling Silver Diamond Statement Ring, Luxury Anniversary Gift for Her

A Vision of Royal Azure Brilliance
Experience the breathtaking beauty of this Natural Swiss Blue Topaz Statement Ring. At the heart of this masterpiece lies a monumental 30.67-carat oval-cut Topaz, radiating a deep, electric blue that captures the essence of a clear summer sky.

This central gem is exquisitely framed by a dual-halo of lush Green Emeralds and shimmering Natural Diamonds, accented with vibrant Chrome Diopside for a multi-layered garden effect. Handcrafted in premium 925 Sterling Silver, the setting features an intricate, lace-like gallery that ensures this massive stone sits elegantly and securely on the finger.

✨ Item Specifications:
Main Stone: Natural Swiss Blue Topaz (Oval Cut)

Main Stone Weight: 30.67 Carats

Accent Stones: * Natural Green Emeralds (0.96 Carats)

Genuine Sparkling Diamonds (0.55 Carats)

Natural Chrome Diopside (0.24 Carats)

Metal: Solid 925 Sterling Silver (Hallmarked)

Design: High-Fashion Luxe Cocktail Ring / Art Deco Inspired

💎 Why This Ring is a Collector’s Choice:
Exceptional Carat Weight: Finding a natural Topaz of over 30 carats with such clarity is rare, making this a true investment piece.

Precious Color Contrast: The striking contrast between the Azure Blue and the Forest Green Emeralds creates a sophisticated ""Precious Garden"" aesthetic.

Artisanal Halo Setting: Every accent stone is hand-set to maximize light reflection, ensuring the ring sparkles from every possible angle.

🎁 The Ultimate Milestone Gift
This ring is more than jewelry; it’s a memory in the making. It is an ideal choice for:

The Bold Bride: An extraordinary alternative engagement ring for someone who loves high-impact style.

December Birthdays: A majestic representation of the Blue Topaz birthstone.

Anniversary Celebrations: A grand gesture to celebrate decades of love and devotion.

Care Instructions
To preserve the brilliance of the Swiss Blue Topaz and the delicate Emeralds, we recommend cleaning with a soft, lint-free cloth. Avoid exposure to harsh chemicals or ultrasonic cleaners to protect the natural integrity of the gemstones.",1320.99,USD,5,"Blue_Topaz_Ring,Chrome_Diopside,925_Sterling_Silver,Engagement_Ring,Emerald_Cut_Ring,Three_Stone_Ring,Statement_Jewelry,Wedding_Gift,Anniversary_Gift,Natural_Green_Stone,Blue_Green_Jewelry,Unique_Promise_Ring,Handmade_Silver","Diamond,Diopside,Topaz,Emerald,Sterling silver,Topaz",https://i.etsystatic.com/24638998/r/il/82393a/7979808215/il_fullxfull.7979808215_1av1.jpg,https://i.etsystatic.com/24638998/r/il/d95363/7931819898/il_fullxfull.7931819898_yzfv.jpg,https://i.etsystatic.com/24638998/r/il/976291/7979773287/il_fullxfull.7979773287_phyf.jpg,https://i.etsystatic.com/24638998/r/il/958a80/7979773303/il_fullxfull.7979773303_6y90.jpg,https://i.etsystatic.com/24638998/r/il/23ea67/7979773327/il_fullxfull.7979773327_qfth.jpg,https://i.etsystatic.com/24638998/r/il/209147/7979773347/il_fullxfull.7979773347_2zxr.jpg,https://i.etsystatic.com/24638998/r/il/aa4d89/6812623953/il_fullxfull.6812623953_cgcl.jpg,https://i.etsystatic.com/24638998/r/il/2d1957/6812525709/il_fullxfull.6812525709_8qbv.jpg,,,"Ring size","Ring size","5,5 1/4,5 1/2,5 3/4,6,6 1/4,6 1/2,6 3/4,7,7 1/4,7 1/2,7 3/4,8,8 1/4,8 1/2,8 3/4,9,9 1/4,9 1/2,9 3/4,10,10 1/4,10 1/2,10 3/4,11,11 1/4,11 1/2,11 3/4,12,12 1/4,12 1/2,12 3/4,13,13 1/4,13 1/2,13 3/4,14,14 1/4,14 1/2,14 3/4,15,15 1/4,15 1/2,15 3/4,16",,,,K-5096
"Natural Chrome Diopside Diamond Dangle Earrings, 925 Sterling Silver Statement Jewelry, Anniversary Gift","Natural Chrome Diopside Diamond Dangle Earrings, 925 Sterling Silver Long Statement Drops, Marquise Floral Bridal Jewelry, Anniversary Gift for Her


Emerald-Green Brilliance & Timeless Elegance
Step into the spotlight with these magnificent Natural Chrome Diopside & Diamond Earrings. Known for its intense, forest-green hue that rivals the finest emeralds, the Chrome Diopside in these earrings is arranged in an exquisite marquise floral lattice that radiates sophistication.

Handcrafted in 925 Sterling Silver, these 67 mm long dangles are encrusted with 2.39 carats of natural diamonds, ensuring a continuous shimmer with every movement. Whether it’s for a grand wedding or a special anniversary, these earrings are designed to make an unforgettable impression.

✨ Item Specifications:
Main Stone: Natural Chrome Diopside (Marquise Cut) - 7.24 Carats

Accent Stones: Genuine Sparkling Diamonds - 2.39 Carats

Metal: Solid 925 Sterling Silver (Hallmarked)

Earring Length: 67 mm (Approx 2.6 inches)

Design: Intricate Open-Work Floral Tear-Drop

Closure: Secure Lever-back hooks for maximum comfort

🌿 Why These Earrings Stand Out:
Intense Color: Chrome Diopside is 100% natural and untreated, offering a deep green glow that is completely earth-mined.

Dramatic Length: At 67 mm, these are true ""shoulder-grazing"" statement earrings that frame the face beautifully.

Artisan Craftsmanship: The marquise stones are set in a delicate vine-like pattern, blending nature-inspired themes with luxury fashion.

🎁 The Ultimate Luxury Gift
Presented in a premium jewelry box, these earrings are the perfect choice for:

The Modern Bride: A stunning ""something green"" for a wedding ensemble.

Anniversary Celebrations: A gift that symbolizes growth, harmony, and eternal beauty.

Red Carpet Events: For anyone who loves bold, designer-level jewelry.

Care Instructions
To maintain the vibrant green of the Diopside, avoid ultrasonic cleaners. Simply wipe with a soft, lint-free cloth and store in a separate pouch to prevent the diamonds from scratching the silver.",1318.99,USD,5,"Chrome_Diopside,Green_Stone_Earring,925_Sterling_Silver,Dangle_Drop_Ear,Statement_Jewelry,Wedding_Gift,Anniversary_Gift,Natural_Green_Gem,Chandelier_Earring,Unique_Gift_Women,Forest_Green_Jewel,Handmade_Silver,Bridal_Earrings","Silver,Diopside,Diamond,Sterling silver,Stone,Diopside",https://i.etsystatic.com/24638998/r/il/517511/7979743261/il_fullxfull.7979743261_kmxf.jpg,https://i.etsystatic.com/24638998/r/il/814399/7979743237/il_fullxfull.7979743237_fb10.jpg,https://i.etsystatic.com/24638998/r/il/921ed9/7979743275/il_fullxfull.7979743275_4hcm.jpg,https://i.etsystatic.com/24638998/r/il/2f013a/7979743269/il_fullxfull.7979743269_tlqt.jpg,https://i.etsystatic.com/24638998/r/il/0f9f76/7979743279/il_fullxfull.7979743279_atmo.jpg,https://i.etsystatic.com/24638998/r/il/d6894c/7931790110/il_fullxfull.7931790110_o5gk.jpg,https://i.etsystatic.com/24638998/r/il/2a0918/7979743303/il_fullxfull.7979743303_7gcx.jpg,https://i.etsystatic.com/24638998/r/il/aa4d89/6812623953/il_fullxfull.6812623953_cgcl.jpg,https://i.etsystatic.com/24638998/r/il/2d1957/6812525709/il_fullxfull.6812525709_8qbv.jpg,,,,,,,,K-5097
"Natural Multi Sapphire Ruby & Spinel Bracelet, 925 Sterling Silver Cluster Jewelry, Wedding Anniversary Gift","Natural Multi Sapphire Ruby & Spinel Bracelet, 925 Sterling Silver Wide Cluster Bangle, 20mm Statement Jewelry, Luxury Wedding Anniversary Gift

A Radiant Kaleidoscope of Precious Gems
Embrace pure luxury with this breathtaking Natural Multi-Gemstone Cluster Bracelet. Featuring a vibrant mosaic of earth-mined Sapphires, Rubies, and Spinels, this bracelet is a celebration of color and exceptional craftsmanship.

Set in premium 925 Sterling Silver, the wide 20 mm band showcases hundreds of meticulously hand-set gemstones in various cuts, creating a continuous flow of brilliance around your wrist. This is a heavy, statement piece designed for those who appreciate the finer things in life.

✨ Item Specifications:
Main Stones: Natural Multi-Color Sapphires, Rubies, and Spinels

Metal: Solid 925 Sterling Silver (Hallmarked)

Bracelet Width: Bold 20 mm Statement Design

Setting Type: Intricate Cluster / Pave Setting

Closure: Secure Hidden Box Clasp with Double Safety Latches

Design: Wide Hinged Bangle Style for a comfortable and secure fit

🌟 Why This Bracelet is a Masterpiece:
Exceptional Color Palette: Features a rich array of natural reds, pinks, blues, yellows, and oranges, ensuring every angle offers a new burst of color.

Artisanal Craftsmanship: The open-work silver gallery on the inside allows light to dance through the stones, maximizing their natural fire.

High-Security Clasp: Equipped with a professional-grade box clasp and two safety hinges, ensuring your investment stays safely on your wrist.

🎁 An Unforgettable Gift
Perfect for those ""once-in-a-lifetime"" moments, this bracelet is ideal for:

Wedding Jewelry: A magnificent accessory for the modern bride.

Milestone Anniversaries: A gift that truly reflects the vibrant journey of your love.

Heirloom Collections: A timeless piece to be passed down through generations.

Care Instructions
To preserve the luster of the natural gemstones and silver, clean gently with a soft jewelry cloth. Avoid ultrasonic cleaners and contact with perfumes or harsh household chemicals.",3060.99,USD,5,"Multi_Sapphire,Ruby_Spinel_Bracelet,925_Sterling_Silver,Cluster_Bracelet,Wedding_Gift,Anniversary_Gift,Colorful_Gemstone,Multi_Stone_Jewelry,Rainbow_Bracelet,Statement_Bracelet,Bridal_Jewelry,Unique_Gift_Women,Handmade_Bracelet","Stone,Ruby,Spinel,Sapphire,Sterling silver,Sapphire",https://i.etsystatic.com/24638998/r/il/c87055/7931719938/il_fullxfull.7931719938_my9h.jpg,https://i.etsystatic.com/24638998/r/il/ff6983/7931717294/il_fullxfull.7931717294_a2wt.jpg,https://i.etsystatic.com/24638998/r/il/e72746/7979670949/il_fullxfull.7979670949_snw3.jpg,https://i.etsystatic.com/24638998/r/il/5cad5f/7979670951/il_fullxfull.7979670951_7uyo.jpg,https://i.etsystatic.com/24638998/r/il/0e0f14/7931717308/il_fullxfull.7931717308_b7oq.jpg,https://i.etsystatic.com/24638998/r/il/03a54f/7979670979/il_fullxfull.7979670979_tum7.jpg,https://i.etsystatic.com/24638998/r/il/9f0214/7979670977/il_fullxfull.7979670977_jbc1.jpg,https://i.etsystatic.com/24638998/r/il/8d04ef/7931717320/il_fullxfull.7931717320_6x5z.jpg,https://i.etsystatic.com/24638998/r/il/99f1d4/7979670995/il_fullxfull.7979670995_ebd0.jpg,https://i.etsystatic.com/24638998/r/il/b0394d/7931717330/il_fullxfull.7931717330_pa5h.jpg,Length,"Bracelet length","6,6.5,7,7.50,8,8.50,9,9.5,10",,,,K-5099
"Natural Rainbow Sapphire Eternity Ring, 925 Sterling Silver Diamond Engagement Jewelry, Wedding Gift","Natural Rainbow Sapphire Eternity Ring, 925 Sterling Silver Diamond Engagement Band, Multi-Color Pear Cut Gemstone Ring, Unique Wedding Gift


A Spectrum of Love and Brilliance
Celebrate life’s most colorful moments with our Natural Rainbow Sapphire Eternity Ring. This stunning piece features a curated sequence of natural, pear-cut sapphires in every shade of the rainbow, symbolizing eternal joy and diversity.

Crafted in high-quality 925 Sterling Silver, the vibrant gemstones are framed by two rows of shimmering Natural Diamonds, creating a sophisticated halo effect across the entire band. With a bold 8mm width, this ring is designed to be noticed and cherished.

✨ Item Specifications:
Main Stones: Natural Rainbow Sapphires (Multi-Color Pear Cut)

Sapphire Weight: 2.80 Carats

Accent Stones: Genuine Sparkling Diamonds (1.01 Carats)

Metal: Solid 925 Sterling Silver (Hallmarked)

Band Width: 8 mm (Statement Wide Band)

Design: Full Eternity / Multi-Stone Channel Set

🌈 Why This Eternity Ring is Special:
Full Spectrum Beauty: Features a seamless transition of natural red, pink, blue, green, and yellow sapphires.

Luxury Diamond Border: Over 1 carat of diamonds adds a continuous sparkle that complements the colorful center stones.

Comfort Fit: Despite its bold 8mm width, the ring is polished for a smooth, comfortable fit for daily wear or special occasions.

🎁 The Perfect Gift for Every Occasion
This ring is a versatile masterpiece, ideal for:

Alternative Wedding Bands: For the bride who wants a splash of color.

Anniversary Gifts: Representing a lifetime of colorful memories.

Pride & Celebration: A beautiful way to wear your colors with pride.

Push Presents: A joyful gift to celebrate a new chapter.

Care Instructions
To keep your rainbow sapphires and diamonds sparkling, gently clean with a soft brush and mild soapy water. Store in a dry place and avoid contact with abrasive surfaces to protect the silver finish.",978.99,USD,5,"Rainbow_Sapphire,Eternity_Band_Ring,925_Sterling_Silver,Multi_Color_Ring,Pride_Jewelry,Wedding_Band,Anniversary_Gift,Colorful_Wedding,Stackable_Ring,Multi_Stone_Band,Ombre_Sapphire,Unique_Engagement,Minimalist_Rainbow","Sterling silver,Sapphire,Diamond,Silver,Stone,Sapphire",https://i.etsystatic.com/24638998/r/il/91f9b8/7931576220/il_fullxfull.7931576220_ktgk.jpg,https://i.etsystatic.com/24638998/r/il/f9587d/7931575556/il_fullxfull.7931575556_5hi1.jpg,https://i.etsystatic.com/24638998/r/il/8f151b/7931575532/il_fullxfull.7931575532_9a9a.jpg,https://i.etsystatic.com/24638998/r/il/559c16/7931575526/il_fullxfull.7931575526_qpj4.jpg,https://i.etsystatic.com/24638998/r/il/0dc448/7931575528/il_fullxfull.7931575528_sr9q.jpg,https://i.etsystatic.com/24638998/r/il/aa4d89/6812623953/il_fullxfull.6812623953_cgcl.jpg,https://i.etsystatic.com/24638998/r/il/2d1957/6812525709/il_fullxfull.6812525709_8qbv.jpg,,,,"Ring size","Ring size","5,5 1/4,5 1/2,5 3/4,6,6 1/4,6 1/2,6 3/4,7,7 1/4,7 1/2,7 3/4,8,8 1/4,8 1/2,8 3/4,9,9 1/4,9 1/2,9 3/4,10,10 1/4,10 1/2,10 3/4,11,11 1/4,11 1/2,11 3/4,12,12 1/4,12 1/2,12 3/4,13,13 1/4,13 1/2,13 3/4,14,14 1/4,14 1/2,14 3/4,15,15 1/4,15 1/2,15 3/4,16",,,,K-6000
"Natural Citrine & Diamond Engagement Ring, 925 Sterling Silver Black Spinel Jewelry, Wedding Anniversary Gift","Natural Citrine & Diamond Engagement Ring, Huge Oval Gemstone, 925 Sterling Silver Black Spinel Statement Jewelry, Anniversary Gift for Her

A Masterpiece of Golden Radiance
Own the spotlight with this magnificent Natural Citrine Statement Ring. Featuring a colossal 37.47-carat oval-cut Citrine, this ring is the definition of luxury and bold style. The warm, honey-gold glow of the Citrine is beautifully contrasted by a delicate halo of Black Spinel and shimmering Natural Diamonds, all set in high-quality 925 Sterling Silver.

The intricate, crown-like silver setting (as seen in the side profile) is designed to elevate the stone, allowing maximum light to pass through and showcase its incredible fire and clarity.

✨ Item Specifications:
Main Stone: Natural Earth-Mined Citrine (Oval Cut)

Stone Weight: Massive 37.47 Carats

Accent Stones: * Genuine Sparkling Diamonds (0.30 Carats)

Natural Black Spinel (0.35 Carats)

Metal: Solid 925 Sterling Silver (Hallmarked)

Design: Victorian-Inspired Large Cocktail Ring

Setting: High-Profile Secure Prong Setting

🌿 Why You'll Love It:
Unmatched Size: A 37+ carat natural Citrine is a rare find, making this a true investment piece.

Intricate Gallery: The side view reveals a beautifully detailed silver cage that holds the gemstone securely while adding a vintage royal touch.

Versatile Luxury: Perfect as a non-traditional engagement ring, a milestone anniversary gift, or a ""treat yourself"" statement piece.

🎁 A Gift of Sunshine
Citrine is known as the ""Merchant's Stone,"" believed to bring prosperity and energy. It’s a perfect gift for:

November Birthdays: A grand take on the traditional birthstone.

Anniversaries: Celebrating years of warmth and happiness.

Special Occasions: For someone who loves high-fashion, oversized jewelry.

Care Instructions
To maintain the golden brilliance of your Citrine, avoid harsh chemicals and store it in a cool, dry place. Clean gently with a soft cloth to keep the diamonds and silver sparkling.",1095.99,USD,5,"Citrine_Halo_Ring,Black_Spinel_Ring,925_Sterling_Silver,Engagement_Ring,Wedding_Gift,Anniversary_Gift,November_Birthstone,Oval_Citrine_Jewelry,Statement_Ring,Gothic_Glam_Jewelry,Large_Gemstone_Ring,Handmade_Silver,Unique_Promise_Ring","Sterling silver,Citrine,Spinel,Diamond,Stone,Citrine",https://i.etsystatic.com/24638998/r/il/c8b2e6/7979509321/il_fullxfull.7979509321_dgc8.jpg,https://i.etsystatic.com/24638998/r/il/99337e/7979508693/il_fullxfull.7979508693_71cj.jpg,https://i.etsystatic.com/24638998/r/il/7d4b83/7931555880/il_fullxfull.7931555880_cbkl.jpg,https://i.etsystatic.com/24638998/r/il/b4c0d7/7979508699/il_fullxfull.7979508699_jon7.jpg,https://i.etsystatic.com/24638998/r/il/48bd9d/7931555890/il_fullxfull.7931555890_o8y6.jpg,https://i.etsystatic.com/24638998/r/il/1c7f13/7979508705/il_fullxfull.7979508705_2f56.jpg,https://i.etsystatic.com/24638998/r/il/900f5c/7979508713/il_fullxfull.7979508713_t10c.jpg,https://i.etsystatic.com/24638998/r/il/aa4d89/6812623953/il_fullxfull.6812623953_cgcl.jpg,https://i.etsystatic.com/24638998/r/il/2d1957/6812525709/il_fullxfull.6812525709_8qbv.jpg,,"Ring size","Ring size","5,5 1/4,5 1/2,5 3/4,6,6 1/4,6 1/2,6 3/4,7,7 1/4,7 1/2,7 3/4,8,8 1/4,8 1/2,8 3/4,9,9 1/4,9 1/2,9 3/4,10,10 1/4,10 1/2,10 3/4,11,11 1/4,11 1/2,11 3/4,12,12 1/4,12 1/2,12 3/4,13,13 1/4,13 1/2,13 3/4,14,14 1/4,14 1/2,14 3/4,15,15 1/4,15 1/2,15 3/4,16",,,,K-6001
"Natural Citrine Tsavorite Engagement Ring, Gold Plated 925 Sterling Silver Rainbow Sapphire Jewelry","Natural Citrine & Rainbow Sapphire Ring, 925 Sterling Silver Gold Plated Statement Jewelry, Multi Gemstone Cocktail Ring, Unique Anniversary Gift for Her


A Radiant Celebration of Nature’s Colors
Dazzle the world with this one-of-a-kind Natural Citrine and Rainbow Sapphire Statement Ring. Inspired by the vibrant colors of a sun-drenched garden, this ring features a majestic center Citrine surrounded by an artistic explosion of Tsavorites, Rubies, and multi-colored Sapphires.

Handcrafted in 925 Sterling Silver with a rich Gold Plating, the band itself is a work of art, featuring a wide, open-work ""vine"" design that wraps elegantly around the finger. This is not just a ring; it is a conversation piece designed for the woman who isn't afraid to stand out.

✨ Item Specifications:
Main Stone: Natural Golden Citrine (Large Rectangular Faceted Cut)

Accent Stones: * Natural Tsavorites (Green)

Rainbow Sapphires (Blue, Yellow, Pink)

Natural Rubies & Multi-Colored Gemstones

Metal: Solid 925 Sterling Silver

Plating: Premium Yellow Gold Polish

Design: Bold ""Vine & Leaf"" Open-Work Cocktail Ring

Band Width: Wide Statement Band for a luxury feel

🌈 Why This Ring Is Extraordinary:
Rare Rainbow Palette: Every gemstone is hand-selected to create a perfect rainbow gradient, ensuring no two rings are exactly alike.

Artistic Craftsmanship: The intricate open-work design on the sides allows light to pass through every stone, maximizing their natural fire and brilliance.

Luxury Statement: The oversized Citrine center makes this the perfect choice for galas, weddings, or high-profile events.

🎁 A Gift Beyond Compare
This ring is an unforgettable choice for:

The Modern Bride: A colorful and bold alternative to traditional engagement rings.

November Birthdays: A premium and unique take on the Citrine birthstone.

Milestone Anniversaries: A gift that symbolizes a vibrant and colorful journey together.

Care Instructions
Because of the intricate setting and gold plating, we recommend keeping this ring away from water and harsh chemicals. Clean with a very soft, dry jewelry cloth to maintain its golden glow and gemstone sparkle.",840.99,USD,5,"Citrine_Statement,Rainbow_Sapphire,Tsavorite_Ring,925_Sterling_Silver,Gold_Plated_Ring,Multi_Stone_Ring,Colorful_Jewelry,Unique_Engagement,Wide_Band_Ring,November_Birthstone,Boho_Luxury_Gift,Anniversary_Ring,Handmade_Jewelry","Garnet,Citrine,Sapphire,Diamond,Sterling silver,Citrine",https://i.etsystatic.com/24638998/r/il/a35ea1/7979484807/il_fullxfull.7979484807_dhzk.jpg,https://i.etsystatic.com/24638998/r/il/b9e3d9/7931531264/il_fullxfull.7931531264_rkym.jpg,https://i.etsystatic.com/24638998/r/il/3c98bb/7931531268/il_fullxfull.7931531268_all8.jpg,https://i.etsystatic.com/24638998/r/il/dbee02/7979484327/il_fullxfull.7979484327_lqqo.jpg,https://i.etsystatic.com/24638998/r/il/bf4bec/7931531276/il_fullxfull.7931531276_d7t1.jpg,https://i.etsystatic.com/24638998/r/il/2e2b23/7931531274/il_fullxfull.7931531274_1yww.jpg,https://i.etsystatic.com/24638998/r/il/aa4d89/6812623953/il_fullxfull.6812623953_cgcl.jpg,https://i.etsystatic.com/24638998/r/il/2d1957/6812525709/il_fullxfull.6812525709_8qbv.jpg,,,"Ring size","Ring size","5,5 1/4,5 1/2,5 3/4,6,6 1/4,6 1/2,6 3/4,7,7 1/4,7 1/2,7 3/4,8,8 1/4,8 1/2,8 3/4,9,9 1/4,9 1/2,9 3/4,10,10 1/4,10 1/2,10 3/4,11,11 1/4,11 1/2,11 3/4,12,12 1/4,12 1/2,12 3/4,13,13 1/4,13 1/2,13 3/4,14,14 1/4,14 1/2,14 3/4,15,15 1/4,15 1/2,15 3/4,16",,,,K-6002
"Natural Ruby & Sapphire Engagement Ring, 925 Sterling Silver Diamond Jewelry For Wedding, Anniversary Gift","Natural Blue Sapphire & Ruby Engagement Ring, 925 Sterling Silver Diamond Halo Ring, Unique Multi-Stone Wedding Jewelry, Anniversary Gift for Her


Timeless Romance in Blue and Red
Celebrate your love story with this exquisite Natural Blue Sapphire and Ruby Ring. Combining the deep, royal blue of a premium Sapphire with the passionate red of natural Rubies, this ring is a masterpiece of color and light.

Expertly set in 925 Sterling Silver and accented with 0.32 carats of genuine diamonds, the elegant split-shank band adds a contemporary touch to a classic halo design. Whether it’s for a unique engagement, a wedding, or a milestone anniversary, this ring is designed to be cherished for a lifetime.

✨ Item Specifications:
Main Stone: Natural Blue Sapphire (Oval Cut) - 1.34 Carats

Accent Stones: * Natural Red Rubies: 0.42 Carats (set in a unique crown style)

Genuine Diamonds: 0.32 Carats (pave-set along the band and halo)

Metal: Solid 925 Sterling Silver (Hallmarked)

Design: Split-Shank Halo Statement Ring

Weight: Approx 2.599 grams (solid and comfortable for daily wear)

💍 Why Choose This Ring?
Natural Brilliance: We use only 100% natural, earth-mined gemstones. No lab-created stones here.

Intricate Artistry: The Rubies are placed at the top and bottom of the Sapphire, creating a regal ""crown"" effect that stands out from standard halo rings.

Symbolic Meaning: Sapphire represents loyalty and Rubies represent passion, making this the ultimate symbol for a marriage proposal or anniversary.

🎁 A Gift to Remember
Presented in a beautiful jewelry box, this ring is the perfect choice for:

The Non-Traditional Bride: For someone who wants an engagement ring with a pop of color.

September & July Birthdays: Featuring the birthstones for both months.

Anniversary Surprises: A luxurious way to say ""I love you"" all over again.

Care Instructions
To keep the diamonds and sapphires sparkling, clean with a soft toothbrush and mild soapy water. Avoid wearing during heavy physical activity to protect the delicate pave settings.",815.99,USD,4,"Blue_Sapphire_Ring,Natural_Ruby_Ring,Sterling_Silver_925,Engagement_Ring,Wedding_Jewelry,Anniversary_Gift,Ruby_Sapphire_Halo,Art_Deco_Ring,Vintage_Style_Ring,Real_Gemstone_Ring,Promise_Ring_Her,Birthstone_Jewelry,Handmade_Silver","Diamond,Ruby,Sapphire,Sterling silver,Silver,Ruby",https://i.etsystatic.com/24638998/r/il/ae624b/7931428824/il_fullxfull.7931428824_mu36.jpg,https://i.etsystatic.com/24638998/r/il/fa197d/7979381187/il_fullxfull.7979381187_lp2w.jpg,https://i.etsystatic.com/24638998/r/il/e4cd6c/7931428298/il_fullxfull.7931428298_s4y3.jpg,https://i.etsystatic.com/24638998/r/il/48eed8/7979381173/il_fullxfull.7979381173_t2xd.jpg,https://i.etsystatic.com/24638998/r/il/f3121a/7979381185/il_fullxfull.7979381185_mn3e.jpg,https://i.etsystatic.com/24638998/r/il/46d418/7931428312/il_fullxfull.7931428312_r3w4.jpg,https://i.etsystatic.com/24638998/r/il/746815/7979381203/il_fullxfull.7979381203_fmnu.jpg,https://i.etsystatic.com/24638998/r/il/aa4d89/6812623953/il_fullxfull.6812623953_cgcl.jpg,https://i.etsystatic.com/24638998/r/il/2d1957/6812525709/il_fullxfull.6812525709_8qbv.jpg,,"Ring size","Ring size","5,5 1/4,5 1/2,5 3/4,6,6 1/4,6 1/2,6 3/4,7,7 1/4,7 1/2,7 3/4,8,8 1/4,8 1/2,8 3/4,9,9 1/4,9 1/2,9 3/4,10,10 1/4,10 1/2,10 3/4,11,11 1/4,11 1/2,11 3/4,12,12 1/4,12 1/2,12 3/4,13,13 1/4,13 1/2,13 3/4,14,14 1/4,14 1/2,14 3/4,15,15 1/4,15 1/2,15 3/4,16",,,,K-6005
"Natural Ruby Tanzanite Diamond Dangle Earrings, 925 Sterling Silver Blue Apatite Jewelry, Birthday Gift","Natural Ruby Tanzanite Diamond Dangle Earrings, 925 Sterling Silver Blue Apatite Statement Jewelry, Heavy Carat Gemstone Drops, Birthday Gift for Her


A Symphony of Rare Gemstones & Vibrant Colors
Elevate your jewelry wardrobe with these breathtaking Natural Ruby & Tanzanite Statement Earrings. A true celebration of nature’s most beautiful hues, these earrings feature deep, velvety Rubies at the center, accented by the mystical violet-blue of Tanzanite and the sparkling neon tones of Blue Apatite.

Expertly crafted in 925 Sterling Silver and encrusted with genuine diamonds, these 47mm long dangles are designed to catch the light—and everyone's attention—from every angle.

✨ Item Specifications:
Main Stone: Natural Red Ruby (Oval Cut) - 15.29 Carats

Accent Stones: * Natural Tanzanite: 3.35 Carats

Blue Apatite: 4.05 Carats

Genuine Diamonds: 0.50 Carats

Metal: Solid 925 Sterling Silver (Hallmarked)

Earring Length: 47 mm (Approx 1.85 inches)

Total Weight: High-quality heavy feel (as seen on tag 12.880g)

Closure: Secure and comfortable Lever-back hooks

🌈 Why This Pair is Unique:
Extraordinary Carat Weight: With over 22 carats of natural gemstones combined, these earrings are a significant investment in style.

The ""Trio"" Contrast: The mix of Red (Ruby), Violet (Tanzanite), and Blue (Apatite) creates a rare ""multicolor"" effect that is hard to find in traditional jewelry.

Artisan Design: The intricate pave-setting of diamonds adds a layer of vintage luxury to the contemporary dangle style.

🎁 The Perfect Gift for Special Moments
Looking for something truly one-of-a-kind? These earrings are ideal for:

July & December Birthdays: Featuring the birthstones for both months (Ruby & Tanzanite).

Milestone Celebrations: An unforgettable gift for anniversaries or graduations.

Statement Fashion: For the woman who loves bold, colorful, and authentic gemstone jewelry.

Care Instructions
To maintain the brilliance of these natural stones, avoid contact with perfumes and lotions. Clean with a soft, dry cloth and store in a jewelry box to prevent scratches on the silver and stones.",1180.99,USD,4,"Ruby_Tanzanite_Ear,Multi_Gemstone,Sterling_Silver_925,Dangle_Drop_Ear,Blue_Apatite_Jewelry,Statement_Earrings,Colorful_Gemstone,Birthday_Gift_Her,Boho_Luxury_Ear,Unique_Bridal_Gift,July_Birthstone,Handmade_Silver,Victorian_Style","Sterling silver,Ruby,Tanzanite,Diamond,Apatite,Apatite",https://i.etsystatic.com/24638998/r/il/221055/7925722088/il_fullxfull.7925722088_l75s.jpg,https://i.etsystatic.com/24638998/r/il/470482/7973673071/il_fullxfull.7973673071_bchy.jpg,https://i.etsystatic.com/24638998/r/il/c9b702/7973672987/il_fullxfull.7973672987_cg2y.jpg,https://i.etsystatic.com/24638998/r/il/f21e4b/7973673003/il_fullxfull.7973673003_e217.jpg,https://i.etsystatic.com/24638998/r/il/676ecc/7973673023/il_fullxfull.7973673023_k0xe.jpg,https://i.etsystatic.com/24638998/r/il/0e6f53/7925721532/il_fullxfull.7925721532_iyui.jpg,https://i.etsystatic.com/24638998/r/il/1a5638/7925721566/il_fullxfull.7925721566_n165.jpg,https://i.etsystatic.com/24638998/r/il/871810/7973673089/il_fullxfull.7973673089_autq.jpg,https://i.etsystatic.com/24638998/r/il/aa4d89/6812623953/il_fullxfull.6812623953_cgcl.jpg,https://i.etsystatic.com/24638998/r/il/2d1957/6812525709/il_fullxfull.6812525709_8qbv.jpg,,,,,,,K-6006
"Natural Fire Opal & Emerald Brooch Pin, Handmade Sterling Silver Pave Diamond Leaf Jewelry","Natural Fire Opal & Emerald Diamond Brooch Pin, Sterling Silver Pave Diamond Leaf Brooch, Handmade Multi Stone Pin, Luxury Gemstone Jewelry Gift

Product Specifications:

Metal: 925 Sterling Silver (Rhodium Plated)

Gemstones: Natural Fire Opal, Emeralds, Diamonds

Gemstone Weight: Diamonds 1.17 carats

Size: 50 mm

Style: Multi Stone Brooch, Pave Diamond Pin

Why You’ll Love It:
Make a stunning statement with this exquisite Natural Fire Opal & Emerald Diamond Brooch Pin — a luxurious blend of shimmering opals, vibrant emeralds, and delicate pave diamonds artfully arranged in an elegant leaf-inspired design. Handcrafted in rhodium-plated sterling silver, each gemstone sparkles with captivating brilliance, transforming any outfit into a timeless showcase of nature’s beauty and artisan skill. From a classic lapel accent to a chic scarf pin, this heirloom-quality brooch is the perfect finishing touch for any occasion.

Perfect Gift For:
Celebrate birthdays, anniversaries, or special moments with this luxurious brooch. Ideal as Wedding Guest Jewelry, Bridesmaid Gift Jewelry, Fall Jewelry, Warm Tone Gemstone Jewelry, Winter Jewelry, Christmas Gift Jewelry, or an unforgettable Mother’s Day Gift Jewelry — this piece promises to be treasured for generations.

Exclusively by Vamika Jewels — Where Every Gem Tells a Story, and Every Design Is Made to Be Remembered.

💎 Why Choose Us?
Each brooch is a reflection of artistry and love for luxury gemstones. We use natural, ethically sourced stones, set with care in fine silver – no mass production, only timeless heirloom pieces made just for you.

✨ Add charm, color, and a hint of vintage luxury to your wardrobe or gift a loved one something truly unforgettable.",1077.31,USD,4,"October_Birthstone,Silver_Gifts_for_her,Opal_Brooch,Emerald_brooch,925_silver_pin,Green_stone_pin,Fire_opal_pin,Opal_silver_pin,Diamond_brooch,Luxury_brooch,Elegant_brooch,Handmade_brooch,Birthday_Gift","Opal,Stone,Sterling silver",https://i.etsystatic.com/24638998/r/il/c8b16c/6994262842/il_fullxfull.6994262842_1u0z.jpg,https://i.etsystatic.com/24638998/r/il/04a5eb/6994262510/il_fullxfull.6994262510_pjua.jpg,https://i.etsystatic.com/24638998/r/il/212aa1/7042239645/il_fullxfull.7042239645_73af.jpg,https://i.etsystatic.com/24638998/r/il/ec82d3/7042239637/il_fullxfull.7042239637_tq1t.jpg,https://i.etsystatic.com/24638998/r/il/57e9b8/7042239635/il_fullxfull.7042239635_ilhe.jpg,https://i.etsystatic.com/24638998/r/il/aa4d89/6812623953/il_fullxfull.6812623953_cgcl.jpg,https://i.etsystatic.com/24638998/r/il/2d1957/6812525709/il_fullxfull.6812525709_8qbv.jpg,,,,,,,,,,K-854
"Natural Apatite Hoop Earrings & Ring Set, Handmade 925 Sterling Silver Gemstone Jewelry","✨ Vamina Jewels – Where elegance meets earth. We believe every gemstone has a soul, and every piece tells a story. Handcrafted. Heart-chosen. Heirloom-worthy. 💫

Apatite Hoop Earrings & Ring Set – Natural Gemstone in 925 Sterling Silver | Gift for Her | Wedding, Engagement, Party Jewelry for Women

📏 Product Specifications:
Gemstone: Natural Blue Apatite

Metal: 925 Sterling Silver

Plating: Rhodium

Set Includes: Hoop Earrings & Ring

Style: Minimalist / Modern / Elegant

Occasion: Anniversary, Wedding, Engagement, Party, Gift for Her, Daily Wear

Stone Cut: Round Brilliant

Handcrafted: Yes

💎 Description:
APATITE 💫 – a gem not everyone knows, yet once seen, never forgotten.

This captivating jewelry set features natural blue apatite gemstones in a delicate and graceful design. The 925 sterling silver setting is rhodium plated, offering a luxurious shine and tarnish resistance. The hoop earrings curve elegantly along the ear, while the matching ring complements the look with a graceful alignment of radiant stones.

Apatite, though not widely recognized, is often associated with March as an alternative birthstone. It is believed to enhance clarity, creativity, and personal strength — making this set as meaningful as it is beautiful.

Whether you’re treating yourself or gifting someone special, this set is perfect for anniversaries, engagements, weddings, parties, birthdays, graduations, proposals, or simply to say “you deserve something special.” It’s ideal for everyday wear, bridal looks, casual elegance, or festive moments, making it a versatile must-have for any jewelry lover.",182.49,USD,4,"925_silver_ring,Vintage_ring,Unique_silver_ring,Handmade_jewelry,Women_jewelry,Luxury_jewelry,Daily_Wear_Jewelry,Bridal_Jewelry,Proposal_Ring_Set,Birthstone_Gift,Anniversary_Jewelry,Apatite_Jewery,Hoop_Earrings","Apatite,Stone,Sterling silver",https://i.etsystatic.com/24638998/r/il/5d64b8/6783579780/il_fullxfull.6783579780_55b4.jpg,https://i.etsystatic.com/24638998/r/il/5c5612/6783579372/il_fullxfull.6783579372_7l6w.jpg,https://i.etsystatic.com/24638998/r/il/19e85c/6783579376/il_fullxfull.6783579376_fkrl.jpg,https://i.etsystatic.com/24638998/r/il/cfa38b/6783579374/il_fullxfull.6783579374_2fzh.jpg,https://i.etsystatic.com/24638998/r/il/aa4d89/6812623953/il_fullxfull.6812623953_cgcl.jpg,https://i.etsystatic.com/24638998/r/il/2d1957/6812525709/il_fullxfull.6812525709_8qbv.jpg,,,,,"Custom Property",Style,"Earrings,Ring,Full Set","Custom Property","Ring Size","NA FOR EARRINGS,5 US,5.25 US,5.75 US,6 US,6.25 US,6.50 US,6.75 US,7 US,7.25 US,7.50 US,7.75 US,8 US,8.25 US,8.50 US,8.75 US,9 US,9.25 US,9.50 US,9.75 US,10 US,10.25 US,10.50 US,10.75 US,11 US,11.25 US,11.50 US,11.75 US,12 US,12.25 US,12.50 US,12.75 US,13 US,13.25 US,13.50 US,13.75 US,14 US,14.25 US,14.50 US,14.75 US,15 US,15.25 US,15.50 US,15.75 US,16 US",K-084
"Natural Moonstone Sapphire Ring Earring Set – Gold Plated 925 Sterling Silver Amethyst Statement Jewelry","Natural Moonstone Sapphire Amethyst Jewelry Set | Gold Plated 925 Sterling Silver Ring & Earrings | Handmade Statement Jewelry | Elegant Anniversary Gift

Product Specifications

Main Stone: Natural Moonstone – Pear Cut, Rainbow Fire

Accent Stones: Natural Sapphire & Amethyst – Round & Oval Cut Halo

Metal: 925 Sterling Silver, Gold Plated with Black Rhodium Finish

Earring Length: 55 mm

Set Includes: Matching Ring & Earrings

Style: Multi-Stone, Statement, Handmade Jewelry

Description

This Natural Moonstone Sapphire Ring & Earring Set is a celestial celebration of color, craftsmanship, and timeless beauty. The centerpiece of each piece features a glowing natural moonstone with a mesmerizing rainbow sheen, surrounded by an enchanting halo of deep blue sapphires and vivid purple amethysts. Expertly crafted in 925 sterling silver, this design is enriched with gold plating and black rhodium accents for a striking dual-tone contrast that enhances every gem’s brilliance.

The earrings, measuring 55 mm, bring graceful movement and radiance, while the matching ring completes the set with refined harmony. Together, they create a statement look that’s both luxurious and ethereal — perfect for weddings, galas, or elegant evenings.

💎 Moonstone is known as the stone of intuition and love, while sapphire and amethyst represent wisdom and inner peace — making this set a powerful symbol of grace, balance, and emotional depth.

💝 Perfect Gift Occasions:
This exquisite jewelry set makes an unforgettable gift for a wedding, a romantic engagement surprise, or a meaningful anniversary celebration gift. It’s also ideal as a birthday gift for her, or a cherished present for your wife, girlfriend, sister, daughter, mom, or best friend. A perfect Valentine’s Day, Mother’s Day, Christmas, or New Year gift, it’s equally meaningful as a graduation or promotion gift, a bridesmaid keepsake, or a token for the mother of the bride or groom. When you simply want to express affection, it’s the perfect “just because,” “thinking of you,” or “thank you” gift — a timeless treasure made to celebrate life’s most special moments.

✨ A luxurious harmony of moonlight and color — this moonstone, sapphire, and amethyst set radiates elegance, artistry, and emotion.

This natural moonstone, sapphire, and amethyst jewelry set is handcrafted in 925 sterling silver with gold plating and black rhodium finish, featuring a pear-cut moonstone surrounded by sapphire and amethyst halos. Perfect as a statement ring and earring set, anniversary gift, or luxury handmade gemstone jewelry, it’s ideal for women who love moonstone jewelry, multi-stone designs, and artisan silver craftsmanship.

Materials

Natural Moonstone

Natural Sapphire

Natural Amethyst

925 Sterling Silver

Gold & Black Rhodium Plating",254.99,USD,4,"Floral_Jewelry,Bridal_Set,Ring_Earrings,Daily_Jewelry,925_Silver_Earrings,925_Silver_RIng,Silver_Ring_925,Anniversary_Gift,Mothers_Day_Gift,Wedding_Gift,amethyst_Jewelry_Set,Earring_Ring_sets,White_Stone_Jewelry","Moonstone,Sapphire,Amethyst,Sterling silver,Silver,Moonstone",https://i.etsystatic.com/24638998/r/il/5ecdda/7292411396/il_fullxfull.7292411396_r5py.jpg,https://i.etsystatic.com/24638998/r/il/dcb8c5/7340350121/il_fullxfull.7340350121_i3kq.jpg,https://i.etsystatic.com/24638998/r/il/a29e6a/7292402532/il_fullxfull.7292402532_apdt.jpg,https://i.etsystatic.com/24638998/r/il/ecea9b/7340350123/il_fullxfull.7340350123_ozcz.jpg,https://i.etsystatic.com/24638998/r/il/0a43f2/7292402520/il_fullxfull.7292402520_4igb.jpg,https://i.etsystatic.com/24638998/r/il/b040fa/7340350137/il_fullxfull.7340350137_ihqc.jpg,https://i.etsystatic.com/24638998/r/il/33645a/7340350139/il_fullxfull.7340350139_pzrl.jpg,https://i.etsystatic.com/24638998/r/il/08dd9c/6920670029/il_fullxfull.6920670029_erfu.jpg,https://i.etsystatic.com/24638998/r/il/2d1957/6812525709/il_fullxfull.6812525709_8qbv.jpg,,"Custom Property",Style,"Ring,Earrings,Full Set","Custom Property","Ring Size","NA FOR EARRINGS,5 US,5 1/4 US,5 1/2 US,6 US,6 1/4 US,6 1/2 US,7 US,7 1/4 US,7 1/2 US,8 US,8 1/4 US,8 1/2 US,9 US,9 1/4 US,9 1/2 US,10 US,10 1/4 US,10 1/2 US,11 US,11 1/4 US,11 1/2 US,12 US,12 1/4 US,12 1/2 US,13 US,13 1/4 US,13 1/2 US,14 US,14 1/4 US,14 1/2 US,15 US,15 1/4 US,15 1/2 US,16 US",K-1426
"Natural Multi-Tourmaline Hoop Earrings, Handmade Sterling Silver Gemstone Jewelry, Elegant Oval Earrings","Natural Tourmaline Inside-Out Hoop Earrings – Handmade Oval Multi-Tourmaline Earrings – 925 Solid Sterling Silver Hoop Earrings – Elegant Gemstone Jewelry – Gift for Her

Product Specifications:

Gemstone: Natural Multi-Colored Tourmaline

Stone Size: 6x4 mm (Oval )

Metal: Solid 925 Sterling Silver

Design: Inside-Out Oval Hoop Style with Full Gemstone Coverage

Finish: High Polish | Handmade | Rhodium Plated for Shine & Durability

Closure: Secure Latch Back

Why You’ll Love It:
Celebrate vibrant color and timeless design with these stunning inside-out tourmaline hoop earrings. Handcrafted in solid 925 sterling silver and finished with luminous rhodium plating, each earring features a full array of natural oval-cut tourmalines—each stone measuring 6x4 mm and arranged both inside and out for maximum sparkle from every angle. With hues ranging from blush pink and forest green to golden yellow and deep amber, these multi-tourmaline earrings offer a rainbow of elegance that effortlessly complements any outfit. The oval hoop silhouette offers a classic yet contemporary edge, making these handmade gemstone earrings a versatile piece of luxury jewelry perfect for daily wear or special occasions.

Perfect Gift For:
A remarkable gift for anniversaries, birthdays, weddings, or any milestone, these designer hoop earrings are ideal for women who adore handmade gemstone jewelry and vibrant, one-of-a-kind designs. Surprise your wife, mother, or loved one with a treasure she’ll cherish forever—perfect for special occasions like Women’s Day, Valentine’s Day, or simply to show your love and appreciation with a truly memorable gift.

Exclusively by Vamika Jewels — Where Every Gem Tells a Story, and Every Design Is Made to Be Remembered.

★ This Jewelry comes with a Specially Designed Jewelry Box.
★ Have your own custom design? Send us a message and we will make it for you exactly how you want it to be:))
★ All our gemstones are 100% natural.

Visit links: For Other Design
https://vamijewells.etsy.com

Please Pay more attention to the Jewelry Care Tips:
★ Do not use chemical jewelry cleaners.
★ Gently polish with a soft, lint-free cloth.
★ Store your jewelry in a cool dry place.
★ Do not wear it to the pool, spa, or the beach.
★ Avoid contact with perfumes, body oils, and other chemicals, including household cleaners.
★ Remove when sleeping, exercising, or doing other physically strenuous activities.

Custom Order:
★ Please Noted that Once Custom Order has been Arranged for Production, Cancellation is not Allowed because all the Materials has been Prepared well for your Jewelry Making. Hope to get Your highly Understand! There are NO returns on custom Jewelry Thanks So Much!

Feedback:
★ If you have any problem with your order or you are not satisfied with your order please feel free to contact us and allow us to resolve your problem. But please do not leave negative or neutral feedback before contacting us.",440.99,USD,4,"Handmade_jewelry,Anniversary_Gift,silver_jewelry,unique_earrings,Engagement_Gift,Minimalist_earrings,multi_stone_earrings,Natural_Gemstone,clip_on_earrings,hoop_earrings,indian_clip_earrings,Oval_Earrings,Multi_stone_earring","Stone,Sterling silver,Silver",https://i.etsystatic.com/24638998/r/il/d766a7/6979276523/il_fullxfull.6979276523_2xpb.jpg,https://i.etsystatic.com/24638998/r/il/c29a00/6931306220/il_fullxfull.6931306220_e9pp.jpg,https://i.etsystatic.com/24638998/r/il/edb524/6979276531/il_fullxfull.6979276531_4f5v.jpg,https://i.etsystatic.com/24638998/r/il/5646be/6979276549/il_fullxfull.6979276549_o2gs.jpg,https://i.etsystatic.com/24638998/r/il/64077c/6979457619/il_fullxfull.6979457619_q44r.jpg,https://i.etsystatic.com/24638998/r/il/da4536/6931486356/il_fullxfull.6931486356_n4nm.jpg,https://i.etsystatic.com/24638998/r/il/2d1957/6812525709/il_fullxfull.6812525709_8qbv.jpg,,,,"Gemstone type",Gemstone,"Multi Tourmaline,Pink Tourmaline,Multi Tourmaline 1",,,,K-702
"Natural Emerald Cut Lemon Topaz & Diamond Ring, Sterling Silver Pave Halo Jewelry","Natural Lemon Topaz and Diamond Ring, Handmade Statement Cocktail Ring, 925 Sterling Silver Pave Jewelry for Women, Engagement Gift for Her

Product Specifications:
Main Stone: Natural Lemon Topaz (6 carats, 7 x 10 mm)

Accent Stones: Natural Diamonds (0.40 carats)

Metal: Solid 925 Sterling Silver

Finish: Rhodium Plated

Style: Emerald Cut Solitaire with Pave Halo

Ring Sizes Available: US 5 to 16

Handmade: Yes

Why You’ll Love It:
Effortlessly chic and luminously bold, this handmade lemon topaz ring is a dazzling piece of gemstone artistry that speaks to confidence and timeless sophistication. The centerpiece — a radiant emerald-cut lemon topaz weighing 6 carats — glows with zesty yellow-green brilliance, making it a unique and refreshing alternative to traditional gemstones. Framed in a sparkling halo of natural pave-set diamonds (0.40 carats), the design creates a perfect balance between bold and refined.

Set in solid 925 sterling silver and rhodium plated for enhanced durability and shine, this statement ring is ideal for both celebratory moments and everyday luxury. Whether you're styling it as a cocktail ring, a modern engagement ring, or a party-ready accessory, its elegant silhouette and vibrant personality make it an unforgettable piece. This is a ring for women who love color, clarity, and handmade designer jewelry that radiates individuality.

Perfect Gift For:
A perfect gift for November birthdays (topaz birthstone), anniversaries, or as a statement engagement ring. An ideal choice for brides, mothers, or anyone seeking handmade gemstone rings, pave diamond jewelry, or a sterling silver ring with luxury flair. Makes a wonderful gift for anyone who appreciates bold solitaire rings, colorful cocktail jewelry, or fine artisan craftsmanship.

Exclusively by Vamika Jewels — Where Every Gem Tells a Story, and Every Design Is Made to Be Remembered.
Free shipping available.

★ This Jewelry comes with a Specially Designed Jewelry Box.
★ Have your own custom design? Send us a message and we will make it for you exactly how you want it to be:))
★ All our gemstones are 100% natural.

Visit links: For Other Design
https://vamijewells.etsy.com

Please Pay more attention to the Jewelry Care Tips:
★ Do not use chemical jewelry cleaners.
★ Gently polish with a soft, lint-free cloth.
★ Store your jewelry in a cool dry place.
★ Do not wear it to the pool, spa, or the beach.
★ Avoid contact with perfumes, body oils, and other chemicals, including household cleaners.
★ Remove when sleeping, exercising, or doing other physically strenuous activities.

Custom Order:
★ Please Noted that Once Custom Order has been Arranged for Production, Cancellation is not Allowed because all the Materials has been Prepared well for your Jewelry Making. Hope to get Your highly Understand! There are NO returns on custom Jewelry Thanks So Much!

Feedback:
★ If you have any problem with your order or you are not satisfied with your order please feel free to contact us and allow us to resolve your problem. But please do not leave negative or neutral feedback before contacting us.",442.73,USD,4,"925_silver_ring,Unique_silver_ring,Handmade_jewelry,Luxury_jewelry,Halo_Diamond_Ring,Anniversary_Gift,silver_jewelry,Free_Shipping,Minimalist_Ring,stackable_rings,Topaz_Ring,Birthday_Gift_Ring,Yellow_Stone_Ring","Silver,Sterling silver,Stone,Topaz",https://i.etsystatic.com/24638998/r/il/bf840b/6884900900/il_fullxfull.6884900900_jvd9.jpg,https://i.etsystatic.com/24638998/r/il/ba2fb8/6932877893/il_fullxfull.6932877893_6cyg.jpg,https://i.etsystatic.com/24638998/r/il/2b8383/6932877895/il_fullxfull.6932877895_kbvs.jpg,https://i.etsystatic.com/24638998/r/il/9bbddf/6932877897/il_fullxfull.6932877897_gtn2.jpg,https://i.etsystatic.com/24638998/r/il/aa4d89/6812623953/il_fullxfull.6812623953_cgcl.jpg,https://i.etsystatic.com/24638998/r/il/2d1957/6812525709/il_fullxfull.6812525709_8qbv.jpg,,,,,"Ring size","Ring size","5,5 1/4,5 1/2,5 3/4,6,6 1/4,6 1/2,6 3/4,7,7 1/4,7 1/2,7 3/4,8,8 1/4,8 1/2,8 3/4,9,9 1/4,9 1/2,9 3/4,10,10 1/4,10 1/2,10 3/4,11,11 1/4,11 1/2,11 3/4,12,12 1/4,12 1/2,12 3/4,13,13 1/4,13 1/2,13 3/4,14,14 1/4,14 1/2,14 3/4,15,15 1/4,15 1/2,15 3/4,16",,,,K-492
"Natural Multi Tourmaline Gemstone Bracelet, Rhodium Plated 925 Sterling Silver Handmade Jewelry","Natural Multi Tourmaline Gemstone Bracelet | Rhodium Plated 925 Sterling Silver Jewelry | Colorful Cabochon Bracelet for Women | Fall and Winter Jewelry Gift

Product Specifications:

Gemstone: Natural Multi Tourmaline

Metal: 925 Sterling Silver (Rhodium Plated)

Bracelet Length: Fits wrist sizes 7 to 9 inches

Stone Size: Approx. 5x4 mm cabochons

Closure: Secure box clasp with safety latch

Finish: High-polish rhodium plating for lasting shine

Why You’ll Love It:
This exquisite bracelet features a vibrant lineup of natural tourmaline gemstones in an array of earthy and bold tones, making each piece truly one-of-a-kind. Expertly set in high-quality rhodium-plated sterling silver, the cabochon layout creates a soft, smooth texture while offering rich visual depth. Whether you're dressing up for a celebration or elevating your everyday style, this bracelet adds the perfect touch of color, elegance, and artisan charm. Its sleek clasp ensures a secure fit, ideal for daily wear or special occasions.

Perfect Gift For:
Celebrate beauty and individuality with this gemstone bracelet — an unforgettable gift for birthdays, anniversaries, or holidays. A wonderful choice for Fall Jewelry, Thanksgiving Gift Jewelry, Christmas Gift Jewelry, or as a Bridesmaid Gift Jewelry. Ideal for those who love warm tone gemstone jewelry, Mother’s Day Gift Jewelry, or simply enjoy vibrant, handmade sterling silver jewelry. A unique treat for yourself or a loved one who treasures timeless elegance and artisanal craftsmanship.

Exclusively by Vamika Jewels — Where Every Gem Tells a Story, and Every Design Is Made to Be Remembered.

★ This Jewelry comes with a Specially Designed Jewelry Box.
★ Have your own custom design? Send us a message and we will make it for you exactly how you want it to be:))
★ All our gemstones are 100% natural.

Visit links: For Other Design
https://vamijewells.etsy.com

Please Pay more attention to the Jewelry Care Tips:
★ Do not use chemical jewelry cleaners.
★ Gently polish with a soft, lint-free cloth.
★ Store your jewelry in a cool dry place.
★ Do not wear it to the pool, spa, or the beach.
★ Avoid contact with perfumes, body oils, and other chemicals, including household cleaners.
★ Remove when sleeping, exercising, or doing other physically strenuous activities.

Custom Order:
★ Please Noted that Once Custom Order has been Arranged for Production, Cancellation is not Allowed because all the Materials has been Prepared well for your Jewelry Making. Hope to get Your highly Understand! There are NO returns on custom Jewelry Thanks So Much!

Feedback:
★ If you have any problem with your order or you are not satisfied with your order please feel free to contact us and allow us to resolve your problem. But please do not leave negative or neutral feedback before contacting us.",330.99,USD,4,"bridal_bracelet,anniversary_gift,birthstone_jewelry,statement_bracelet,silver_bracelet,925_Bracelet,luxury_bracelet,engagement_gift,Handcrafted_Jewelry,adjustable_bracelet,Birthstone_bracelet,oval_cut_bracelet,multi_stone_bracelet","Tourmaline,Stone,Sterling silver",https://i.etsystatic.com/24638998/r/il/c362cb/6970899288/il_fullxfull.6970899288_2gxn.jpg,https://i.etsystatic.com/24638998/r/il/c06098/6970898792/il_fullxfull.6970898792_745q.jpg,https://i.etsystatic.com/24638998/r/il/020548/6970898972/il_fullxfull.6970898972_c90s.jpg,https://i.etsystatic.com/24638998/r/il/a5aa6e/7018876537/il_fullxfull.7018876537_kqsp.jpg,https://i.etsystatic.com/24638998/r/il/607afa/6970898890/il_fullxfull.6970898890_764l.jpg,https://i.etsystatic.com/24638998/r/il/951347/7018876535/il_fullxfull.7018876535_f9oe.jpg,https://i.etsystatic.com/24638998/r/il/2d1957/6812525709/il_fullxfull.6812525709_8qbv.jpg,https://i.etsystatic.com/24638998/r/il/aa4d89/6812623953/il_fullxfull.6812623953_cgcl.jpg,,,Length,"Bracelet length","7,7.5,8,8.5,9,9.5,10",,,,K-901
"Natural London Blue Topaz Diamond Pendant, 925 Sterling Silver Blue Enamel Statement Jewelry","Natural London Blue Topaz Diamond Pendant, 29.44 Ct Large Gemstone Floral Necklace, 925 Sterling Silver Blue Enamel Jewelry, Luxury Anniversary Gift

Product Description
A Masterpiece of Floral Artistry & Natural Brilliance
Dazzle in the deep, oceanic hues of this magnificent Natural London Blue Topaz Pendant. This isn't just jewelry; it’s a wearable work of art. Featuring a colossal 29.44-carat cushion-cut London Blue Topaz, the pendant is topped with a meticulously handcrafted floral motif in 925 Sterling Silver, accented with shimmering diamonds and rich blue enamel.

The intricate flower and leaf detailing represents growth and elegance, making it a perfect statement piece for high-profile events or a treasured addition to a luxury jewelry collection.

✨ Premium Specifications:
Main Stone: Natural London Blue Topaz (Cushion Cut)

Stone Weight: Massive 29.44 Carats

Accent Stones: Genuine Sparkling Diamonds (0.74 Carats)

Metal: Solid 925 Sterling Silver (Hallmarked)

Artistic Detail: Hand-painted Deep Blue Enamel on floral petals

Pendant Length: Impressive 52 mm (Over 2 inches)

Total Weight: Approx 7.074 grams (as seen on tag)

💙 Why This Pendant Is Extraordinary:
Rare Carat Size: Finding a natural London Blue Topaz of nearly 30 carats with this clarity is rare, making it a true collector's item.

Intricate Craftsmanship: The silver work features delicate leaves and flowers encrusted with diamonds, creating a garden-like feel.

Symbol of Luxury: The deep ""London Blue"" color is highly sought after for its sophisticated and calming vibe.

🎁 The Ultimate Luxury Gift
If you are looking for a gift that will leave her speechless, this is it. It’s perfect for:

Milestone Anniversaries: A grand gesture of love.

December Birthdays: A premium take on the Blue Topaz birthstone.

Bridal Jewelry: For the bride who wants a ""Something Blue"" that is truly unique.

Care & Maintenance
Because of the fine enamel work and natural diamonds, we recommend cleaning this piece only with a very soft jewelry cloth. Avoid ultrasonic cleaners or harsh chemicals to preserve the enamel's luster.",1659.99,USD,5,"London_Blue_Topaz,Blue_Enamel_Jewelry,Sterling_Silver_925,Floral_Pendant,Flower_Necklace,Statement_Pendant,Art_Nouveau_Style,December_Birthstone,Unique_Gift_Women,Blue_Gemstone,Diamond_Halo,Nature_Inspired,Handmade_Pendant","Topaz,Diamond,Sterling silver,Stone,Topaz",https://i.etsystatic.com/24638998/r/il/4767b9/7973666119/il_fullxfull.7973666119_j44d.jpg,https://i.etsystatic.com/24638998/r/il/4859b4/7925696560/il_fullxfull.7925696560_3f91.jpg,https://i.etsystatic.com/24638998/r/il/2bb665/7973648399/il_fullxfull.7973648399_fmyx.jpg,https://i.etsystatic.com/24638998/r/il/829c0c/7973648367/il_fullxfull.7973648367_on9l.jpg,https://i.etsystatic.com/24638998/r/il/320f36/7973648375/il_fullxfull.7973648375_mxv9.jpg,https://i.etsystatic.com/24638998/r/il/4c544a/7925696556/il_fullxfull.7925696556_mji4.jpg,https://i.etsystatic.com/24638998/r/il/a27f27/7973648389/il_fullxfull.7973648389_qriw.jpg,https://i.etsystatic.com/24638998/r/il/aa4d89/6812623953/il_fullxfull.6812623953_cgcl.jpg,https://i.etsystatic.com/24638998/r/il/2d1957/6812525709/il_fullxfull.6812525709_8qbv.jpg,,,,,,,,K-6007
"Natural Aquamarine Morganite Necklace Earring Set, 925 Sterling Silver Diamond Multi Stone Jewelry","Natural Aquamarine & Morganite Necklace Earring Set | 925 Sterling Silver Diamond Multi-Stone Jewelry | Handmade Statement Gift for Her
✨ Product Specifications

Main Stones: Natural Aquamarine & Natural Morganite

Total Aquamarine Weight: 32.65 carats

Total Morganite Weight: 336 carats

Diamond Weight: 5.15 carats

Metal: 925 Sterling Silver (Rhodium Plated)

Set Includes: Matching Necklace & Drop Earrings

Earring Length: 5 cm

Design: Intricately Hand-Carved Floral Gemstones with Diamond Accents

Style: Luxury, Bridal, Statement Multi-Stone Jewelry

✨ Description

This breathtaking Natural Aquamarine and Morganite Necklace & Earring Set is a true collector’s masterpiece, showcasing hand-carved gemstones in soft pastel hues that radiate elegance and rare artistic beauty. The serene blue of aquamarine blends harmoniously with the warm, blush tones of premium morganite, each stone shaped and carved with intricate floral detailing that reflects exceptional craftsmanship. Sparkling natural diamonds delicately frame the gemstones, adding brilliance and luxurious depth to the design, all set in high-quality 925 Sterling Silver Rhodium Plated metal for a radiant, enduring finish.

The necklace drapes gracefully with its multi-layer carved gemstone arrangement, while the matching earrings offer a perfectly balanced, elongated silhouette that brings sophistication to any outfit. This handcrafted multi-stone jewelry set is ideal for grand occasions, bridal wear, milestone celebrations, or for collectors who appreciate the beauty of rare gemstones and fine artisanal detailing. Whether worn as a full set or styled separately, it embodies luxury, refinement, and timeless femininity.

Perfect for shoppers searching for natural aquamarine jewelry, carved morganite necklaces, handmade gemstone jewelry sets, luxury bridal jewelry, aquamarine and morganite multi-stone designs, diamond accent sterling silver jewelry, statement gemstone necklaces, anniversary gifts for her, or high-end gemstone carving jewelry. Also ideal for buyers looking for rare gemstone sets, pastel gemstone accessories, or premium handcrafted silver jewelry for weddings, engagements, and special occasions.

This luxurious jewelry set is meticulously crafted with premium natural aquamarine and morganite gemstones, enhanced by sparkling natural diamonds and securely set in solid 925 sterling silver with a durable, high-shine rhodium plated finish. Each stone is intricately hand-carved, showcasing exceptional artistry and exquisite detail.







★ This Jewelry comes with a Specially Designed Jewelry Box.
★ Have your own custom design? Send us a message and we will make it for you exactly how you want it to be:))
★ All our gemstones are 100% natural.

Visit links: For Other Design
https://vamijewells.etsy.com

Please Pay more attention to the Jewelry Care Tips:
★ Do not use chemical jewelry cleaners.
★ Gently polish with a soft, lint-free cloth.
★ Store your jewelry in a cool dry place.
★ Do not wear it to the pool, spa, or the beach.
★ Avoid contact with perfumes, body oils, and other chemicals, including household cleaners.
★ Remove when sleeping, exercising, or doing other physically strenuous activities.

Custom Order:
★ Please Noted that Once Custom Order has been Arranged for Production, Cancellation is not Allowed because all the Materials has been Prepared well for your Jewelry Making. Hope to get Your highly Understand! There are NO returns on custom Jewelry Thanks So Much!

Feedback:
★ If you have any problem with your order or you are not satisfied with your order please feel free to contact us and allow us to resolve your problem. But please do not leave negative or neutral feedback before contacting us.",456.99,USD,4,"Engagement_Gift,unique_necklace,Minimalist_necklace,wedding_necklace,Diamond_Necklace,multi_stone_necklace,white_Stone_Necklace,Anniversary_Gift,Statement_necklace,Morganite_Earring,Morganite_Necklace,Aquamarine_Jewelry,Cluster_Jewelry","Aquamarine,Morganite,Diamond,Sterling silver,Morganite",https://i.etsystatic.com/24638998/r/il/542d3c/7534095271/il_fullxfull.7534095271_mq54.jpg,https://i.etsystatic.com/24638998/r/il/577f65/7534095255/il_fullxfull.7534095255_f7xk.jpg,https://i.etsystatic.com/24638998/r/il/c36e22/7534095279/il_fullxfull.7534095279_2chd.jpg,https://i.etsystatic.com/24638998/r/il/78927e/7534095257/il_fullxfull.7534095257_hria.jpg,https://i.etsystatic.com/24638998/r/il/1cbb3a/7534095259/il_fullxfull.7534095259_p7dt.jpg,https://i.etsystatic.com/24638998/r/il/9310fa/7534095261/il_fullxfull.7534095261_bd9u.jpg,https://i.etsystatic.com/24638998/r/il/1a7649/7486165520/il_fullxfull.7486165520_kc4d.jpg,https://i.etsystatic.com/24638998/r/il/63421b/7486165538/il_fullxfull.7486165538_dwf9.jpg,https://i.etsystatic.com/24638998/r/il/665eee/7534095273/il_fullxfull.7534095273_pgtg.jpg,https://i.etsystatic.com/24638998/r/il/2743e8/7534095285/il_fullxfull.7534095285_h86s.jpg,"Custom Property",Style,"Earring,Necklace 16 Inch,Necklace 18 Inch,Necklace 20 Inch",,,,K-2044-neck+earr
"Natural Amethyst Diamond Dangle Earring, 925 Sterling Silver Black Enamel Statement Jewelry For Women","Natural Amethyst Diamond Dangle Earrings, 925 Sterling Silver Black Enamel Statement Earrings, Geometric Sugarloaf Cut Jewelry, Unique Gift for Her

Product Description
Modern Sophistication Meets Natural Beauty
Step up your jewelry game with these striking Natural Amethyst & Diamond Dangle Earrings. Featuring a unique sugarloaf-cut Amethyst set against a bold Black Enamel border, these earrings offer a stunning contrast that is both modern and timeless.

Crafted in high-quality 925 Sterling Silver and accented with genuine diamonds on the lever-back hooks, these earrings are the perfect blend of edgy design and luxury. Whether you're dressing up for a night out or looking for a standout everyday accessory, these geometric drops are sure to impress.

✨ Item Specifications:
Main Stone: Natural Purple Amethyst (Polished Sugarloaf/Cabochon Cut)

Accent Stones: Genuine Sparkling Diamonds

Detailing: Hand-applied Black Enamel for a bold, high-contrast look

Metal: Solid 925 Sterling Silver

Total Length: 32 mm (approx. 1.25 inches)

Closure: Secure Diamond-studded Lever-back / Hinged Hoops

💎 Why These Earrings Are Special:
Unique Cut: The high-domed sugarloaf cut of the Amethyst catches light beautifully from every angle.

Handcrafted Detail: The black enamel border is meticulously applied to create a sleek, framed effect.

Premium Materials: Only natural gemstones and hallmarked 925 silver are used, ensuring a lasting shine.

🎁 The Perfect Gift for the Trendsetter
Packaged with care and ready for gifting, these earrings are a great choice for:

February Birthdays: A modern twist on the traditional birthstone.

Anniversary Gifts: For the woman who loves unique, designer-style jewelry.

Self-Care: A bold addition to your personal collection.

Care Instructions
To protect the enamel and natural stones, avoid contact with perfumes, hairsprays, and cleaning chemicals. Wipe with a soft, lint-free cloth after wearing to maintain the polish.",477.99,USD,5,"Amethyst_Earrings,Black_Enamel_Jewelry,Diamond_Dangle,925_Sterling_Silver,Statement_Earrings,Sugarloaf_Amethyst,Art_Deco_Jewelry,February_Birthstone,Modern_Silver_Gift,Enamel_Drop_Earring,Unique_Gift_Women,Leverback_Earrings,Designer_Jewelry","Diamond,Amethyst,Sterling silver,Amethyst",https://i.etsystatic.com/24638998/r/il/af9d46/7973560765/il_fullxfull.7973560765_lzan.jpg,https://i.etsystatic.com/24638998/r/il/7aaaba/7925607302/il_fullxfull.7925607302_djfa.jpg,https://i.etsystatic.com/24638998/r/il/3c5bf7/7925607232/il_fullxfull.7925607232_rzp2.jpg,https://i.etsystatic.com/24638998/r/il/ea9bd3/7973560013/il_fullxfull.7973560013_67w7.jpg,https://i.etsystatic.com/24638998/r/il/19a6d8/7925607270/il_fullxfull.7925607270_14td.jpg,https://i.etsystatic.com/24638998/r/il/f867a9/7973560047/il_fullxfull.7973560047_hq5c.jpg,https://i.etsystatic.com/24638998/r/il/14f03e/7973560067/il_fullxfull.7973560067_q2hh.jpg,https://i.etsystatic.com/24638998/r/il/aa4d89/6812623953/il_fullxfull.6812623953_cgcl.jpg,https://i.etsystatic.com/24638998/r/il/2d1957/6812525709/il_fullxfull.6812525709_8qbv.jpg,,,,,,,,K-6008
"Natural Purple Amethyst Jewelry Set, 925 Sterling Silver Statement Ring & Earrings, Wedding Gift","Natural Purple Amethyst Jewelry Set, 925 Sterling Silver Statement Ring & Long Dangle Earrings, February Birthstone, Bridal Gift for Her

Product Description
Indulge in Royal Luxury with This Natural Amethyst Jewelry Set
Step into elegance with our breathtaking Natural Purple Amethyst Jewelry Set. Perfectly combining sophistication and allure, this set includes a spectacular statement ring and a matching pair of exquisite dangle earrings. Known as the stone of spirituality and contentment, Amethyst offers a touch of royalty to any attire. Handcrafted in premium 925 Sterling Silver, this set is designed to make you feel extraordinary.

✨ Item Specifications:
Natural Amethyst Ring:
Main Stone: Genuine, High-Grade Oval-Cut Purple Amethyst

Accent Stones: A brilliant halo of round natural Purple Amethysts

Metal: Solid 925 Sterling Silver

Style: Bold Cocktail / Statement Ring

Natural Amethyst Dangle Earrings:
Main Stone: Matching Genuine Oval-Cut Purple Amethyst

Accent Stones: Stunning halo of round natural Purple Amethysts

Total Length: Elegant 42 mm drop

Closure: Secure and classic hinge/lever back

Metal: Solid 925 Sterling Silver

💜 Why Choose This Set?
Genuine & Captivating Gemstones: We use only premium natural Amethysts, each hand-selected for its deep, rich color and exceptional clarity.

Timeless Statement Pieces: This coordinated set offers a luxurious, balanced look, making a bold statement of style.

Sterling Silver Craftsmanship: Nickel-free and hypoallergenic 925 Sterling Silver ensures comfort and long-lasting beauty for sensitive skin.

🎁 A Truly Magnificent Gift
Each set is elegantly packaged, making it a thoughtful and luxurious gift for:

Brides: For a classic and elegant bridal jewelry set.

February Birthdays: A meaningful birthstone gift.

Anniversaries: Celebrating a special milestone.

Treating Yourself: You deserve a touch of regal elegance.

Care Instructions
To preserve the beautiful color and shine of your natural Amethyst jewelry, please:

Avoid prolonged direct sunlight and high temperatures.

Keep away from harsh chemicals, perfumes, and cosmetics.

Clean gently with a soft, damp cloth and mild soap; pat dry.

Store in the provided jewelry pouch or box.",330.99,USD,2,"Amethyst_Jewelry_Set,Purple_Gemstone_Set,925_Sterling_Silver,Statement_Ring,Amethyst_Earrings,Wedding_Gift_Set,Anniversary_Jewelry,Oval_Amethyst_Halo,February_Birthstone,Bridal_Jewelry_Set,Natural_Purple_Stone,Handmade_Silver_Set,Victorian_Style_Set","Amethyst,Silver,Sterling silver,Amethyst",https://i.etsystatic.com/24638998/r/il/104666/7925492440/il_fullxfull.7925492440_bb37.jpg,https://i.etsystatic.com/24638998/r/il/07568c/7925483294/il_fullxfull.7925483294_p1hi.jpg,https://i.etsystatic.com/24638998/r/il/96cde9/7925483256/il_fullxfull.7925483256_dpgi.jpg,https://i.etsystatic.com/24638998/r/il/099cf3/7925483260/il_fullxfull.7925483260_dah2.jpg,https://i.etsystatic.com/24638998/r/il/255dd1/7925483270/il_fullxfull.7925483270_g172.jpg,https://i.etsystatic.com/24638998/r/il/8ed93c/7925483272/il_fullxfull.7925483272_iq2b.jpg,https://i.etsystatic.com/24638998/r/il/4a2cf6/7973435245/il_fullxfull.7973435245_l2hf.jpg,https://i.etsystatic.com/24638998/r/il/08dd9c/6920670029/il_fullxfull.6920670029_erfu.jpg,https://i.etsystatic.com/24638998/r/il/2d1957/6812525709/il_fullxfull.6812525709_8qbv.jpg,,"Custom Property",Style,"Ring,Earrings,Full Set","Custom Property","Ring Size","NA FOR EARRINGS,5 US,5 1/4 US,5 1/2 US,6 US,6 1/4 US,6 1/2 US,7 US,7 1/4 US,7 1/2 US,8 US,8 1/4 US,8 1/2 US,9 US,9 1/4 US,9 1/2 US,10 US,10 1/4 US,10 1/2 US,11 US,11 1/4 US,11 1/2 US,12 US,12 1/4 US,12 1/2 US,13 US,13 1/4 US,13 1/2 US,14 US,14 1/4 US,14 1/2 US,15 US,15 1/4 US,15 1/2 US,16 US",K-6009
"Natural Green Amethyst Ruby Sapphire Sterling Silver Ring, Multi Stone Statement Jewelry, Wedding Gift","Natural Green Amethyst Ring with Ruby & Sapphire, 925 Sterling Silver Gold Plated Statement Ring, Large Rectangle Gemstone Jewelry, Unique Bridal Gift, Anniversary Ring for Her

Etsy Product Description
Experience Royal Elegance
Make a bold style statement with this exquisite Natural Green Amethyst Multi-Stone Ring. Designed for those who appreciate high-end craftsmanship and rare gemstone combinations, this ring features a magnificent rectangular-cut Green Amethyst, encircled by a vibrant halo of natural Rubies and sparkling Blue Sapphires.

The split-shank design and the gold-toned finish over solid 925 Sterling Silver give it a luxurious, regal appearance that stands out at any gala, wedding, or special occasion.

✨ Product Highlights:
Center Stone: Large Rectangular Faceted Natural Green Amethyst (Prasiolite).

Accent Stones: Hand-set Natural Red Rubies and Blue Sapphires for a colorful contrast.

Metal Work: Premium 925 Sterling Silver with a thick, durable Gold Polish.

Design: Bold Cocktail / Statement Style with an elegant split-band.

Craftsmanship: High-quality prong setting to ensure gemstone security and maximum light reflection.

🌿 Why You'll Love It:
Authentic Beauty: We use only 100% natural gemstones, meaning your ring is a unique piece of Earth's history.

Statement Piece: The oversized design is perfect for adding drama and sophistication to your look.

Gift Ready: An unforgettable gift for weddings, 10th anniversaries, or ""just because"" surprises for the jewelry lover in your life.

Detailed Specifications:
Stone Shape: Rectangle / Radiant Cut (Center) & Round Cut (Accents)

Band Type: Split Shank for comfort and stability

Plating: Yellow Gold over Sterling Silver

Handmade: Each piece is carefully inspected for professional quality.

Care Tips for Gold-Plated Jewelry:
To keep the gold plating bright, please avoid wearing your ring while swimming or using harsh cleaning chemicals. Gently wipe with a soft cloth after use to maintain its mirror-like finish.",845.99,USD,3,"Green_Amethyst_Ring,Ruby_Sapphire_Ring,Multi_Stone_Ring,Statement_Jewelry,925_Sterling_Silver,Cocktail_Ring,Wedding_Gift,Large_Gemstone_Ring,Prasiolite_Jewelry,Anniversary_Gift,Colorful_Stone_Ring,Art_Deco_Statement,Unique_Gift_Women","Sterling silver,Ruby,Sapphire,Amethyst,Stone,Amethyst",https://i.etsystatic.com/24638998/r/il/063c59/7925461348/il_fullxfull.7925461348_sksb.jpg,https://i.etsystatic.com/24638998/r/il/b20164/7925461362/il_fullxfull.7925461362_7kd2.jpg,https://i.etsystatic.com/24638998/r/il/24d1e9/7925461328/il_fullxfull.7925461328_iyfv.jpg,https://i.etsystatic.com/24638998/r/il/ab02ea/7925461332/il_fullxfull.7925461332_ms2s.jpg,https://i.etsystatic.com/24638998/r/il/7a4b6e/7925461338/il_fullxfull.7925461338_bi5v.jpg,https://i.etsystatic.com/24638998/r/il/1acec9/7973413315/il_fullxfull.7973413315_b97j.jpg,https://i.etsystatic.com/24638998/r/il/e9d243/7925461342/il_fullxfull.7925461342_4pqe.jpg,https://i.etsystatic.com/24638998/r/il/aa4d89/6812623953/il_fullxfull.6812623953_cgcl.jpg,https://i.etsystatic.com/24638998/r/il/2d1957/6812525709/il_fullxfull.6812525709_8qbv.jpg,,"Ring size","Ring size","5,5 1/4,5 1/2,5 3/4,6,6 1/4,6 1/2,6 3/4,7,7 1/4,7 1/2,7 3/4,8,8 1/4,8 1/2,8 3/4,9,9 1/4,9 1/2,9 3/4,10,10 1/4,10 1/2,10 3/4,11,11 1/4,11 1/2,11 3/4,12,12 1/4,12 1/2,12 3/4,13,13 1/4,13 1/2,13 3/4,14,14 1/4,14 1/2,14 3/4,15,15 1/4,15 1/2,15 3/4,16",,,,K-6010
"Natural Emerald & Diamond Inside Outside Halo Earrings, Sterling Silver Bridal Statement Jewelry","Natural Emerald Diamond Hoop Earrings | 925 Sterling Silver Inside Outside Halo Jewelry | Handmade Bridal Statement Earrings | Anniversary & Luxury Gift for Her

Product Specifications

Main Stones: Natural Emeralds – 8.72 carats

Accent Stones: Natural Diamonds – 2.00 carats

Metal: 925 Sterling Silver, Rhodium Plated

Design: Inside-Outside Hoop with Halo Diamond Accents

Size: 40 mm

Style: Hoop, Bridal, Statement Jewelry

Description

These Natural Emerald & Diamond Hoop Earrings are a breathtaking fusion of classic elegance and modern luxury — an exquisite statement for the woman who adores refined brilliance. Each earring features vibrant natural emeralds (8.72 carats total), their lush green tones symbolizing renewal and prosperity, beautifully framed with 2 carats of sparkling natural diamonds that trace the inside and outside of the hoop for endless radiance.

Handcrafted in 925 sterling silver and finished with a high-polish rhodium plating, these hoops redefine sophistication with their intricate detailing and balanced brilliance. The double-sided diamond setting ensures every angle captures the light, while the emeralds add a touch of vivid color and charm. Perfect for bridal wear, evening events, or everyday luxury, these earrings embody timeless beauty and artisanal craftsmanship.

💎 Emerald, revered as the stone of love, hope, and rebirth, is paired here with diamonds, the eternal symbol of strength and light — together, they create a harmonious balance of nature’s finest gems.

💝 Perfect Gift Occasions:
These exquisite earrings make a luxurious wedding or engagement gift, a heartfelt anniversary celebration present, or a stunning birthday gift for her. Perfect for your wife, girlfriend, sister, daughter, mom, or best friend, they’re also ideal as a Valentine’s Day surprise, a Mother’s Day treasure, or a Christmas and New Year keepsake. A thoughtful graduation, promotion, or milestone gift, as well as a meaningful bridesmaid or mother of the bride/groom gift, or even a “just because,” “thinking of you,” or “thank you” gesture, these emerald hoops are a true expression of elegance and love.

These stunning emerald diamond hoop earrings embody handmade gemstone artistry, sterling silver statement jewelry, bridal luxury accessories, and halo diamond craftsmanship. A perfect anniversary or engagement gift for her, featuring radiant green emeralds, glittering diamonds, and refined silver detailing. Ideal for weddings, formal celebrations, and evening wear, these emerald inside-out hoops are a timeless gift for wife, girlfriend, or mom, symbolizing elegance, prosperity, and everlasting grace.

Materials

Natural Emeralds

Natural Diamonds

925 Sterling Silver

Rhodium Plating

Fine Handcrafted Setting

✨ A masterpiece of sparkle and sophistication — these Emerald & Diamond Hoop Earrings bring a captivating blend of classic grace and modern brilliance, made for the woman who shines effortlessly.






Exclusively by Vamika Jewels — Where Every Gem Tells a Story, and Every Design Is Made to Be Remembered.
Free shipping available.

★ This Jewelry comes with a Specially Designed Jewelry Box.
★ Have your own custom design? Send us a message and we will make it for you exactly how you want it to be:))
★ All our gemstones are 100% natural.

Visit links: For Other Design
https://vamijewells.etsy.com

Please Pay more attention to the Jewelry Care Tips:
★ Do not use chemical jewelry cleaners.
★ Gently polish with a soft, lint-free cloth.
★ Store your jewelry in a cool dry place.
★ Do not wear it to the pool, spa, or the beach.
★ Avoid contact with perfumes, body oils, and other chemicals, including household cleaners.
★ Remove when sleeping, exercising, or doing other physically strenuous activities.

Custom Order:
★ Please Noted that Once Custom Order has been Arranged for Production, Cancellation is not Allowed because all the Materials has been Prepared well for your Jewelry Making. Hope to get Your highly Understand! There are NO returns on custom Jewelry Thanks So Much!

Feedback:
★ If you have any problem with your order or you are not satisfied with your order please feel free to contact us and allow us to resolve your problem. But please do not leave negative or neutral feedback before contacting us.",1650.99,USD,4,"Handmade_jewelry,Anniversary_Gift,silver_jewelry,unique_earrings,Engagement_Gift,Minimalist_earrings,multi_stone_earrings,Diamond_Earrings,fine_Jewelry,925_Silver_Earrings,emerald_earrings,green_stone_earrings,post_stud_earrings","Silver,Emerald,Diamond,Sterling silver,Stone,Emerald",https://i.etsystatic.com/24638998/r/il/18e638/7387722494/il_fullxfull.7387722494_hxe1.jpg,https://i.etsystatic.com/24638998/r/il/152691/7387721930/il_fullxfull.7387721930_7lyb.jpg,https://i.etsystatic.com/24638998/r/il/fe84b5/7435643775/il_fullxfull.7435643775_fmu5.jpg,https://i.etsystatic.com/24638998/r/il/c79b45/7435643779/il_fullxfull.7435643779_dl58.jpg,https://i.etsystatic.com/24638998/r/il/828dbc/7387721906/il_fullxfull.7387721906_c1rt.jpg,https://i.etsystatic.com/24638998/r/il/ba5f8e/7387721904/il_fullxfull.7387721904_dbk6.jpg,https://i.etsystatic.com/24638998/r/il/41383e/7435643769/il_fullxfull.7435643769_phpz.jpg,https://i.etsystatic.com/24638998/r/il/aa4d89/6812623953/il_fullxfull.6812623953_cgcl.jpg,https://i.etsystatic.com/24638998/r/il/2d1957/6812525709/il_fullxfull.6812525709_8qbv.jpg,,,,,,,,K-1690
"Natural Kyanite Diamond Dangle Earrings, 925 Sterling Silver Statement Jewelry, Wedding Gift","Natural Kyanite Diamond Dangle Earrings, 925 Sterling Silver Statement Jewelry, Handmade Wedding Gift for Her
Product Specifications
Main Stones: Natural Kyanite – 17.3 Carats
Accent Stones: Natural Diamonds
Metal: 925 Sterling Silver
Finish: Rhodium Plated
Earring Length: 72 mm
Style: Statement / Dangle / Handmade Jewelry
Description

These stunning Natural Kyanite Diamond Earrings are handcrafted in 925 sterling silver with a radiant rhodium plated finish. The design features multiple deep blue natural kyanite gemstones arranged in an intricate flowing pattern, creating a bold and luxurious statement look.

Accented with sparkling natural diamonds, these earrings offer exceptional brilliance and elegance. The elongated 72 mm design adds graceful movement and enhances the overall dramatic appeal, making them perfect for special occasions.

Elegant and eye-catching, these earrings are ideal for those who love unique gemstone jewelry with a rich blue tone and refined craftsmanship.

Perfect Gift

A perfect choice for weddings, anniversaries, birthdays, or evening events. Ideal for someone who appreciates statement jewelry with vibrant gemstones.",1450.99,USD,4,"Kyanite_Earrings,Blue_Gemstone,Diamond_Earrings,Dangle_Earrings,Statement_Jewelry,Gemstone_Earrings,Long_Earrings,Sterling_Silver_925,Handmade_Jewelry,Gift_For_Her,Wedding_Earrings,Luxury_Earrings,Fine_Jewelry_Ear","Silver,Kyanite,Diamond,Sterling silver,Stone,Kyanite",https://i.etsystatic.com/24638998/r/il/04dc8d/7910182092/il_fullxfull.7910182092_hj0s.jpg,https://i.etsystatic.com/24638998/r/il/2d0efd/7910182096/il_fullxfull.7910182096_m42q.jpg,https://i.etsystatic.com/24638998/r/il/9e2d80/7910182110/il_fullxfull.7910182110_gsie.jpg,https://i.etsystatic.com/24638998/r/il/fdfc6f/7958137987/il_fullxfull.7958137987_9tfv.jpg,https://i.etsystatic.com/24638998/r/il/aa4d89/6812623953/il_fullxfull.6812623953_cgcl.jpg,https://i.etsystatic.com/24638998/r/il/2d1957/6812525709/il_fullxfull.6812525709_8qbv.jpg,,,,,,,,,,,K-6038
"Moonstone Kyanite Diamond Dangle Earrings – 925 Sterling Silver, Anniversary Jewelry","Natural Moonstone & Kyanite Diamond Dangle Earrings – 925 Sterling Silver – Elegant Long Drop Earrings – Anniversary & Party Jewelry Gift for Her

Product Specifications:

Metal: 925 Sterling Silver, Rhodium Plated

Gemstones: Natural Moonstone (9 carats), Natural Kyanite (8.3 carats)

Diamonds: 0.86 carats, natural, pave setting

Earring Length: 70 mm

Closure: Secure push-back posts

Finish: High-polish, Rhodium Plated for lasting shine and tarnish resistance

Description:
Step into a world of ethereal beauty with these exquisite Natural Moonstone & Kyanite Diamond Dangle Earrings, a true celebration of elegance and sophistication. Handcrafted in 925 Sterling Silver with a luxurious rhodium finish, these statement earrings feature the mesmerizing blue shimmer of Kyanite paired with the dreamy glow of Moonstone.

Each gemstone is lovingly accented by sparkling natural diamonds in a delicate pave setting, adding a touch of brilliance that dances with every movement. At 70 mm in length, these graceful drops create an elongating effect, perfect for special occasions, anniversary celebrations, or adding a refined sparkle to your evening attire.

Gift these enchanting earrings to someone special—or indulge in a timeless treasure that will become a cherished part of your fine jewelry collection.

Free shipping available.
★ This Jewelry comes with a Specially Designed Jewelry Box.
★ Have your own custom design? Send us a message and we will make it for you exactly how you want it to be:))
★ All our gemstones are 100% natural.

Visit links: For Other Design
https://vamijewells.etsy.com

Please Pay more attention to the Jewelry Care Tips:
★ Do not use chemical jewelry cleaners.
★ Gently polish with a soft, lint-free cloth.
★ Store your jewelry in a cool dry place.
★ Do not wear it to the pool, spa, or the beach.
★ Avoid contact with perfumes, body oils, and other chemicals, including household cleaners.
★ Remove when sleeping, exercising, or doing other physically strenuous activities.

Custom Order:
★ Please Noted that Once Custom Order has been Arranged for Production, Cancellation is not Allowed because all the Materials has been Prepared well for your Jewelry Making. Hope to get Your highly Understand! There are NO returns on custom Jewelry Thanks So Much!

Feedback:
★ If you have any problem with your order or you are not satisfied with your order please feel free to contact us and allow us to resolve your problem. But please do not leave negative or neutral feedback before contacting us.",1014.62,USD,5,"Handmade_jewelry,Anniversary_Gift,silver_jewelry,unique_earrings,Engagement_Gift,Minimalist_earrings,multi_stone_earrings,Diamond_Earrings,fine_Jewelry,925_Silver_Earrings,post_stud_earrings,kyanite_earrings,white_stone_earrings","Sterling silver,Silver,Stone,Moonstone",https://i.etsystatic.com/24638998/r/il/31966c/7110059048/il_fullxfull.7110059048_ia2i.jpg,https://i.etsystatic.com/24638998/r/il/bd1f07/7158033117/il_fullxfull.7158033117_1urx.jpg,https://i.etsystatic.com/24638998/r/il/7a0fcf/7110059050/il_fullxfull.7110059050_o2q4.jpg,https://i.etsystatic.com/24638998/r/il/0e5efc/7158033115/il_fullxfull.7158033115_qt25.jpg,https://i.etsystatic.com/24638998/r/il/aa4d89/6812623953/il_fullxfull.6812623953_cgcl.jpg,https://i.etsystatic.com/24638998/r/il/2d1957/6812525709/il_fullxfull.6812525709_8qbv.jpg,,,,,,,,,,,K-1110
"Natural Kyanite Diamond Ring, Sterling Silver Floral Halo Jewelry","Natural Kyanite Diamond Ring – Sterling Silver Statement Jewelry – Unique Halo Design – Elegant Diamond & Kyanite Gift for Her

Product Specifications:

Gemstones: Natural Kyanites (3.25 carats)

Diamonds: Natural, 0.82 carats

Metal: 925 Sterling Silver, Rhodium Plated

Design: Intricate floral cluster with halo diamond accents

Craftsmanship: Handmade, high-polish finish

Description:
Step into timeless elegance with this exquisite Natural Kyanite Diamond Ring, a true statement piece that blends artistry with opulence. Five blooming floral clusters, each adorned with deep blue kyanites, are delicately framed with shimmering natural diamonds, creating a dazzling interplay of color and light.

The intense sapphire-like blue of the kyanites evokes a feeling of luxury, while the sparkling diamond halo adds a captivating brilliance from every angle. Crafted in 925 sterling silver with a rhodium-plated finish, this ring is both durable and resistant to tarnish, ensuring it remains a treasured part of your collection for years to come.

Perfect for special occasions or as a memorable gift, this piece captures attention effortlessly — whether worn as a cocktail ring or as an everyday showstopper.

★ This Jewelry comes with a Specially Designed Jewelry Box.
★ Have your own custom design? Send us a message and we will make it for you exactly how you want it to be:))
★ All our gemstones are 100% natural.

Visit links: For Other Design
https://vamijewells.etsy.com

Please Pay more attention to the Jewelry Care Tips:
★ Do not use chemical jewelry cleaners.
★ Gently polish with a soft, lint-free cloth.
★ Store your jewelry in a cool dry place.
★ Do not wear it to the pool, spa, or the beach.
★ Avoid contact with perfumes, body oils, and other chemicals, including household cleaners.
★ Remove when sleeping, exercising, or doing other physically strenuous activities.

Custom Order:
★ Please Noted that Once Custom Order has been Arranged for Production, Cancellation is not Allowed because all the Materials has been Prepared well for your Jewelry Making. Hope to get Your highly Understand! There are NO returns on custom Jewelry Thanks So Much!

Feedback:
★ If you have any problem with your order or you are not satisfied with your order please feel free to contact us and allow us to resolve your problem. But please do not leave negative or neutral feedback before contacting us.",771.73,USD,5,"925_silver_ring,Vintage_ring,Unique_silver_ring,Handmade_jewelry,Statement_ring,Luxury_jewelry,Gemstone_Ring,Halo_Diamond_Ring,Engagement_Ring,Anniversary_Gift,Blue_Stone_Ring,Kyanite_Ring,Kyanite_Jewelry","Sterling silver,Stone,Kyanite",https://i.etsystatic.com/24638998/r/il/66ea88/7107912152/il_fullxfull.7107912152_mqph.jpg,https://i.etsystatic.com/24638998/r/il/05ff65/7155883897/il_fullxfull.7155883897_94ls.jpg,https://i.etsystatic.com/24638998/r/il/532ef4/7155883885/il_fullxfull.7155883885_70rb.jpg,https://i.etsystatic.com/24638998/r/il/f9d142/7107911644/il_fullxfull.7107911644_pl7t.jpg,https://i.etsystatic.com/24638998/r/il/acbb9a/7107911678/il_fullxfull.7107911678_oi33.jpg,https://i.etsystatic.com/24638998/r/il/aa4d89/6812623953/il_fullxfull.6812623953_cgcl.jpg,https://i.etsystatic.com/24638998/r/il/2d1957/6812525709/il_fullxfull.6812525709_8qbv.jpg,,,,"Ring size","Ring size","5,5 1/4,5 1/2,5 3/4,6,6 1/4,6 1/2,6 3/4,7,7 1/4,7 1/2,7 3/4,8,8 1/4,8 1/2,8 3/4,9,9 1/4,9 1/2,9 3/4,10,10 1/4,10 1/2,10 3/4,11,11 1/4,11 1/2,11 3/4,12,12 1/4,12 1/2,12 3/4,13,13 1/4,13 1/2,13 3/4,14,14 1/4,14 1/2,14 3/4,15,15 1/4,15 1/2,15 3/4,16",,,,K-1109
"Natural Aquamarine Diamond Ring, Sterling Silver Halo, Statement Jewelry","Natural Aquamarine Diamond Ring – Handmade Sterling Silver Statement Ring – Elegant Aquamarine Jewelry Gift for Her

Product Specifications:

Metal: 925 Sterling Silver

Main Gemstone: Natural Aquamarine – 4.27 carats (11×9 mm)

Accent Stones: Natural Diamonds – 0.40 carats

Design: Halo, Statement Ring

Finish: Rhodium Plated

Description:
Grace your hand with the serene beauty of this Natural Aquamarine Diamond Ring, a captivating fusion of elegance and sparkle. The 4.27-carat aquamarine, with its soothing ocean-blue hue, is masterfully faceted to capture and reflect light with every movement. Encircled by a halo of 0.40 carats of natural diamonds, this design radiates sophistication and timeless charm.

Crafted in rhodium-plated sterling silver, the piece offers both durability and a luxurious finish, making it perfect for special occasions or as a heartfelt gift for someone dear. Whether worn as a statement piece or as part of your daily elegance, this ring embodies refined beauty and enduring style.

★ This Jewelry comes with a Specially Designed Jewelry Box.
★ Have your own custom design? Send us a message and we will make it for you exactly how you want it to be:))
★ All our gemstones are 100% natural.

Visit links: For Other Design
https://vamijewells.etsy.com

Please Pay more attention to the Jewelry Care Tips:
★ Do not use chemical jewelry cleaners.
★ Gently polish with a soft, lint-free cloth.
★ Store your jewelry in a cool dry place.
★ Do not wear it to the pool, spa, or the beach.
★ Avoid contact with perfumes, body oils, and other chemicals, including household cleaners.
★ Remove when sleeping, exercising, or doing other physically strenuous activities.

Custom Order:
★ Please Noted that Once Custom Order has been Arranged for Production, Cancellation is not Allowed because all the Materials has been Prepared well for your Jewelry Making. Hope to get Your highly Understand! There are NO returns on custom Jewelry Thanks So Much!

Feedback:
★ If you have any problem with your order or you are not satisfied with your order please feel free to contact us and allow us to resolve your problem. But please do not leave negative or neutral feedback before contacting us.",1157.13,USD,5,"925_silver_ring,Unique_silver_ring,Handmade_jewelry,Luxury_jewelry,Halo_Diamond_Ring,Anniversary_Gift,Minimalist_Ring,Blue_Stone_Ring,Birthday_Gift_Ring,Wedding_Gift,silver_jewelry_gift,Handmade_Silver_Ring,aquamarine_ring","Silver,Sterling silver,Stone,Aquamarine",https://i.etsystatic.com/24638998/r/il/7401fd/7110279082/il_fullxfull.7110279082_3ctw.jpg,https://i.etsystatic.com/24638998/r/il/477db0/7110278652/il_fullxfull.7110278652_1jv1.jpg,https://i.etsystatic.com/24638998/r/il/807c25/7158252473/il_fullxfull.7158252473_9ae3.jpg,https://i.etsystatic.com/24638998/r/il/1fc867/7110278654/il_fullxfull.7110278654_s7cw.jpg,https://i.etsystatic.com/24638998/r/il/5e9cc8/7110278646/il_fullxfull.7110278646_mvqa.jpg,https://i.etsystatic.com/24638998/r/il/aa4d89/6812623953/il_fullxfull.6812623953_cgcl.jpg,https://i.etsystatic.com/24638998/r/il/2d1957/6812525709/il_fullxfull.6812525709_8qbv.jpg,,,,"Ring size","Ring size","5,5 1/4,5 1/2,5 3/4,6,6 1/4,6 1/2,6 3/4,7,7 1/4,7 1/2,7 3/4,8,8 1/4,8 1/2,8 3/4,9,9 1/4,9 1/2,9 3/4,10,10 1/4,10 1/2,10 3/4,11,11 1/4,11 1/2,11 3/4,12,12 1/4,12 1/2,12 3/4,13,13 1/4,13 1/2,13 3/4,14,14 1/4,14 1/2,14 3/4,15,15 1/4,15 1/2,15 3/4,16",,,,K-1114
"Handmade Black Opal Diamond Dangle Earrings – Sterling Silver Halo","Natural Black Opal & White Opal Diamond Dangle Earrings – Handmade Fire Opal Halo Earrings – Sterling Silver Statement Jewelry Gift for Her

Product Specifications:

Metal: 925 Sterling Silver

Main Gemstones: Natural Black Opal – 2.45 carats, Natural White Opal – 17.6 carats

Accent Stones: Natural Diamonds – 0.70 carats

Design: Halo, Dangle Earrings

Length: 47 mm

Finish: Rhodium Plated

Description:
A masterpiece of opulent elegance, these Natural Black Opal & White Opal Diamond Dangle Earrings exude a captivating play of color and brilliance. The 2.45-carat black opals shimmer with deep, mysterious hues, while the 17.6 carats of fiery white opals radiate an iridescent glow that dances with every movement.

Encircled by a halo of 0.70 carats of natural diamonds, the design offers a luxurious sparkle and a striking contrast between the opals’ vivid colors and the bright diamond brilliance. Expertly crafted in rhodium-plated sterling silver, these earrings are a statement of refined taste and timeless sophistication.

Perfect for special occasions, gala events, or as a meaningful gift for the woman who appreciates unique and rare gemstones, these earrings are destined to be treasured for a lifetime.

★ This Jewelry comes with a Specially Designed Jewelry Box.
★ Have your own custom design? Send us a message and we will make it for you exactly how you want it to be:))
★ All our gemstones are 100% natural.

Visit links: For Other Design
https://vamijewells.etsy.com

Please Pay more attention to the Jewelry Care Tips:
★ Do not use chemical jewelry cleaners.
★ Gently polish with a soft, lint-free cloth.
★ Store your jewelry in a cool dry place.
★ Do not wear it to the pool, spa, or the beach.
★ Avoid contact with perfumes, body oils, and other chemicals, including household cleaners.
★ Remove when sleeping, exercising, or doing other physically strenuous activities.

Custom Order:
★ Please Noted that Once Custom Order has been Arranged for Production, Cancellation is not Allowed because all the Materials has been Prepared well for your Jewelry Making. Hope to get Your highly Understand! There are NO returns on custom Jewelry Thanks So Much!

Feedback:
★ If you have any problem with your order or you are not satisfied with your order please feel free to contact us and allow us to resolve your problem. But please do not leave negative or neutral feedback before contacting us.",1168.07,USD,5,"Handmade_jewelry,Anniversary_Gift,silver_jewelry,unique_earrings,Engagement_Gift,Minimalist_earrings,multi_stone_earrings,Diamond_Earrings,fine_Jewelry,925_Silver_Earrings,Wedding_Gift,blue_stone_earrings,birthday_gift","Sterling silver,Silver,Stone,Opal",https://i.etsystatic.com/24638998/r/il/d41b6f/7158235925/il_fullxfull.7158235925_c6an.jpg,https://i.etsystatic.com/24638998/r/il/4c5aed/7110261434/il_fullxfull.7110261434_jqpi.jpg,https://i.etsystatic.com/24638998/r/il/97bd27/7110261436/il_fullxfull.7110261436_hlgc.jpg,https://i.etsystatic.com/24638998/r/il/63cfff/7110261438/il_fullxfull.7110261438_b5bd.jpg,https://i.etsystatic.com/24638998/r/il/aa4d89/6812623953/il_fullxfull.6812623953_cgcl.jpg,https://i.etsystatic.com/24638998/r/il/2d1957/6812525709/il_fullxfull.6812525709_8qbv.jpg,,,,,,,,,,,K-1113
"Natural Morganite Diamond Ring, Gold Plated Sterling Silver, Victorian Halo Design","Natural Morganite Diamond Cocktail Ring – Victorian Style Gold Plated Sterling Silver Ring – Statement Morganite Engagement Ring – Luxury Jewelry Gift for Her

Product Specifications:

Metal: 925 Sterling Silver, Gold Plated

Main Gemstone: Natural Morganite – 9 carats (13x10 mm)

Accent Stones: Natural Diamonds – 0.82 carats

Style: Victorian Style, Halo Design

Finish: Gold Plated

Ring Size: Customizable upon request

Description:
Radiating timeless elegance, this Natural Morganite Diamond Cocktail Ring is a true heirloom-worthy treasure. The dazzling 9-carat natural morganite, expertly cut to showcase its delicate blush hue, is encircled by a shimmering halo of 0.82 carats of natural diamonds in an intricate Victorian-inspired design.

Crafted in gold-plated sterling silver, this ring blends antique charm with luxurious sparkle, making it a perfect choice for engagements, anniversaries, or milestone celebrations. The ornate craftsmanship highlights the femininity and sophistication of the wearer, ensuring this piece becomes a cherished part of any fine jewelry collection.

Whether worn as a statement ring or as a romantic gift, this morganite beauty captures hearts with its luminous glow and regal presence.

Exclusively by Vamika Jewels — Where Every Gem Tells a Story, and Every Design Is Made to Be Remembered.
Free Shipping | Custom Ring Size Available (US 5 to US 16)
★ This Jewelry comes with a Specially Designed Jewelry Box.
★ Have your own custom design? Send us a message and we will make it for you exactly how you want it to be:))
★ All our gemstones are 100% natural.

Visit links: For Other Design
https://vamijewells.etsy.com

Please Pay more attention to the Jewelry Care Tips:
★ Do not use chemical jewelry cleaners.
★ Gently polish with a soft, lint-free cloth.
★ Store your jewelry in a cool dry place.
★ Do not wear it to the pool, spa, or the beach.
★ Avoid contact with perfumes, body oils, and other chemicals, including household cleaners.
★ Remove when sleeping, exercising, or doing other physically strenuous activities.

Custom Order:
★ Please Noted that Once Custom Order has been Arranged for Production, Cancellation is not Allowed because all the Materials has been Prepared well for your Jewelry Making. Hope to get Your highly Understand! There are NO returns on custom Jewelry Thanks So Much!

Feedback:
★ If you have any problem with your order or you are not satisfied with your order please feel free to contact us and allow us to resolve your problem. But please do not leave negative or neutral feedback before contacting us.",621.33,USD,5,"Unique_silver_ring,Handmade_jewelry,Luxury_jewelry,Engagement_Ring,Anniversary_Gift,silver_jewelry,Minimalist_Ring,stackable_rings,multi_stone_Ring,Diamond_Ring,morganite_Ring,multi_stone_jewelry,Birthday_Gift","Stone,Sterling silver,Silver,Morganite",https://i.etsystatic.com/24638998/r/il/26c6eb/7110253198/il_fullxfull.7110253198_qyce.jpg,https://i.etsystatic.com/24638998/r/il/1ed2be/7110253210/il_fullxfull.7110253210_bzje.jpg,https://i.etsystatic.com/24638998/r/il/42628f/7110253220/il_fullxfull.7110253220_jzwz.jpg,https://i.etsystatic.com/24638998/r/il/36e73d/7158226655/il_fullxfull.7158226655_ptcv.jpg,https://i.etsystatic.com/24638998/r/il/117149/7158226657/il_fullxfull.7158226657_jp7g.jpg,https://i.etsystatic.com/24638998/r/il/aa4d89/6812623953/il_fullxfull.6812623953_cgcl.jpg,https://i.etsystatic.com/24638998/r/il/2d1957/6812525709/il_fullxfull.6812525709_8qbv.jpg,,,,"Ring size","Ring size","5,5 1/4,5 1/2,5 3/4,6,6 1/4,6 1/2,6 3/4,7,7 1/4,7 1/2,7 3/4,8,8 1/4,8 1/2,8 3/4,9,9 1/4,9 1/2,9 3/4,10,10 1/4,10 1/2,10 3/4,11,11 1/4,11 1/2,11 3/4,12,12 1/4,12 1/2,12 3/4,13,13 1/4,13 1/2,13 3/4,14,14 1/4,14 1/2,14 3/4,15,15 1/4,15 1/2,15 3/4,16",,,,K-1112
"Tanzanite Ring, Yellow Sapphire Halo, Sterling Silver Statement Jewelry","Natural Yellow Sapphire & Tanzanite Ring – Sterling Silver Statement Jewelry – Elegant Gemstone Cocktail Ring – Engagement or Anniversary Gift

Product Specifications:

Main Gemstone: Tanzanite (Oval Cabochon Cut)

Accent Gemstones: Yellow Sapphires

Metal: 925 Sterling Silver (Rhodium Plated for a long-lasting shine)

Design: Double halo with intricate gemstone arrangement

Occasions: Engagement, Anniversary, Special Events, Gift for Her

Description:
Step into timeless elegance with this breathtaking Natural Tanzanite and Yellow Sapphire Ring – a true showstopper in fine gemstone jewelry. The captivating oval cabochon-cut tanzanite takes center stage, surrounded by a dazzling halo of vivid yellow sapphires and shimmering blue accents, creating a mesmerizing play of colors.

Expertly handcrafted in rhodium-plated sterling silver, this ring exudes luxury and sophistication, making it perfect for milestone celebrations, glamorous evenings, or as a unique engagement piece. The harmonious blend of bold and delicate tones makes it a standout treasure in any jewelry collection.

Whether given as an anniversary gift, a statement ring, or a keepsake for yourself, this gemstone beauty will always draw admiration.",850.99,USD,4,"925_silver_ring,Vintage_ring,Unique_silver_ring,Handmade_jewelry,Statement_ring,Luxury_jewelry,Gemstone_Ring,Engagement_Ring,Anniversary_Gift,Graduation_Gift,Tanzanite_Ring,Sapphire_Ring,Sapphire_Jewelry","Sterling silver,Stone,Tanzanite",https://i.etsystatic.com/24638998/r/il/3b2d51/7155874459/il_fullxfull.7155874459_dali.jpg,https://i.etsystatic.com/24638998/r/il/fb5493/7155874035/il_fullxfull.7155874035_515p.jpg,https://i.etsystatic.com/24638998/r/il/5acc65/7155874039/il_fullxfull.7155874039_6tk9.jpg,https://i.etsystatic.com/24638998/r/il/d4b65d/7107901834/il_fullxfull.7107901834_cc47.jpg,https://i.etsystatic.com/24638998/r/il/61e6d3/7107901836/il_fullxfull.7107901836_pdwc.jpg,https://i.etsystatic.com/24638998/r/il/aa4d89/6812623953/il_fullxfull.6812623953_cgcl.jpg,https://i.etsystatic.com/24638998/r/il/2d1957/6812525709/il_fullxfull.6812525709_8qbv.jpg,,,,"Ring size","Ring size","5,5 1/4,5 1/2,5 3/4,6,6 1/4,6 1/2,6 3/4,7,7 1/4,7 1/2,7 3/4,8,8 1/4,8 1/2,8 3/4,9,9 1/4,9 1/2,9 3/4,10,10 1/4,10 1/2,10 3/4,11,11 1/4,11 1/2,11 3/4,12,12 1/4,12 1/2,12 3/4,13,13 1/4,13 1/2,13 3/4,14,14 1/4,14 1/2,14 3/4,15,15 1/4,15 1/2,15 3/4,16",,,,K-1108
"Natural Emerald Necklace – Sterling Silver Diamond Floral Jewelry","Natural Emerald Necklace – Luxury Diamond Necklace – Sterling Silver Emerald Diamond Jewelry – Elegant Green Stone Necklace – Gift for Her

Product Specifications:

Main Stone: Natural Emerald

Secondary Stones: Natural Diamonds

Metal: 925 Sterling Silver

Plating: Rhodium Plated for long-lasting shine

Design: Floral diamond clusters with vivid green emeralds

Necklace Length: Standard princess length

Closure: Secure clasp

Description:
Indulge in timeless elegance with this Natural Emerald and Diamond Necklace, expertly crafted in 925 sterling silver and finished with rhodium plating for a luxurious shine. Each vivid green emerald is hand-selected for its rich, captivating color and is beautifully complemented by clusters of sparkling natural diamonds arranged in an exquisite floral motif.

This necklace is a celebration of refined luxury—perfect for weddings, anniversaries, and special occasions where you wish to leave a lasting impression. The graceful design drapes beautifully along the neckline, while the high-quality craftsmanship ensures it will be treasured for years to come.

Whether you’re gifting it to someone special or adding it to your own collection, this emerald diamond necklace is more than just jewelry—it’s a statement of sophistication, grace, and enduring beauty

★ This Jewelry comes with a Specially Designed Jewelry Box.
★ Have your own custom design? Send us a message and we will make it for you exactly how you want it to be:))
★ All our gemstones are 100% natural.

Visit links: For Other Design
https://vamijewells.etsy.com

Please Pay more attention to the Jewelry Care Tips:
★ Do not use chemical jewelry cleaners.
★ Gently polish with a soft, lint-free cloth.
★ Store your jewelry in a cool dry place.
★ Do not wear it to the pool, spa, or the beach.
★ Avoid contact with perfumes, body oils, and other chemicals, including household cleaners.
★ Remove when sleeping, exercising, or doing other physically strenuous activities.

Custom Order:
★ Please Noted that Once Custom Order has been Arranged for Production, Cancellation is not Allowed because all the Materials has been Prepared well for your Jewelry Making. Hope to get Your highly Understand! There are NO returns on custom Jewelry Thanks So Much!

Feedback:
★ If you have any problem with your order or you are not satisfied with your order please feel free to contact us and allow us to resolve your problem. But please do not leave negative or neutral feedback before contacting us.",5244.91,USD,2,"Handmade_jewelry,Anniversary_Gift,silver_jewelry,Engagement_Gift,fine_Jewelry,unique_necklace,Minimalist_necklace,wedding_necklace,Diamond_Necklace,multi_stone_necklace,necklace_silver,Green_Stone_Necklace,Birthday_Gift","Emerald,Stone,Silver,Sterling silver",https://i.etsystatic.com/24638998/r/il/5fbd53/7107790028/il_fullxfull.7107790028_6z4m.jpg,https://i.etsystatic.com/24638998/r/il/a16b36/7107790058/il_fullxfull.7107790058_jnhu.jpg,https://i.etsystatic.com/24638998/r/il/b65913/7155762059/il_fullxfull.7155762059_ognc.jpg,https://i.etsystatic.com/24638998/r/il/51d10a/7155762057/il_fullxfull.7155762057_3mtx.jpg,https://i.etsystatic.com/24638998/r/il/1483bf/7107790078/il_fullxfull.7107790078_rae9.jpg,https://i.etsystatic.com/24638998/r/il/7046e5/7155762073/il_fullxfull.7155762073_qpqm.jpg,https://i.etsystatic.com/24638998/r/il/aa4d89/6812623953/il_fullxfull.6812623953_cgcl.jpg,https://i.etsystatic.com/24638998/r/il/2d1957/6812525709/il_fullxfull.6812525709_8qbv.jpg,,,Length,"Necklace length","16,18,20,22",,,,K-1105
"Handmade Sterling Silver Tourmaline Diamond Cocktail Ring","Natural Tourmaline Diamond Ring – 4.35 Ct Multi-Color Tourmaline & 0.61 Ct Diamond Cocktail Ring – Sterling Silver Rhodium Plated Statement Jewelry – Luxury Gift for Her

Product Specifications:

Main Stones: Natural Multi-Color Tourmalines – Total Weight: 4.35 Carats

Accent Stones: Natural Diamonds – Total Weight: 0.61 Carats

Metal: 925 Sterling Silver (Rhodium Plated for enhanced shine & durability)

Design: Multi-tone tourmaline centerpiece surrounded by a dazzling diamond halo in a bold cocktail style

Ring Size: Custom sizing available upon request

Setting Style: Prong & Pave

Handmade: Yes – Expertly crafted by skilled artisans

Occasion: Cocktail, Anniversary, Engagement, Birthday, or Luxury Everyday Wear

Packaging: Comes in a premium jewelry box – ready for gifting

Description:
Elevate your jewelry collection with this exquisite Natural Tourmaline Diamond Cocktail Ring, a breathtaking fusion of vibrant colors and timeless elegance. The ring features 4.35 carats of natural multi-colored tourmalines – lush greens, deep pinks, and warm peach tones – meticulously arranged around a striking center stone.

Each gem is encircled by a halo of 0.61 carats of sparkling natural diamonds, expertly set in rhodium-plated sterling silver to enhance brilliance and longevity. The statement-making starburst design exudes sophistication, making it the perfect piece for special occasions, evening events, or adding a touch of luxury to your everyday look.

Whether you’re looking for a meaningful anniversary gift, a unique engagement ring, or a glamorous cocktail accessory, this handmade creation promises to turn heads and spark conversation.

💎 Luxury you can see. Craftsmanship you can feel. Beauty you’ll never forget.

★ This Jewelry comes with a Specially Designed Jewelry Box.
★ Have your own custom design? Send us a message and we will make it for you exactly how you want it to be:))
★ All our gemstones are 100% natural.

Visit links: For Other Design
https://vamijewells.etsy.com

Please Pay more attention to the Jewelry Care Tips:
★ Do not use chemical jewelry cleaners.
★ Gently polish with a soft, lint-free cloth.
★ Store your jewelry in a cool dry place.
★ Do not wear it to the pool, spa, or the beach.
★ Avoid contact with perfumes, body oils, and other chemicals, including household cleaners.
★ Remove when sleeping, exercising, or doing other physically strenuous activities.

Custom Order:
★ Please Noted that Once Custom Order has been Arranged for Production, Cancellation is not Allowed because all the Materials has been Prepared well for your Jewelry Making. Hope to get Your highly Understand! There are NO returns on custom Jewelry Thanks So Much!

Feedback:
★ If you have any problem with your order or you are not satisfied with your order please feel free to contact us and allow us to resolve your problem. But please do not leave negative or neutral feedback before contacting us.",846.93,USD,5,"925_silver_ring,Unique_silver_ring,Handmade_jewelry,Luxury_jewelry,Halo_Diamond_Ring,Engagement_Ring,Anniversary_Gift,silver_jewelry,Minimalist_Ring,stackable_ring,Tourmaline_Ring,multi_gemstone_Ring,multi_color_ring","Stone,Sterling silver,Silver,Tourmaline",https://i.etsystatic.com/24638998/r/il/948de8/7107861316/il_fullxfull.7107861316_qbzt.jpg,https://i.etsystatic.com/24638998/r/il/04cb46/7107860836/il_fullxfull.7107860836_mrq4.jpg,https://i.etsystatic.com/24638998/r/il/21ea95/7155832987/il_fullxfull.7155832987_tjwv.jpg,https://i.etsystatic.com/24638998/r/il/f3756a/7107860854/il_fullxfull.7107860854_dkmy.jpg,https://i.etsystatic.com/24638998/r/il/d4cd8b/7155832989/il_fullxfull.7155832989_a57o.jpg,https://i.etsystatic.com/24638998/r/il/aa4d89/6812623953/il_fullxfull.6812623953_cgcl.jpg,https://i.etsystatic.com/24638998/r/il/2d1957/6812525709/il_fullxfull.6812525709_8qbv.jpg,,,,"Ring size","Ring size","5,5 1/4,5 1/2,5 3/4,6,6 1/4,6 1/2,6 3/4,7,7 1/4,7 1/2,7 3/4,8,8 1/4,8 1/2,8 3/4,9,9 1/4,9 1/2,9 3/4,10,10 1/4,10 1/2,10 3/4,11,11 1/4,11 1/2,11 3/4,12,12 1/4,12 1/2,12 3/4,13,13 1/4,13 1/2,13 3/4,14,14 1/4,14 1/2,14 3/4,15,15 1/4,15 1/2,15 3/4,16",,,,K-1106
"Natural Orange Sapphire Necklace, 925 Sterling Silver Emerald Diamond Multi Stone Jewelry","Natural Orange Sapphire & Emerald Diamond Necklace | 925 Sterling Silver Multi-Stone Jewelry | Handmade Bridal Statement Necklace | Luxury Gift for Her

PRODUCT SPECIFICATIONS

Main Stones: Natural Orange Sapphires – Oval Cut (vibrant golden-orange brilliance)

Center Stone: Natural Emerald – Oval Cut (rich vivid green)

Accent Stones: Natural Diamonds – Round & Baguette Pavé

Metal: 925 Sterling Silver, Rhodium Plated

Design: Infinity-Link Orange Sapphire Chain with Diamond Floral Motif & Emerald Drop

Style: Bridal, Statement, Multi-Stone Handmade Jewelry

DESCRIPTION

This exquisite Natural Orange Sapphire & Emerald Diamond Necklace is a luxurious statement piece that combines bold color, radiant sparkle, and refined craftsmanship. The necklace features vibrant oval orange sapphires, each bursting with golden-orange fire, set along an elegant infinity-link chain crafted from shimmering pavé diamonds. At the center rests an intricate diamond floral motif, designed with baguette and round diamonds to create a spectacular starburst of brilliance.

Suspended from the floral design is a stunning oval-cut natural emerald, glowing with rich green luminosity and surrounded by a sparkling diamond halo. Handmade in 925 sterling silver with rhodium plating, this masterpiece is perfect for brides, receptions, festive celebrations, cocktail evenings, and grand events. Its vibrant color combination and ornate craftsmanship make it a true heirloom piece—captivating, bold, and unforgettable.

💝 PERFECT GIFT OCCASIONS

This luxurious multi-stone necklace makes an extraordinary gift for a wedding, an elegant engagement gift, or a meaningful surprise for your fiancé or fiancée. It is also the perfect anniversary celebration gift or birthday gift for her, cherished by your wife, girlfriend, sister, daughter, mom, or best friend. Its radiant color palette makes it a memorable Valentine’s Day gift, a thoughtful Mother’s Day present, or a sparkling treasure for Christmas and New Year. Beyond festive days, it is ideal as a graduation gift, promotion or achievement gift, or a refined keepsake for bridesmaids and the mother of the bride or groom. When you want to express affection or appreciation, it becomes the perfect “just because,” “thinking of you,” or “thank you” gift, celebrating life’s special moments with elegance and beauty.


Crafted using premium natural orange sapphires, a vibrant natural emerald, and sparkling natural diamonds, this necklace is expertly set in solid 925 sterling silver with a high-quality rhodium plating for enhanced brilliance and durability. Each gemstone is hand-set with precision, highlighting intricate pavé work, detailed craftsmanship, and a refined handcrafted finish that elevates its luxurious, heirloom-worthy appeal.

This exquisite necklace is ideal for shoppers seeking natural orange sapphire jewelry, emerald diamond necklaces, or luxurious 925 sterling silver bridal pieces. Perfect as a statement necklace for brides, a multi-stone sapphire emerald design, or a luxury anniversary gift for her, it also makes a thoughtful gift for wife or girlfriend. With its radiant sapphires, glowing emerald, and sparkling diamonds, it is a stunning accessory for cocktail parties, wedding receptions, gala nights, engagement ceremonies, and festive celebrations, offering timeless beauty and unmatched sophistication.








★ This Jewelry comes with a Specially Designed Jewelry Box.
★ Have your own custom design? Send us a message and we will make it for you exactly how you want it to be:))
★ All our gemstones are 100% natural.

Visit links: For Other Design
https://vamijewells.etsy.com

Please Pay more attention to the Jewelry Care Tips:
★ Do not use chemical jewelry cleaners.
★ Gently polish with a soft, lint-free cloth.
★ Store your jewelry in a cool dry place.
★ Do not wear it to the pool, spa, or the beach.
★ Avoid contact with perfumes, body oils, and other chemicals, including household cleaners.
★ Remove when sleeping, exercising, or doing other physically strenuous activities.

Custom Order:
★ Please Noted that Once Custom Order has been Arranged for Production, Cancellation is not Allowed because all the Materials has been Prepared well for your Jewelry Making. Hope to get Your highly Understand! There are NO returns on custom Jewelry Thanks So Much!

Feedback:
★ If you have any problem with your order or you are not satisfied with your order please feel free to contact us and allow us to resolve your problem. But please do not leave negative or neutral feedback before contacting us.",6900.91,USD,5,"Engagement_Gift,fine_Jewelry,unique_necklace,Minimalist_necklace,wedding_necklace,Diamond_Necklace,multi_stone_necklace,Emerald_Necklace,Anniversary_Gift,Statement_necklace,Handmade_Necklace,sapphire_necklace,Birthday_Gift","Sapphire,Stone,Silver,Sterling silver",https://i.etsystatic.com/24638998/r/il/b7b793/7155623569/il_fullxfull.7155623569_2wpl.jpg,https://i.etsystatic.com/24638998/r/il/d27ff3/7107650932/il_fullxfull.7107650932_3l6v.jpg,https://i.etsystatic.com/24638998/r/il/98e4b3/7155623577/il_fullxfull.7155623577_rqto.jpg,https://i.etsystatic.com/24638998/r/il/bc5f04/7155623593/il_fullxfull.7155623593_oqbu.jpg,https://i.etsystatic.com/24638998/r/il/77246a/7107650924/il_fullxfull.7107650924_olrs.jpg,https://i.etsystatic.com/24638998/r/il/782201/7155623581/il_fullxfull.7155623581_mqfs.jpg,https://i.etsystatic.com/24638998/r/il/aa4d89/6812623953/il_fullxfull.6812623953_cgcl.jpg,https://i.etsystatic.com/24638998/r/il/2d1957/6812525709/il_fullxfull.6812525709_8qbv.jpg,,,Length,"Necklace length","16,18,20",,,,K-1104
"Natural Green Amethyst Sterling Silver Ring, Prasiolite & Diamond Statement Jewelry, Wedding Gift","Natural Green Amethyst (Prasiolite) Diamond Ring – 925 Sterling Silver Statement Jewelry, Elegant Wedding Gift


✨ Product Specifications
Main Stone: Natural Green Amethyst (Prasiolite)
Cut: Oval Faceted Cut
Accent Stones: Natural Diamonds
Metal: 925 Sterling Silver
Style: Statement / Cocktail Ring / Vintage Inspired


💎 Description

This stunning Natural Green Amethyst Ring features a large oval-cut prasiolite gemstone, admired for its soft green hue and exceptional brilliance. The elongated faceting enhances light reflection, giving the stone a luminous and sophisticated glow.

The centerpiece is beautifully framed by an intricate diamond-studded halo with delicate vintage-inspired detailing. The open gallery design adds depth and elegance, allowing light to pass through the gemstone for enhanced sparkle.

Crafted in 925 sterling silver, this ring is a perfect blend of bold design and refined elegance—ideal for making a statement on any occasion.

🎁 Perfect Gift

A perfect choice for weddings, anniversaries, birthdays, or special celebrations. Ideal for someone who loves elegant, oversized gemstone rings with a luxurious touch.",845.99,USD,3,"Green_Amethyst_Ring,Prasiolite_Jewelry,Pear_Shape_Ring,925_Sterling_Silver,Statement_Ring,Diamond_Halo_Ring,Wedding_Gift,Anniversary_Gift,Large_Gemstone_Ring,Mint_Green_Stone,Art_Deco_Ring,Unique_Gift_for_Her,Handmade_Jewelry","Stone,Diamond,Amethyst,Sterling silver,Amethyst",https://i.etsystatic.com/24638998/r/il/838ba1/7922230390/il_fullxfull.7922230390_1yxc.jpg,https://i.etsystatic.com/24638998/r/il/46c81d/7970179621/il_fullxfull.7970179621_nidt.jpg,https://i.etsystatic.com/24638998/r/il/1cdf51/7922228272/il_fullxfull.7922228272_f0aa.jpg,https://i.etsystatic.com/24638998/r/il/75f106/7970179595/il_fullxfull.7970179595_d6a0.jpg,https://i.etsystatic.com/24638998/r/il/7a81fa/7970179587/il_fullxfull.7970179587_249o.jpg,https://i.etsystatic.com/24638998/r/il/b9b0a3/7970179597/il_fullxfull.7970179597_l4tc.jpg,https://i.etsystatic.com/24638998/r/il/eb84ba/7970179601/il_fullxfull.7970179601_8pan.jpg,https://i.etsystatic.com/24638998/r/il/aa4d89/6812623953/il_fullxfull.6812623953_cgcl.jpg,https://i.etsystatic.com/24638998/r/il/2d1957/6812525709/il_fullxfull.6812525709_8qbv.jpg,,"Ring size","Ring size","5,5 1/4,5 1/2,5 3/4,6,6 1/4,6 1/2,6 3/4,7,7 1/4,7 1/2,7 3/4,8,8 1/4,8 1/2,8 3/4,9,9 1/4,9 1/2,9 3/4,10,10 1/4,10 1/2,10 3/4,11,11 1/4,11 1/2,11 3/4,12,12 1/4,12 1/2,12 3/4,13,13 1/4,13 1/2,13 3/4,14,14 1/4,14 1/2,14 3/4,15,15 1/4,15 1/2,15 3/4,16",,,,K-6011
"Natural Teardrop Green Amethyst 925 Sterling Silver Ring, Prasiolite & Diamond Statement Jewelry, Wedding Gift","Natural Teardrop Green Amethyst (Prasiolite) Diamond Ring – 925 Sterling Silver Statement Jewelry, Elegant Gift
✨ Product Specifications
Main Stone: Natural Green Amethyst (Prasiolite)
Cut: Teardrop / Pear Cut
Accent Stones: Natural Diamonds
Metal: 925 Sterling Silver
Style: Statement / Cocktail Ring / Halo Design
💎 Description

This elegant Natural Green Amethyst Ring features a large teardrop-shaped prasiolite gemstone, admired for its soft, soothing green tones and brilliant faceting. The elongated pear cut enhances the stone’s natural clarity and creates a graceful, eye-catching look.

Surrounding the center stone is a sparkling halo of natural diamonds, arranged in a delicate floral-inspired pattern that adds depth, brilliance, and a luxurious finish. The combination of the serene green hue and shimmering diamonds creates a perfect balance of sophistication and glamour.

Crafted in 925 sterling silver, this ring is a timeless statement piece—ideal for both special occasions and refined everyday wear.

🎁 Perfect Gift

A beautiful choice for weddings, anniversaries, birthdays, or special celebrations. Perfect for someone who loves elegant gemstone jewelry with a bold yet graceful design.",850.99,USD,3,"Green_Amethyst_Ring,Prasiolite_Jewelry,Pear_Shape_Ring,925_Sterling_Silver,Statement_Ring,Diamond_Halo_Ring,Wedding_Gift,Anniversary_Gift,Large_Gemstone_Ring,Mint_Green_Stone,Art_Deco_Ring,Unique_Gift_for_Her,Handmade_Jewelry","Stone,Diamond,Amethyst,Sterling silver,Amethyst",https://i.etsystatic.com/24638998/r/il/eb6a4a/7922141370/il_fullxfull.7922141370_ro2t.jpg,https://i.etsystatic.com/24638998/r/il/5e6855/7970093147/il_fullxfull.7970093147_nmf3.jpg,https://i.etsystatic.com/24638998/r/il/ca4923/7922140782/il_fullxfull.7922140782_l4ql.jpg,https://i.etsystatic.com/24638998/r/il/bc4069/7970093085/il_fullxfull.7970093085_hskj.jpg,https://i.etsystatic.com/24638998/r/il/8b84a0/7970093101/il_fullxfull.7970093101_f9y1.jpg,https://i.etsystatic.com/24638998/r/il/20fa27/7922140784/il_fullxfull.7922140784_pdtc.jpg,https://i.etsystatic.com/24638998/r/il/2a97a6/7970093127/il_fullxfull.7970093127_mvg2.jpg,https://i.etsystatic.com/24638998/r/il/aa4d89/6812623953/il_fullxfull.6812623953_cgcl.jpg,https://i.etsystatic.com/24638998/r/il/2d1957/6812525709/il_fullxfull.6812525709_8qbv.jpg,,"Ring size","Ring size","5,5 1/4,5 1/2,5 3/4,6,6 1/4,6 1/2,6 3/4,7,7 1/4,7 1/2,7 3/4,8,8 1/4,8 1/2,8 3/4,9,9 1/4,9 1/2,9 3/4,10,10 1/4,10 1/2,10 3/4,11,11 1/4,11 1/2,11 3/4,12,12 1/4,12 1/2,12 3/4,13,13 1/4,13 1/2,13 3/4,14,14 1/4,14 1/2,14 3/4,15,15 1/4,15 1/2,15 3/4,16",,,,K-6012
"Natural Green Amethyst Sterling Silver Ring, Prasiolite & Diamond Statement Jewelry, Wedding Gift","Natural Green Amethyst (Prasiolite) Diamond Ring – 925 Sterling Silver Statement Jewelry, Elegant Wedding Gift
✨ Product Specifications
Main Stone: Natural Green Amethyst (Prasiolite)
Accent Stones: Natural Diamonds
Metal: 925 Sterling Silver
Style: Statement / Cocktail Ring / Designer Jewelry
💎 Description

This stunning Natural Green Amethyst Ring showcases a large, beautifully faceted prasiolite gemstone with soft green hues and exceptional clarity. The oversized center stone reflects light elegantly, creating a mesmerizing glow that shifts with every movement.

Surrounding the centerpiece is a delicate halo of sparkling natural diamonds, arranged in a floral-inspired pattern that enhances the ring’s brilliance while adding a touch of vintage charm. The combination of the soft green tone and shimmering diamonds creates a sophisticated and luxurious look.

Crafted in 925 sterling silver, this statement ring is perfect for those who love bold yet elegant jewelry pieces.

🎁 Perfect Gift

An ideal gift for weddings, anniversaries, birthdays, or special occasions. Perfect for someone who appreciates unique gemstones and elegant statement jewelry.",980.99,USD,3,"Green_Amethyst_Ring,Prasiolite_Jewelry,Pear_Shape_Ring,925_Sterling_Silver,Statement_Ring,Diamond_Halo_Ring,Wedding_Gift,Anniversary_Gift,Large_Gemstone_Ring,Mint_Green_Stone,Art_Deco_Ring,Unique_Gift_for_Her,Handmade_Jewelry","Stone,Diamond,Amethyst,Sterling silver,Amethyst",https://i.etsystatic.com/24638998/r/il/445ffa/7922097696/il_fullxfull.7922097696_89u3.jpg,https://i.etsystatic.com/24638998/r/il/e26a35/7922096960/il_fullxfull.7922096960_t7b5.jpg,https://i.etsystatic.com/24638998/r/il/e1b98e/7922096986/il_fullxfull.7922096986_pm47.jpg,https://i.etsystatic.com/24638998/r/il/2b0474/7922096994/il_fullxfull.7922096994_8zbg.jpg,https://i.etsystatic.com/24638998/r/il/4f47aa/7922097002/il_fullxfull.7922097002_d4vg.jpg,https://i.etsystatic.com/24638998/r/il/aa4d89/6812623953/il_fullxfull.6812623953_cgcl.jpg,https://i.etsystatic.com/24638998/r/il/2d1957/6812525709/il_fullxfull.6812525709_8qbv.jpg,,,,"Ring size","Ring size","5,5 1/4,5 1/2,5 3/4,6,6 1/4,6 1/2,6 3/4,7,7 1/4,7 1/2,7 3/4,8,8 1/4,8 1/2,8 3/4,9,9 1/4,9 1/2,9 3/4,10,10 1/4,10 1/2,10 3/4,11,11 1/4,11 1/2,11 3/4,12,12 1/4,12 1/2,12 3/4,13,13 1/4,13 1/2,13 3/4,14,14 1/4,14 1/2,14 3/4,15,15 1/4,15 1/2,15 3/4,16",,,,K-6013
"Natural Diamond Dangle Earrings, Gold Post 925 Sterling Silver Designer Jewelry, Wedding Anniversary Gift","Natural Diamond Chandelier Dangle Earrings – Gold Post 925 Sterling Silver Statement Jewelry, Luxury Wedding Gift


✨ Product Specifications
Stones: Natural Diamonds
Total Diamond Weight: 3.45 carats
Metal: 925 Sterling Silver with Gold Post
Earring Length: 56 mm
Style: Chandelier / Statement / Designer Earring

💎 Description
Add a touch of glamour with these exquisite Natural Diamond Chandelier Earrings, designed to captivate with every movement. Featuring a graceful open-circle silhouette, the design is adorned with shimmering diamond clusters that cascade delicately, creating a beautiful fringe effect.

The intricate detailing and flowing structure give these earrings a luxurious and feminine appeal, while the diamond-studded top adds extra brilliance near the face. The gold post ensures comfortable wear and a premium finish.

Crafted in 925 sterling silver, these earrings are perfect for special occasions, evening wear, or bridal styling—offering elegance, sparkle, and timeless beauty.

🎁 Perfect Gift

A perfect choice for weddings, anniversaries, parties, or festive occasions. Ideal for someone who loves elegant, statement-making jewelry with a refined sparkle.",1595.99,USD,5,"Diamond_Chandelier,Sterling_Silver_925,Gold_Post_Earrings,Designer_Earrings,Bridal_Jewelry,Wedding_Gift_Her,Anniversary_Gift,Statement_Jewelry,Boho_Drop_Earring,Luxury_Diamond_Gift,Victorian_Jewelry,Handmade_Jewelry,Unique_Dangle_Ear","Stone,Diamond,Sterling silver,Silver,Diamond",https://i.etsystatic.com/24638998/r/il/b04f35/7922078716/il_fullxfull.7922078716_t1vq.jpg,https://i.etsystatic.com/24638998/r/il/5a009a/7922078300/il_fullxfull.7922078300_ex17.jpg,https://i.etsystatic.com/24638998/r/il/d43fb1/7970030297/il_fullxfull.7970030297_mitq.jpg,https://i.etsystatic.com/24638998/r/il/fa269e/7970030311/il_fullxfull.7970030311_nrmz.jpg,https://i.etsystatic.com/24638998/r/il/aa4d89/6812623953/il_fullxfull.6812623953_cgcl.jpg,https://i.etsystatic.com/24638998/r/il/2d1957/6812525709/il_fullxfull.6812525709_8qbv.jpg,,,,,,,,,,,K-6014
"Natural Diamond Dangle Earrings, 925 Sterling Silver Designer Jewelry, Wedding Anniversary Gift","Natural Diamond Designer Dangle Earrings – 925 Sterling Silver Statement Jewelry, Elegant Wedding Gift

✨ Product Specifications
Stones: Natural Diamonds
Total Diamond Weight: 2.78 carats
Metal: 925 Sterling Silver
Earring Length: 54 mm
Style: Designer / Openwork / Dangle Earrings

💎 Description

These elegant Natural Diamond Dangle Earrings feature a beautifully detailed openwork design that blends modern sophistication with timeless charm. Crafted in a graceful leaf-inspired silhouette, the intricate patterns are adorned with sparkling diamonds that create a refined and airy look.

The delicate curves and layered structure add depth and movement, allowing light to pass through and enhance the brilliance of each diamond. The elongated design offers a flattering drop, making these earrings perfect for both formal occasions and elevated everyday wear.

Made in high-quality 925 sterling silver, these earrings are a perfect combination of craftsmanship, elegance, and contemporary style.

🎁 Perfect Gift

An ideal gift for weddings, anniversaries, birthdays, or special celebrations. Perfect for someone who loves delicate yet statement designer jewelry.",1480.99,USD,5,"Diamond_Dangle,Sterling_Silver_925,Long_Drop_Earrings,Designer_Jewelry,Statement_Earrings,Geometric_Jewelry,Wedding_Gift,Anniversary_Gift,Unique_Bridal_Gift,Modern_Diamond_Ear,Luxury_Silver_Gift,Linear_Earrings,Handcrafted_Jewelry","Stone,Diamond,Sterling silver,Silver,Diamond",https://i.etsystatic.com/24638998/r/il/35fd92/7969965939/il_fullxfull.7969965939_lcdl.jpg,https://i.etsystatic.com/24638998/r/il/c10dc4/7969965573/il_fullxfull.7969965573_hpah.jpg,https://i.etsystatic.com/24638998/r/il/d7bbc2/7969965571/il_fullxfull.7969965571_58p2.jpg,https://i.etsystatic.com/24638998/r/il/490166/7922014494/il_fullxfull.7922014494_rab0.jpg,https://i.etsystatic.com/24638998/r/il/641aee/7922014522/il_fullxfull.7922014522_7rml.jpg,https://i.etsystatic.com/24638998/r/il/418c68/7922014520/il_fullxfull.7922014520_ouop.jpg,https://i.etsystatic.com/24638998/r/il/aa4d89/6812623953/il_fullxfull.6812623953_cgcl.jpg,https://i.etsystatic.com/24638998/r/il/2d1957/6812525709/il_fullxfull.6812525709_8qbv.jpg,,,,,,,,,K-6015
"Natural Diamond Dangle Earrings, Gold Post 925 Sterling Silver Designer Jewelry, Wedding Anniversary Gift","Natural Diamond Statement Dangle Earrings – 925 Sterling Silver Designer Jewelry, Luxury Wedding Gift


✨ Product Specifications
Stones: Natural Diamonds (Round & Baguette Cut)
Total Diamond Weight: 4.10 carats
Metal: 925 Sterling Silver
Gold Post
Earring Length: 8 cm
Style: Statement / Designer / Long Dangle Earrings


💎 Description
Make a bold fashion statement with these striking Natural Diamond Dangle Earrings, designed with a unique modern silhouette. Featuring a cascading arrangement of baguette-cut diamonds along the center and horizontal rows of shimmering round diamonds, the design creates a stunning fringe-like effect.

The elongated structure adds dramatic movement and brilliance, making these earrings perfect for evening wear, special occasions, or standout styling. The combination of diamond cuts enhances sparkle while giving a sleek, contemporary edge.

Crafted in high-quality 925 sterling silver, these earrings blend luxury with artistic design—ideal for those who love distinctive and eye-catching jewelry.

🎁 Perfect Gift

A perfect choice for anniversaries, weddings, parties, or special celebrations. Ideal for someone who loves bold, modern, and statement-making jewelry.",1680.99,USD,5,"Diamond_Dangle,Sterling_Silver_925,Long_Drop_Earrings,Designer_Jewelry,Statement_Earrings,Geometric_Jewelry,Wedding_Gift,Anniversary_Gift,Unique_Bridal_Gift,Modern_Diamond_Ear,Luxury_Silver_Gift,Linear_Earrings,Handcrafted_Jewelry","Sterling silver,Silver,Stone,Diamond",https://i.etsystatic.com/24638998/r/il/34b17e/7921987320/il_fullxfull.7921987320_onzd.jpg,https://i.etsystatic.com/24638998/r/il/a9e30e/7921987322/il_fullxfull.7921987322_l75n.jpg,https://i.etsystatic.com/24638998/r/il/527610/7921987350/il_fullxfull.7921987350_njaq.jpg,https://i.etsystatic.com/24638998/r/il/e7eb1d/7921987374/il_fullxfull.7921987374_23yl.jpg,https://i.etsystatic.com/24638998/r/il/9a0310/7921987376/il_fullxfull.7921987376_kea0.jpg,https://i.etsystatic.com/24638998/r/il/aa4d89/6812623953/il_fullxfull.6812623953_cgcl.jpg,https://i.etsystatic.com/24638998/r/il/2d1957/6812525709/il_fullxfull.6812525709_8qbv.jpg,,,,,,,,,,K-6016
"Natural Polki Diamond Dangle Earrings, 925 Sterling Silver Bridal Jewelry, Wedding Anniversary Gift","Natural Polki Diamond Statement Earrings – 925 Sterling Silver Bridal Dangle Jewelry, Luxury Wedding Gift

✨ Product Specifications
Main Stones: Natural Polki Diamonds
Accent Stones: Brilliant-Cut Diamonds
Polki Diamond Weight: 3.17 carats
Brilliant Diamond Weight: 1.80 carats
Metal: 925 Sterling Silver
Face Dimensions: 37 mm
Style: Statement / Bridal / Designer Dangle Earrings

💎 Description
Elevate your jewelry collection with these stunning Natural Polki Diamond Statement Earrings, crafted to reflect timeless elegance and royal charm. Featuring beautifully arranged uncut Polki diamonds in a bold circular silhouette, these earrings create a luxurious and eye-catching presence.

The design is enhanced with sparkling brilliant-cut diamonds that add refined brilliance and contrast to the raw beauty of Polki stones. The open circular pattern gives a modern twist to traditional craftsmanship, making these earrings both classic and contemporary.

Crafted in high-quality 925 sterling silver, this piece is perfect for bridal wear, festive occasions, or making a sophisticated style statement.

🎁 Perfect Gift

A perfect choice for weddings, anniversaries, bridal gifting, or special celebrations. Ideal for those who love statement jewelry with a heritage-inspired luxurious appeal.",1250.99,USD,5,"Dangle_Drop_Earrings,925_Sterling_Silver,Bridal_Jewelry,Wedding_Gift,Anniversary_Gift,Rose_Cut_Diamond,Vintage_Style,Handmade_Earrings,Victorian_Jewelry,Statement_Earrings,Gift_for_Her,Ethnic_SilverJewelry,Polki_DiamondEarring","Sterling silver,Silver,Stone,Diamond",https://i.etsystatic.com/24638998/r/il/74f553/7921978772/il_fullxfull.7921978772_3kx8.jpg,https://i.etsystatic.com/24638998/r/il/9c440f/7921975106/il_fullxfull.7921975106_cvow.jpg,https://i.etsystatic.com/24638998/r/il/a56478/7969926697/il_fullxfull.7969926697_ktoe.jpg,https://i.etsystatic.com/24638998/r/il/576f63/7921975124/il_fullxfull.7921975124_a28a.jpg,https://i.etsystatic.com/24638998/r/il/5f62c0/7969926689/il_fullxfull.7969926689_1wyc.jpg,https://i.etsystatic.com/24638998/r/il/303ef7/7969926739/il_fullxfull.7969926739_4p7e.jpg,https://i.etsystatic.com/24638998/r/il/aa4d89/6812623953/il_fullxfull.6812623953_cgcl.jpg,https://i.etsystatic.com/24638998/r/il/2d1957/6812525709/il_fullxfull.6812525709_8qbv.jpg,,,,,,,,,K-6017
"Natural Polki Diamond Dangle Earrings, 925 Sterling Silver Bridal Jewelry, Wedding Anniversary Gift","Natural Polki Diamond Dangle Earrings – 925 Sterling Silver Bridal Jewelry, Elegant Wedding Gift
✨ Product Specifications
Main Stones: Natural Polki Diamonds
Accent Stones: Brilliant-Cut Diamonds
Polki Diamond Weight: 2.00 carats
Brilliant Diamond Weight: 1.36 carats
Metal: 925 Sterling Silver
Earring Length: 37 mm
Style: Bridal / Vintage / Dangle Earrings
💎 Description

These exquisite Natural Polki Diamond Dangle Earrings beautifully capture the charm of traditional craftsmanship with a modern touch. Featuring uncut Polki diamonds set in an elegant teardrop silhouette, each piece showcases a raw, organic sparkle that is both timeless and unique.

The surrounding halo of brilliant-cut diamonds enhances the overall brilliance, adding refined shimmer and contrast to the natural texture of Polki stones. The circular top design flows gracefully into the drop, creating a balanced and sophisticated look.

Crafted in 925 sterling silver, these earrings are perfect for bridal wear, festive occasions, or anyone who appreciates heritage-inspired luxury jewelry.

🎁 Perfect Gift

An ideal choice for weddings, anniversaries, bridal gifting, or festive celebrations. Perfect for someone who loves classic, royal-style jewelry with a vintage feel.",845.99,USD,5,"Dangle_Drop_Earrings,925_Sterling_Silver,Bridal_Jewelry,Wedding_Gift,Anniversary_Gift,Rose_Cut_Diamond,Vintage_Style,Handmade_Earrings,Victorian_Jewelry,Statement_Earrings,Gift_for_Her,Ethnic_SilverJewelry,Polki_DiamondEarring","Sterling silver,Silver,Stone,Diamond",https://i.etsystatic.com/24638998/r/il/8db5a5/7969802839/il_fullxfull.7969802839_mugz.jpg,https://i.etsystatic.com/24638998/r/il/c31710/7969802395/il_fullxfull.7969802395_nt9z.jpg,https://i.etsystatic.com/24638998/r/il/e68250/7921851548/il_fullxfull.7921851548_19ce.jpg,https://i.etsystatic.com/24638998/r/il/8d973b/7969802429/il_fullxfull.7969802429_8riv.jpg,https://i.etsystatic.com/24638998/r/il/dddb77/7969802417/il_fullxfull.7969802417_f6re.jpg,https://i.etsystatic.com/24638998/r/il/aa4d89/6812623953/il_fullxfull.6812623953_cgcl.jpg,https://i.etsystatic.com/24638998/r/il/2d1957/6812525709/il_fullxfull.6812525709_8qbv.jpg,,,,,,,,,,K-6018
"Natural Sapphire & Diamond Engagement Ring, 925 Sterling Silver Jewelry, Wedding Gift For Women","Natural Sapphire & Diamond Sunburst Ring – 925 Sterling Silver Statement Engagement Jewelry
✨ Product Specifications
Main Stone: Natural Blue Sapphire
Sapphire Weight: 0.26 carats
Accent Stones: Natural Diamonds
Total Diamond Weight: 1.31 carats
Metal: 925 Sterling Silver
Style: Sunburst / Statement / Cocktail Ring
💎 Description

This dazzling Natural Sapphire & Diamond Ring features a striking sunburst design that radiates brilliance from every angle. At the center sits a deep blue sapphire, surrounded by multiple layers of shimmering diamonds arranged in a dramatic starburst pattern.

The finely set diamonds create an eye-catching sparkle, while the bold structure gives the ring a luxurious and high-fashion appeal. Crafted in 925 sterling silver, this piece combines elegance with statement style—perfect for those who love standout jewelry.

Whether worn as an engagement ring or a cocktail statement piece, it delivers timeless glamour with a modern edge.

🎁 Perfect Gift

An ideal gift for engagements, anniversaries, birthdays, or special occasions. Perfect for someone who loves bold, sparkling, and unique designer jewelry.",835.99,USD,5,"Blue_Sapphire_Ring,Sunburst_Silver_Ring,Starburst_Halo_Ring,Natural_Sapphire,925_Sterling_Silver,Celestial_Jewelry,Wedding_Gift_Women,Blue_Stone_Ring,Unique_Promise_Ring,Victorian_Style_Ring,Art_Deco_Statement,Handmade_Silver_Ring,Birthstone_Jewelry","Sterling silver,Sapphire,Diamond,Silver,Stone,Sapphire",https://i.etsystatic.com/24638998/r/il/8c119c/7921963600/il_fullxfull.7921963600_epe2.jpg,https://i.etsystatic.com/24638998/r/il/c58805/7921826278/il_fullxfull.7921826278_cdv3.jpg,https://i.etsystatic.com/24638998/r/il/4252f3/7969777105/il_fullxfull.7969777105_m9nn.jpg,https://i.etsystatic.com/24638998/r/il/e8da76/7921826310/il_fullxfull.7921826310_doas.jpg,https://i.etsystatic.com/24638998/r/il/f7980f/7969777125/il_fullxfull.7969777125_qpkg.jpg,https://i.etsystatic.com/24638998/r/il/aa4d89/6812623953/il_fullxfull.6812623953_cgcl.jpg,https://i.etsystatic.com/24638998/r/il/2d1957/6812525709/il_fullxfull.6812525709_8qbv.jpg,,,,"Ring size","Ring size","5,5 1/4,5 1/2,5 3/4,6,6 1/4,6 1/2,6 3/4,7,7 1/4,7 1/2,7 3/4,8,8 1/4,8 1/2,8 3/4,9,9 1/4,9 1/2,9 3/4,10,10 1/4,10 1/2,10 3/4,11,11 1/4,11 1/2,11 3/4,12,12 1/4,12 1/2,12 3/4,13,13 1/4,13 1/2,13 3/4,14,14 1/4,14 1/2,14 3/4,15,15 1/4,15 1/2,15 3/4,16",,,,K-6019
"Natural Fire Opal Emerald Ring & Earring Set, 925 Sterling Silver Sapphire Jewelry","Natural Fire Opal Emerald Ring & Earrings Set – 925 Sterling Silver Multi Sapphire Jewelry Set – Handmade Statement Jewelry – Birthstone Gift for Her

Product Specifications:

Main Stone: Natural Fire Opal (16×12 mm)

Accent Stones: Natural Emeralds and Multi Sapphires

Metal: Solid 925 Sterling Silver (Rhodium Plated)

Earring Length: 44 mm

Style: Halo Statement Set

Set Includes: 1 Ring + 1 Pair of Earrings

Why You’ll Love It:
Celebrate bold beauty and artistic craftsmanship with this breathtaking jewelry set featuring a luminous oval-shaped Natural Fire Opal surrounded by radiant emeralds and a vibrant halo of multi-colored sapphires. The striking contrast of fire opal’s play-of-color with vivid green and rainbow sparkle creates a regal, head-turning statement. With a luxurious halo setting and handcrafted attention to detail, this design is perfect for brides, collectors of birthstone jewelry, or anyone seeking something truly unforgettable.

🎁 Perfect Gift For:

Birthstone Jewelry Lovers

Anniversary Gift for Wife or Mother

Wedding Jewelry for Bride or Bridesmaids

Handmade Luxury Jewelry Collectors

Special Occasion & Party Wear Look

Unique Birthday Gift for Her

Exclusively by Vamika Jewels — Where Every Gem Tells a Story, and Every Design Is Made to Be Remembered.

✨ Free shipping available. Custom ring sizes from US 5 to 16 upon request. Personalization options available for bridal matching sets or special occasions.



Your set will arrive in a Vamika Jewels luxury gift box, ready to gift or keep as a personal treasure.",550.99,USD,3,"Floral_Jewelry,Bridal_Set,Ring_Earrings,Daily_Jewelry,925_Silver_Earrings,925_Silver_RIng,Silver_Ring_925,Anniversary_Gift,Red_Stone_Jewelry,Mothers_Day_Gift,Wedding_Gift,Sapphire_Jewelry_Set,Opal_Earring_Ring","Emerald,Stone,Silver,Sterling silver",https://i.etsystatic.com/24638998/r/il/eb68b1/6875054634/il_fullxfull.6875054634_cl4d.jpg,https://i.etsystatic.com/24638998/r/il/e20ca6/6875054632/il_fullxfull.6875054632_lk6g.jpg,https://i.etsystatic.com/24638998/r/il/7ec536/6923031135/il_fullxfull.6923031135_da6d.jpg,https://i.etsystatic.com/24638998/r/il/d3d763/6923031137/il_fullxfull.6923031137_8xym.jpg,https://i.etsystatic.com/24638998/r/il/0ebeab/6875054642/il_fullxfull.6875054642_6344.jpg,https://i.etsystatic.com/24638998/r/il/08dd9c/6920670029/il_fullxfull.6920670029_erfu.jpg,https://i.etsystatic.com/24638998/r/il/2d1957/6812525709/il_fullxfull.6812525709_8qbv.jpg,,,,"Custom Property",Style,"Ring,Earrings,Full Set","Custom Property","Ring Size","NA FOR EARRINGS,5 US,5 1/4 US,5 1/2 US,6 US,6 1/4 US,6 1/2 US,7 US,7 1/4 US,7 1/2 US,8 US,8 1/4 US,8 1/2 US,9 US,9 1/4 US,9 1/2 US,10 US,10 1/4 US,10 1/2 US,11 US,11 1/4 US,11 1/2 US,12 US,12 1/4 US,12 1/2 US,13 US,13 1/4 US,13 1/2 US,14 US,14 1/4 US,14 1/2 US,15 US,15 1/4 US,15 1/2 US,16 US",K-430
"Natural Ruby Halo Ring & Earring Set, 925 Sterling Silver Diamond Statement Jewelry","Natural Ruby Halo Ring Earrings Set Sterling Silver Diamond Statement Jewelry Handmade

📌 Product Specifications

Main Stones: Natural Rubies

Accent Stones: Natural Diamonds

Metal: 925 Sterling Silver

Finish: Rhodium Plated

Earring Length: 4 cm

Design: Classic oval ruby center with layered diamond halo

Set Includes: Matching Ring + Dangle Earrings

Style: Statement, Luxury, Elegant Cocktail Jewelry

Craftsmanship: Handcrafted with precision handset gemstones and intricate halo detailing

💎 Description

This luxurious Natural Ruby Halo Ring & Earring Set is a timeless expression of passion, elegance, and refined craftsmanship. Featuring richly colored natural rubies at the center of each piece, the design is beautifully enhanced by sparkling natural diamond halos that add depth, brilliance, and classic sophistication. Handcrafted in rhodium plated 925 sterling silver, the earrings offer a graceful 4 cm drop, creating elegant movement and eye-catching sparkle, while the matching ring completes the set with bold yet regal charm. Perfect for cocktail evenings, weddings, anniversaries, or collectors of fine gemstone jewelry, this ruby and diamond set radiates enduring beauty and confident luxury.

Ideal for shoppers searching for natural ruby ring and earring sets, ruby diamond halo jewelry, 925 sterling silver statement sets, luxury ruby cocktail jewelry, handmade gemstone jewelry sets, elegant dangle earrings with ring, ruby anniversary gift for her, birthday gemstone jewelry, wedding and evening accessories, artisan silver jewelry, classic halo gemstone designs, and high-end ruby jewelry on Etsy.

Handcrafted using premium natural rubies accented with sparkling natural diamonds, this jewelry set is crafted in solid 925 sterling silver and finished with a luminous rhodium plating to enhance brilliance and ensure long-lasting durability. Each gemstone is carefully handset to highlight rich color, clarity, and symmetry, reflecting expert craftsmanship and delivering a luxurious, high-quality statement set ideal for elegant occasions and refined gemstone collections.",400.99,USD,5,"Handmade_jewelry,Luxury_jewelry,Anniversary_Gift,Statement_Jewelry,Vintage_jewelry,Engagement_Ring_Gift,Wedding_Gift,Pave_diamond_Jewelry,925_silver_Jewelry,Unique_silver_ring,graduation_gift,multi_stone_jewelry,Ruby_Jewelry","Ruby,Sterling silver,Diamond,Ruby",https://i.etsystatic.com/24638998/r/il/07f1f7/7510913706/il_fullxfull.7510913706_g6j1.jpg,https://i.etsystatic.com/24638998/r/il/5268ff/7558853623/il_fullxfull.7558853623_60ux.jpg,https://i.etsystatic.com/24638998/r/il/de3cbf/7510913710/il_fullxfull.7510913710_fei1.jpg,https://i.etsystatic.com/24638998/r/il/89e2ce/7510913708/il_fullxfull.7510913708_k2lr.jpg,https://i.etsystatic.com/24638998/r/il/6249aa/7558853621/il_fullxfull.7558853621_ha12.jpg,https://i.etsystatic.com/24638998/r/il/257d64/7510913716/il_fullxfull.7510913716_2dvr.jpg,https://i.etsystatic.com/24638998/r/il/aa4d89/6812623953/il_fullxfull.6812623953_cgcl.jpg,https://i.etsystatic.com/24638998/r/il/2d1957/6812525709/il_fullxfull.6812525709_8qbv.jpg,,,"Custom Property",Style,"Earrings,Ring,Complete Set","Custom Property","Ring Size","NA FOR EARRINGS,5 US,5 1/4 US,5 1/2 US,5 3/4 US,6 US,6 1/4 US,6 1/2 US,6 3/4 US,7 US,7 1/4 US,7 1/2 US,7 3/4 US,8 US,8 1/4 US,8 1/2 US,8 3/4 US,9 US,9 1/4 US,9 1/2 US,9 3/4 US,10 US,10 1/4 US,10 1/2 US,10 3/4 US,11 US,11 1/4 US,11 1/2 US,11 3/4 US,12 US,12 1/4 US,12 1/2 US,12 3/4 US,13 US,13 1/4 US,13 1/2 US,13 3/4 US,14 US,14 1/4 US,14 1/2 US,14 3/4 US,15 US,15 1/4 US,15 1/2 US,15 3/4 US,16 US",K-2084
"Natural Amethyst Ring Earring Set – 925 Sterling Silver Topaz Multi Stone Statement Jewelry","Natural Amethyst Ring Earrings Set Sterling Silver Topaz Statement Jewelry Luxury Handmade

📌 Product Specifications

Main Stone: Natural Amethyst

Amethyst Size: 19 × 14 mm

Accent Stones: Natural White Topaz

Metal: 925 Sterling Silver

Finish: Rhodium Plated

Earring Length: 4.5 cm

Design: Elegant gemstone halo with luminous multi-stone accents

Set Includes: Matching Ring + Dangle Earrings

Style: Statement, Elegant, Luxury Cocktail Jewelry

Craftsmanship: Handcrafted with precision handset gemstones and refined silver detailing

💎 Description

This exquisite Natural Amethyst Ring & Earring Set is a graceful expression of color, sparkle, and refined craftsmanship. Featuring richly hued natural amethyst gemstones measuring 19 × 14 mm, each piece radiates a soft purple glow that is beautifully enhanced by shimmering natural white topaz accents arranged in an elegant halo. Handcrafted in rhodium plated 925 sterling silver, the earrings offer a graceful 4.5 cm drop that adds movement and brilliance, while the matching ring completes the look with timeless sophistication. Perfect for evening wear, special occasions, or collectors of fine gemstone jewelry, this amethyst and topaz set blends classic elegance with modern luxury.

Ideal for shoppers searching for natural amethyst ring and earring sets, amethyst statement jewelry, topaz halo earrings and rings, 925 sterling silver gemstone sets, luxury amethyst cocktail jewelry, handmade fine gemstone sets, elegant dangle earrings with ring, purple gemstone jewelry for women, anniversary gift for her, birthday gemstone jewelry, wedding and evening accessories, artisan silver jewelry, and unique handcrafted gemstone designs on Etsy.

Handcrafted using premium natural amethyst gemstones accented with sparkling natural white topaz, this jewelry set is crafted in solid 925 sterling silver and finished with a luminous rhodium plating to enhance brilliance and ensure long-lasting durability. Each gemstone is carefully handset to highlight rich color, clarity, and balanced sparkle, reflecting expert craftsmanship and delivering a luxurious, high-quality statement set ideal for elegant occasions and refined gemstone collections.",205.99,USD,5,"Floral_Jewelry,Bridal_Set,Ring_Earrings,Daily_Jewelry,925_Silver_Earrings,925_Silver_RIng,Anniversary_Gift,Wedding_Gift,Crystal_Jewelry_Set,Amethyst_ringearring,Topaz_Ring_Earring,Graduation_Gift,multi_stone_jewelry","Amethyst,Silver,Sterling silver,Amethyst,Topaz",https://i.etsystatic.com/24638998/r/il/b87c61/7510973046/il_fullxfull.7510973046_eas6.jpg,https://i.etsystatic.com/24638998/r/il/f8480f/7510973082/il_fullxfull.7510973082_1kzp.jpg,https://i.etsystatic.com/24638998/r/il/93ffec/7558912983/il_fullxfull.7558912983_k0zc.jpg,https://i.etsystatic.com/24638998/r/il/5a874c/7558912975/il_fullxfull.7558912975_34ze.jpg,https://i.etsystatic.com/24638998/r/il/53b655/7510973052/il_fullxfull.7510973052_okso.jpg,https://i.etsystatic.com/24638998/r/il/2d166b/7510973058/il_fullxfull.7510973058_g002.jpg,https://i.etsystatic.com/24638998/r/il/0b54a5/7558912993/il_fullxfull.7558912993_ca1n.jpg,https://i.etsystatic.com/24638998/r/il/08dd9c/6920670029/il_fullxfull.6920670029_erfu.jpg,https://i.etsystatic.com/24638998/r/il/2d1957/6812525709/il_fullxfull.6812525709_8qbv.jpg,,"Custom Property",Style,"Earrings,Ring,Complete Set","Custom Property","Ring Size","NA FOR EARRING,5 US,5 1/4 US,5 1/2 US,6 US,6 1/4 US,6 1/2 US,7 US,7 1/4 US,7 1/2 US,8 US,8 1/4 US,8 1/2 US,9 US,9 1/4 US,9 1/2 US,10 US,10 1/4 US,10 1/2 US,11 US,11 1/4 US,11 1/2 US,12 US,12 1/4 US,12 1/2 US,13 US,13 1/4 US,13 1/2 US,14 US,14 1/4 US,14 1/2 US,15 US,15 1/4 US,15 1/2 US,16 US",K-2079
"Natural Swiss Blue Topaz Diamond Ring, 925 Sterling Silver Rainbow Sapphire Cluster Jewelry","Natural Swiss Blue Topaz Diamond Ring Sterling Silver Rainbow Sapphire Statement Jewelry

📌 Product Specifications

Main Stone: Natural Swiss Blue Topaz

Topaz Weight: 33 Carats

Accent Stones: Natural Rainbow Sapphires, Natural Diamonds

Metal: 925 Sterling Silver

Finish: Rhodium Plated

Design: Bold sunburst cluster with radiant halo gemstone arrangement

Ring Type: Statement / Cocktail Ring

Style: Luxury, Bold, Colorful Fine Jewelry

Craftsmanship: Handcrafted with precision handset gemstones and intricate multi-stone detailing

💎 Description

This extraordinary Natural Swiss Blue Topaz, Rainbow Sapphire & Diamond Ring is a true showstopper, radiating brilliance, color, and regal elegance. At its center lies a breathtaking natural Swiss blue topaz weighing an impressive 33 carats, glowing with vivid ocean-blue intensity and exceptional clarity. Surrounding the centerpiece is a dramatic sunburst halo of multicolored natural rainbow sapphires and sparkling diamond accents, creating a dazzling spectrum of light and color. Handcrafted in rhodium plated 925 sterling silver, this bold cocktail ring commands attention with its luxurious scale and artistic craftsmanship. Perfect for special occasions, statement styling, or collectors of rare gemstone jewelry, this ring is designed to leave a lasting impression.

Ideal for shoppers searching for natural swiss blue topaz rings, blue topaz statement rings, rainbow sapphire diamond jewelry, 925 sterling silver gemstone rings, luxury cocktail rings for women, handmade fine gemstone jewelry, bold cluster rings, colorful gemstone statement rings, anniversary gift for her, birthday gemstone jewelry, evening and party jewelry, artisan silver jewelry, and unique high-end gemstone designs on Etsy.

Handcrafted using a premium natural Swiss blue topaz centerpiece accented with vibrant natural rainbow sapphires and sparkling natural diamonds, this ring is crafted in solid 925 sterling silver and finished with a luminous rhodium plating to enhance brilliance and ensure long-lasting durability. Each gemstone is carefully handset to highlight its natural color, fire, and symmetry, reflecting expert craftsmanship and delivering a luxurious, high-quality statement ring ideal for elegant occasions and bold luxury styling.",1370.99,USD,5,"Pave_diamond_ring,925_silver_ring,Unique_silver_ring,Handmade_jewelry,Statement_ring,Luxury_jewelry,Gemstone_Ring,Halo_Diamond_Ring,Engagement_Ring,Anniversary_Gift,Wedding_Gift,topaz_ring,cocktail_ring","Sterling silver,Topaz,Sapphire,Diamond,Stone,Topaz",https://i.etsystatic.com/24638998/r/il/648270/7510940084/il_fullxfull.7510940084_nzzc.jpg,https://i.etsystatic.com/24638998/r/il/64732f/7558879897/il_fullxfull.7558879897_dvb0.jpg,https://i.etsystatic.com/24638998/r/il/fc28f0/7558879895/il_fullxfull.7558879895_nhhl.jpg,https://i.etsystatic.com/24638998/r/il/03df4d/7558879903/il_fullxfull.7558879903_21d1.jpg,https://i.etsystatic.com/24638998/r/il/4db8a8/7558879893/il_fullxfull.7558879893_9i38.jpg,https://i.etsystatic.com/24638998/r/il/5572df/7558879901/il_fullxfull.7558879901_ggje.jpg,https://i.etsystatic.com/24638998/r/il/aa4d89/6812623953/il_fullxfull.6812623953_cgcl.jpg,https://i.etsystatic.com/24638998/r/il/2d1957/6812525709/il_fullxfull.6812525709_8qbv.jpg,,,"Ring size","Ring size","5,5 1/4,5 1/2,5 3/4,6,6 1/4,6 1/2,6 3/4,7,7 1/4,7 1/2,7 3/4,8,8 1/4,8 1/2,8 3/4,9,9 1/4,9 1/2,9 3/4,10,10 1/4,10 1/2,10 3/4,11,11 1/4,11 1/2,11 3/4,12,12 1/4,12 1/2,12 3/4,13,13 1/4,13 1/2,13 3/4,14,14 1/4,14 1/2,14 3/4,15,15 1/4,15 1/2,15 3/4,16",,,,K-2082
"Natural Carved Moonstone Diamond Ring & Earring Set, 925 Sterling Silver Kyanite Multi Stone Jewelry","Natural Moonstone Kyanite Diamond Ring Earrings Set Sterling Silver Statement Jewelry Handmade

📌 Product Specifications

Main Stone: Natural Moonstone

Accent Stones: Natural Kyanite, Natural Diamonds

Metal: 925 Sterling Silver

Finish: Rhodium Plated

Earring Length: 57 mm

Design: Floral-inspired multi-stone halo with carved moonstone center

Set Includes: Matching Ring + Dangle Earrings

Style: Statement, Luxury, Elegant Cocktail Jewelry

Craftsmanship: Handcrafted with precision handset gemstones and detailed openwork silver gallery

💎 Description

This breathtaking Natural Moonstone, Kyanite & Diamond Ring and Earring Set is a striking blend of ethereal beauty and bold craftsmanship. Featuring luminous natural moonstones with a soft, mystical glow at the center, each piece is surrounded by richly colored natural kyanite gemstones arranged in an elegant floral halo. Delicate diamond accents add refined sparkle, enhancing the depth and luxury of the design. Handcrafted in rhodium plated 925 sterling silver, the dramatic 57 mm dangle earrings offer graceful movement and commanding presence, while the matching ring completes the set with regal sophistication. Perfect for evening wear, special celebrations, or collectors of distinctive gemstone jewelry, this multi-stone set radiates timeless elegance and artistic charm.

Ideal for shoppers searching for natural moonstone ring and earring sets, moonstone kyanite diamond jewelry, multi stone halo jewelry, 925 sterling silver statement sets, luxury moonstone cocktail jewelry, handmade gemstone jewelry sets, bold dangle earrings with ring, floral gemstone halo designs, anniversary gift for her, birthday gemstone jewelry, wedding and evening accessories, artisan silver jewelry, and unique high-end gemstone designs on Etsy.

Handcrafted using luminous natural moonstone gemstones accented with rich natural kyanite and sparkling natural diamonds, this jewelry set is crafted in solid 925 sterling silver and finished with a radiant rhodium plating to enhance brilliance and ensure long-lasting durability. Each gemstone is carefully handset to highlight its natural glow, color depth, and intricate detailing, reflecting expert craftsmanship and delivering a luxurious, high-quality statement set ideal for elegant occasions and refined gemstone collections.",780.99,USD,5,"Handmade_jewelry,Luxury_jewelry,Anniversary_Gift,Statement_Jewelry,Vintage_jewelry,Engagement_Ring_Gift,Wedding_Gift,Pave_diamond_Jewelry,925_silver_Jewelry,Unique_silver_ring,graduation_gift,multi_stone_jewelry,Moonstone_jewelry","Kyanite,Moonstone,Diamond,Sterling silver,Moonstone",https://i.etsystatic.com/24638998/r/il/18575b/7558838367/il_fullxfull.7558838367_fctr.jpg,https://i.etsystatic.com/24638998/r/il/0b5827/7558838373/il_fullxfull.7558838373_3p7h.jpg,https://i.etsystatic.com/24638998/r/il/23d0a0/7510898094/il_fullxfull.7510898094_ggrd.jpg,https://i.etsystatic.com/24638998/r/il/0990b8/7558838363/il_fullxfull.7558838363_9jeh.jpg,https://i.etsystatic.com/24638998/r/il/8ad8be/7510898096/il_fullxfull.7510898096_cbvf.jpg,https://i.etsystatic.com/24638998/r/il/3affe3/7558838355/il_fullxfull.7558838355_80q1.jpg,https://i.etsystatic.com/24638998/r/il/aa4d89/6812623953/il_fullxfull.6812623953_cgcl.jpg,https://i.etsystatic.com/24638998/r/il/2d1957/6812525709/il_fullxfull.6812525709_8qbv.jpg,,,"Custom Property",Style,"Earrings,Ring,Complete Set","Custom Property","Ring Size","NA FOR EARRINGS,5 US,5 1/4 US,5 1/2 US,5 3/4 US,6 US,6 1/4 US,6 1/2 US,6 3/4 US,7 US,7 1/4 US,7 1/2 US,7 3/4 US,8 US,8 1/4 US,8 1/2 US,8 3/4 US,9 US,9 1/4 US,9 1/2 US,9 3/4 US,10 US,10 1/4 US,10 1/2 US,10 3/4 US,11 US,11 1/4 US,11 1/2 US,11 3/4 US,12 US,12 1/4 US,12 1/2 US,12 3/4 US,13 US,13 1/4 US,13 1/2 US,13 3/4 US,14 US,14 1/4 US,14 1/2 US,14 3/4 US,15 US,15 1/4 US,15 1/2 US,15 3/4 US,16 US",K-2085
"Natural Peridot Diamond Cluster Ring, 925 Sterling Silver Citrine Multi Stone Statement Jewelry","Natural Peridot Citrine Diamond Cluster Ring Sterling Silver Statement Jewelry Luxury Handmade

📌 Product Specifications

Main Stones: Natural Peridot

Accent Stones: Natural Citrine, Natural Diamonds

Metal: 925 Sterling Silver

Finish: Rhodium Plated

Design: Bold multi-stone cluster with textured gemstone layering

Ring Type: Wide band statement ring

Style: Statement, Luxury, Colorful Cocktail Jewelry

Craftsmanship: Handcrafted with precision handset gemstones and detailed openwork silver gallery

💎 Description

This striking Natural Peridot, Citrine & Diamond Cluster Ring is a vibrant celebration of color, brilliance, and fine craftsmanship. Featuring luminous natural peridot gemstones as the focal point, the design is beautifully enhanced by warm golden citrine accents and sparkling natural diamonds that add depth and radiant contrast. Handcrafted in rhodium plated 925 sterling silver, the wide band cluster design creates a bold, luxurious presence that instantly elevates any look. Perfect for cocktail evenings, special celebrations, or collectors of distinctive multi-stone jewelry, this ring blends joyful color with refined elegance, making it a true statement piece.

Ideal for shoppers searching for natural peridot rings, peridot citrine diamond cluster rings, 925 sterling silver statement rings, luxury multi stone cocktail jewelry, handmade gemstone rings for women, bold wide band rings, colorful gemstone statement rings, anniversary gift for her, birthday gemstone jewelry, evening and party jewelry, artisan silver jewelry, and unique high-end gemstone designs on Etsy.

Handcrafted using premium natural peridot gemstones accented with warm natural citrine and sparkling natural diamonds, this ring is crafted in solid 925 sterling silver and finished with a luminous rhodium plating to enhance brilliance and ensure long-lasting durability. Each gemstone is carefully handset to highlight its natural color, sparkle, and dimensional beauty, reflecting expert craftsmanship and delivering a luxurious, high-quality statement ring ideal for elegant occasions and bold styling.",840.99,USD,5,"Pave_diamond_ring,925_silver_ring,Vintage_ring,Unique_silver_ring,Handmade_jewelry,Statement_ring,Luxury_jewelry,Halo_Diamond_Ring,Engagement_Ring,Anniversary_Gift,Green_Stone_Ring,Peridot_Ring,Citrine_Ring","Sterling silver,Citrine,Peridot,Diamond,Stone,Peridot",https://i.etsystatic.com/24638998/r/il/eec47a/7510927784/il_fullxfull.7510927784_mzfo.jpg,https://i.etsystatic.com/24638998/r/il/755f69/7558867749/il_fullxfull.7558867749_9gpw.jpg,https://i.etsystatic.com/24638998/r/il/a050b4/7510927326/il_fullxfull.7510927326_c0xr.jpg,https://i.etsystatic.com/24638998/r/il/e74a5a/7558867755/il_fullxfull.7558867755_ohb3.jpg,https://i.etsystatic.com/24638998/r/il/bf6e07/7510927324/il_fullxfull.7510927324_k8gs.jpg,https://i.etsystatic.com/24638998/r/il/aa4d89/6812623953/il_fullxfull.6812623953_cgcl.jpg,https://i.etsystatic.com/24638998/r/il/2d1957/6812525709/il_fullxfull.6812525709_8qbv.jpg,,,,"Ring size","Ring size","5,5 1/4,5 1/2,5 3/4,6,6 1/4,6 1/2,6 3/4,7,7 1/4,7 1/2,7 3/4,8,8 1/4,8 1/2,8 3/4,9,9 1/4,9 1/2,9 3/4,10,10 1/4,10 1/2,10 3/4,11,11 1/4,11 1/2,11 3/4,12,12 1/4,12 1/2,12 3/4,13,13 1/4,13 1/2,13 3/4,14,14 1/4,14 1/2,14 3/4,15,15 1/4,15 1/2,15 3/4,16",,,,K-2083
"Natural Apatite & Diamond Ring, 925 Sterling Silver Pave Diamond Halo Cocktail Jewelry","Natural Apatite Diamond Halo Ring Sterling Silver Statement Cocktail Jewelry Luxury Handmade

📌 Product Specifications

Main Stone: Natural Apatite

Apatite Weight: 7.02 Carats

Accent Stones: Natural Diamonds

Diamond Weight: 0.66 Carats

Metal: 925 Sterling Silver

Finish: Rhodium Plated

Design: Bold geometric pavé diamond halo with elevated center stone

Ring Type: Statement / Cocktail Ring

Style: Luxury, Bold, Elegant Fine Jewelry

Craftsmanship: Handcrafted with precision pavé-set diamonds and structured silver gallery

💎 Description

This stunning Natural Apatite & Diamond Ring is a powerful statement of brilliance, depth, and modern elegance. Showcasing a vibrant natural apatite weighing 7.02 carats, the center gemstone radiates rich golden-green tones with remarkable clarity and fire. Encircling the apatite is a striking pavé diamond halo totaling 0.66 carats, adding refined sparkle and architectural dimension to the design. Handcrafted in rhodium plated 925 sterling silver, the elevated gallery and bold square silhouette create a luxurious cocktail ring that commands attention from every angle. Perfect for special occasions, evening wear, or collectors of distinctive gemstone jewelry, this piece blends contemporary design with timeless sophistication.

Ideal for shoppers searching for natural apatite rings, apatite diamond cocktail rings, pavé diamond halo rings, 925 sterling silver statement rings, luxury gemstone cocktail jewelry, handmade fine gemstone rings, bold square halo rings, green gemstone statement rings, anniversary gift for her, birthday gemstone jewelry, evening and party jewelry, artisan silver jewelry, and unique high-end gemstone designs on Etsy.

Handcrafted with a premium natural apatite centerpiece accented by sparkling natural diamonds, this ring is crafted in solid 925 sterling silver and finished with a luminous rhodium plating to enhance brilliance and ensure long-lasting durability. Each gemstone is carefully handset to maximize sparkle, depth, and structural elegance, reflecting expert craftsmanship and delivering a luxurious, high-quality statement ring ideal for elegant occasions and bold styling.",1360.99,USD,5,"925_silver_ring,Unique_silver_ring,Handmade_jewelry,Luxury_jewelry,Halo_Diamond_Ring,Engagement_Ring,Anniversary_Gift,Minimalist_Ring,wedding_gift,birthday_gift,Apatite_Ring,yellow_stone_ring,double_halo_ring","Diamond,Apatite,Sterling silver,Silver,Apatite",https://i.etsystatic.com/24638998/r/il/bd637d/7510885574/il_fullxfull.7510885574_8kat.jpg,https://i.etsystatic.com/24638998/r/il/ec0e9b/7558825481/il_fullxfull.7558825481_onj7.jpg,https://i.etsystatic.com/24638998/r/il/4b1bbc/7510885208/il_fullxfull.7510885208_p7f4.jpg,https://i.etsystatic.com/24638998/r/il/2f76be/7510885212/il_fullxfull.7510885212_b3c1.jpg,https://i.etsystatic.com/24638998/r/il/4933a6/7558825485/il_fullxfull.7558825485_fqgs.jpg,https://i.etsystatic.com/24638998/r/il/b881e3/7558825487/il_fullxfull.7558825487_caoj.jpg,https://i.etsystatic.com/24638998/r/il/2e3e7c/7558825491/il_fullxfull.7558825491_bsfg.jpg,https://i.etsystatic.com/24638998/r/il/aa4d89/6812623953/il_fullxfull.6812623953_cgcl.jpg,https://i.etsystatic.com/24638998/r/il/2d1957/6812525709/il_fullxfull.6812525709_8qbv.jpg,,"Ring size","Ring size","5,5 1/4,5 1/2,5 3/4,6,6 1/4,6 1/2,6 3/4,7,7 1/4,7 1/2,7 3/4,8,8 1/4,8 1/2,8 3/4,9,9 1/4,9 1/2,9 3/4,10,10 1/4,10 1/2,10 3/4,11,11 1/4,11 1/2,11 3/4,12,12 1/4,12 1/2,12 3/4,13,13 1/4,13 1/2,13 3/4,14,14 1/4,14 1/2,14 3/4,15,15 1/4,15 1/2,15 3/4,16",,,,K-2086
"Natural Pave Diamond Halo Jewelry Set, 925 Sterling Silver Halo Pendant Earrings and Ring","Natural Pave Diamond Halo Jewelry Set Sterling Silver Pendant Earrings Ring Handmade

📌 Product Specifications

Main Stones: Natural Diamonds

Diamond Setting: Pavé Set with Halo Design

Metal: 925 Sterling Silver

Finish: Rhodium Plated

Jewelry Pieces: Pendant, Earrings & Ring

Design: Classic round halo with intricate pavé diamond detailing

Set Includes: Matching Pendant + Earrings + Ring

Style: Elegant, Statement, Luxury Fine Jewelry

Craftsmanship: Handcrafted with precision pavé-set diamonds and refined silver workmanship

💎 Description

This exquisite Natural Pavé Diamond Halo Jewelry Set is a timeless expression of elegance and refined craftsmanship. Featuring shimmering natural diamonds meticulously pavé-set within graceful round halo designs, each piece radiates brilliance and sophistication from every angle. Handcrafted in rhodium plated 925 sterling silver, the pendant, earrings, and ring come together in perfect harmony, creating a luxurious matching ensemble ideal for special occasions. The delicate openwork halo pattern enhances sparkle while maintaining an airy, elegant feel. Perfect for weddings, anniversaries, formal evenings, or as a meaningful luxury gift, this diamond halo set embodies classic beauty with enduring charm.

Ideal for shoppers searching for natural pave diamond jewelry sets, diamond halo pendant earrings ring set, 925 sterling silver diamond jewelry, luxury diamond halo sets, handmade fine jewelry sets, elegant diamond statement jewelry, bridal diamond jewelry sets, anniversary diamond gifts for her, wedding jewelry sets, cocktail diamond jewelry, artisan silver diamond designs, and timeless halo diamond jewelry on Etsy.

Handcrafted with premium natural diamonds, this jewelry set is crafted in solid 925 sterling silver and finished with a luminous rhodium plating to enhance brilliance and ensure long-lasting durability. Each diamond is carefully pavé-set to maximize sparkle and create a refined halo effect, reflecting expert craftsmanship and delivering a luxurious, high-quality jewelry set perfect for elegant occasions, celebrations, and timeless gifting.







★ This Jewelry comes with a Specially Designed Jewelry Box.
★ Have your own custom design? Send us a message and we will make it for you exactly how you want it to be:))
★ All our gemstones are 100% natural.

Visit links: For Other Design
https://vamijewells.etsy.com

Please Pay more attention to the Jewelry Care Tips:
★ Do not use chemical jewelry cleaners.
★ Gently polish with a soft, lint-free cloth.
★ Store your jewelry in a cool dry place.
★ Do not wear it to the pool, spa, or the beach.
★ Avoid contact with perfumes, body oils, and other chemicals, including household cleaners.
★ Remove when sleeping, exercising, or doing other physically strenuous activities.

Custom Order:
★ Please Noted that Once Custom Order has been Arranged for Production, Cancellation is not Allowed because all the Materials has been Prepared well for your Jewelry Making. Hope to get Your highly Understand! There are NO returns on custom Jewelry Thanks So Much!

Feedback:
★ If you have any problem with your order or you are not satisfied with your order please feel free to contact us and allow us to resolve your problem. But please do not leave negative or neutral feedback before contacting us.",300.99,USD,4,"Pave_diamond_ring,Unique_silver_ring,Handmade_jewelry,Luxury_jewelry,Gemstone_Ring,Halo_Diamond_Ring,Engagement_Ring,Anniversary_Gift,Statement_Jewelry,Vintage_jewelry,April_Birthstone,White_Stone_Jewelry,Cluster_Jewelry","Diamond,Sterling silver,Silver,Stone,Diamond",https://i.etsystatic.com/24638998/r/il/7d6b73/7510858106/il_fullxfull.7510858106_s6ww.jpg,https://i.etsystatic.com/24638998/r/il/38f617/7510858114/il_fullxfull.7510858114_rmem.jpg,https://i.etsystatic.com/24638998/r/il/d724f6/7510858110/il_fullxfull.7510858110_4xig.jpg,https://i.etsystatic.com/24638998/r/il/fcd156/7558798447/il_fullxfull.7558798447_9ofv.jpg,https://i.etsystatic.com/24638998/r/il/cf4c41/7558798427/il_fullxfull.7558798427_qqb4.jpg,https://i.etsystatic.com/24638998/r/il/41d140/7558798429/il_fullxfull.7558798429_tbrm.jpg,https://i.etsystatic.com/24638998/r/il/de8798/7558798433/il_fullxfull.7558798433_fph4.jpg,https://i.etsystatic.com/24638998/r/il/aa4d89/6812623953/il_fullxfull.6812623953_cgcl.jpg,https://i.etsystatic.com/24638998/r/il/2d1957/6812525709/il_fullxfull.6812525709_8qbv.jpg,,"Custom Property",Style,"Earrings,Pendant,Ring,Complete Set","Custom Property","Ring Size","NA FOR EARRINGS,NA FOR PENDANT,5 US,5 1/4 US,5 1/2 US,5 3/4 US,6 US,6 1/4 US,6 1/2 US,6 3/4 US,7 US,7 1/4 US,7 1/2 US,7 3/4 US,8 US,8 1/4 US,8 1/2 US,8 3/4 US,9 US,9 1/4 US,9 1/2 US,9 3/4 US,10 US,10 1/4 US,10 1/2 US,10 3/4 US,11 US,11 1/4 US,11 1/2 US,11 3/4 US,12 US,12 1/4 US,12 1/2 US,12 3/4 US,13 US,13 1/4 US,13 1/2 US,13 3/4 US,14 US,14 1/4 US,14 1/2 US,14 3/4 US,15 US,15 1/4 US,15 1/2 US,15 3/4 US,16 US",K-2089
"Natural Rainbow Sapphire Statement Ring, 925 Sterling Silver Diamond Full Eternity Band","Natural Rainbow Sapphire Diamond Eternity Ring Sterling Silver Statement Band Luxury Handmade

📌 Product Specifications

Main Stones: Natural Rainbow Sapphires

Accent Stones: Natural Diamonds

Metal: 925 Sterling Silver

Finish: Rhodium Plated

Design: Full eternity band with multicolor sapphire and diamond pavé setting

Ring Type: Full Eternity Statement Band

Style: Statement, Luxury, Colorful Fine Jewelry

Craftsmanship: Handcrafted with precision-set gemstones and detailed openwork gallery

💎 Description

This captivating Natural Rainbow Sapphire Statement Ring is a radiant celebration of color, brilliance, and refined craftsmanship. Featuring a continuous full eternity band adorned with vibrant natural rainbow sapphires, each stone displays its own unique hue, creating a harmonious spectrum of color encircling the finger. Sparkling natural diamonds are delicately set alongside the sapphires, adding luminous contrast and enhancing the ring’s luxurious appeal. Handcrafted in rhodium plated 925 sterling silver, this eternity band offers timeless elegance with a bold, modern edge. Perfect for stacking, special occasions, anniversaries, or collectors of colorful fine jewelry, this ring is designed to shine from every angle with enduring beauty.

Ideal for shoppers searching for natural rainbow sapphire rings, diamond eternity bands, multicolor sapphire statement rings, 925 sterling silver eternity rings, luxury gemstone bands for women, handmade fine jewelry rings, colorful sapphire diamond rings, anniversary eternity bands, wedding and promise rings, stacking gemstone rings, artisan silver jewelry, and bold full eternity rings on Etsy.

Handcrafted with premium natural rainbow sapphires and sparkling natural diamonds, this ring is crafted in solid 925 sterling silver and finished with a radiant rhodium plating to enhance brilliance and ensure long-lasting durability. Each gemstone is carefully handset in a full eternity design to showcase vibrant color, sparkle, and symmetry, reflecting expert craftsmanship and delivering a luxurious, high-quality statement ring ideal for elegant occasions and everyday sophistication.",1250.99,USD,5,"925_silver_ring,Unique_silver_ring,Handmade_jewelry,Luxury_jewelry,Halo_Diamond_Ring,Engagement_Ring,Anniversary_Gift,silver_jewelry,Minimalist_Ring,blue_stone_ring,Wedding_Gift,Birthday_Gift,Sapphire_Ring","Sterling silver,Sapphire,Diamond,Silver,Stone,Sapphire",https://i.etsystatic.com/24638998/r/il/f2b5e7/7510872822/il_fullxfull.7510872822_quxi.jpg,https://i.etsystatic.com/24638998/r/il/947f98/7558812863/il_fullxfull.7558812863_adre.jpg,https://i.etsystatic.com/24638998/r/il/110097/7510872544/il_fullxfull.7510872544_nnt6.jpg,https://i.etsystatic.com/24638998/r/il/ed478a/7510872548/il_fullxfull.7510872548_3umq.jpg,https://i.etsystatic.com/24638998/r/il/369719/7510872546/il_fullxfull.7510872546_2eml.jpg,https://i.etsystatic.com/24638998/r/il/aa4d89/6812623953/il_fullxfull.6812623953_cgcl.jpg,https://i.etsystatic.com/24638998/r/il/2d1957/6812525709/il_fullxfull.6812525709_8qbv.jpg,,,,"Ring size","Ring size","5,5 1/4,5 1/2,5 3/4,6,6 1/4,6 1/2,6 3/4,7,7 1/4,7 1/2,7 3/4,8,8 1/4,8 1/2,8 3/4,9,9 1/4,9 1/2,9 3/4,10,10 1/4,10 1/2,10 3/4,11,11 1/4,11 1/2,11 3/4,12,12 1/4,12 1/2,12 3/4,13,13 1/4,13 1/2,13 3/4,14,14 1/4,14 1/2,14 3/4,15,15 1/4,15 1/2,15 3/4,16",,,,K-2088
"Natural Opal Diamond Pendant, Sterling Silver Halo, October Birthstone","✨💎

Natural Opal Pendant – Sterling Silver Diamond Halo Pendant, Solid 925 Opal Cluster Necklace Charm, Handmade October Birthstone Jewelry Gift for Her

Product Specifications:

Main Gemstone: Natural Opals – 4.00 carats total, vivid multi-color fire

Accent Stones: Natural Diamonds – 0.89 carats total

Metal: Solid 925 Sterling Silver

Finish: Rhodium Plated for Superior Shine

Pendant Size: 24 mm (plus 6 mm loop)

Style: Square Halo Cluster Pendant

Occasion: Birthday, Anniversary, Bridal, October Birthstone Gift

Craftsmanship: Handcrafted fine jewelry with precision stone setting

Description:
Indulge in the brilliance of this Natural Opal & Diamond Pendant, a handcrafted statement piece designed to captivate. This pendant showcases 4.00 carats of genuine Ethiopian opals, each gemstone radiating a kaleidoscope of rainbow flashes—reds, blues, greens, and golds—making it the perfect October birthstone jewelry. The opals are beautifully framed by 0.89 carats of sparkling natural diamonds, enhancing the pendant’s elegance and timeless appeal.

Expertly crafted in solid 925 sterling silver and finished with luxury rhodium plating, this opal halo pendant is both durable and glamorous. The square cluster design creates a sophisticated silhouette that flatters any neckline, while the diamond halo adds maximum sparkle from every angle.

Whether as a birthday gift, anniversary present, bridal jewelry, or a personal treat, this pendant brings together the magic of opals, the brilliance of diamonds, and the quality of fine silver craftsmanship.

💎 Highlights:

Genuine opals with fiery play-of-color

Diamond halo for extra brilliance

Versatile luxury piece for both daily wear and special occasions

★ This Jewelry comes with a Specially Designed Jewelry Box.
★ Have your own custom design? Send us a message and we will make it for you exactly how you want it to be:))
★ All our gemstones are 100% natural.

Visit links: For Other Design
https://vamijewells.etsy.com

Please Pay more attention to the Jewelry Care Tips:
★ Do not use chemical jewelry cleaners.
★ Gently polish with a soft, lint-free cloth.
★ Store your jewelry in a cool dry place.
★ Do not wear it to the pool, spa, or the beach.
★ Avoid contact with perfumes, body oils, and other chemicals, including household cleaners.
★ Remove when sleeping, exercising, or doing other physically strenuous activities.

Custom Order:
★ Please Noted that Once Custom Order has been Arranged for Production, Cancellation is not Allowed because all the Materials has been Prepared well for your Jewelry Making. Hope to get Your highly Understand! There are NO returns on custom Jewelry Thanks So Much!

Feedback:
★ If you have any problem with your order or you are not satisfied with your order please feel free to contact us and allow us to resolve your problem. But please do not leave negative or neutral feedback before contacting us.",571.31,USD,5,"Handmade_jewelry,Luxury_jewelry,Anniversary_Gift,Pave_diamond_pendant,925_silver_pendant,Vintage_pendant,Opal_Pendant,Engagement_gift,Halo_Diamond_pendant,Gemstone_pendant,fire_opal_necklace,Dainty_Pendant,Statement_pendant","Sterling silver,Stone,Opal",https://i.etsystatic.com/24638998/r/il/7f642f/7104957958/il_fullxfull.7104957958_kct0.jpg,https://i.etsystatic.com/24638998/r/il/695781/7104957708/il_fullxfull.7104957708_jcp5.jpg,https://i.etsystatic.com/24638998/r/il/42ea7d/7104957702/il_fullxfull.7104957702_rmzm.jpg,https://i.etsystatic.com/24638998/r/il/aaec52/7152925967/il_fullxfull.7152925967_796x.jpg,https://i.etsystatic.com/24638998/r/il/aa4d89/6812623953/il_fullxfull.6812623953_cgcl.jpg,https://i.etsystatic.com/24638998/r/il/2d1957/6812525709/il_fullxfull.6812525709_8qbv.jpg,,,,,,,,,,,K-1100
"Natural Teardrop Emerald Diamond Pendant, 925 Sterling Silver Jewelry, Wedding Anniversary Gift","Natural Teardrop Emerald Diamond Pendant – 925 Sterling Silver Statement Jewelry, Anniversary Gift

✨ Product Specifications
Main Stone: Natural Emerald (Teardrop Cut)
Emerald Size: 23 × 12 mm
Accent Stones: Natural Diamonds
Total Diamond Weight: 1.22 carats
Metal: 925 Sterling Silver
Pendant Dimensions: 34 × 21 mm (+ 12 mm bail)
Style: Statement / Floral Halo / Vintage Inspired

💎 Description
This exquisite Natural Emerald Diamond Pendant is a true statement of elegance and craftsmanship. Featuring a rich green teardrop-shaped emerald at the center, the design is beautifully surrounded by a radiant floral halo of shimmering diamonds.

The intricate openwork pattern enhances the brilliance of each diamond while giving the pendant a delicate yet luxurious look. Its large size and eye-catching design make it perfect for special occasions or when you want to stand out effortlessly.

Crafted in high-quality 925 sterling silver, this pendant blends timeless beauty with modern sophistication—ideal for those who appreciate fine gemstone jewelry.

🎁 Perfect Gift

A stunning choice for anniversaries, weddings, birthdays, or special celebrations. Perfect for someone who loves bold, elegant, and timeless jewelry pieces.",1400.99,USD,5,"Emerald_Pendant,Diamond_Pendant,Teardrop_Pendant,Statement_Jewelry,Green_Gemstone,Silver_Pendant,Anniversary_Gift,Wedding_Jewelry,Gift_For_Her,Handmade_Jewelry,Large_Pendant,Luxury_Jewelry,Designer_Pendant","Stone,Emerald,Diamond,Sterling silver,Silver,Emerald",https://i.etsystatic.com/24638998/r/il/260beb/7918814384/il_fullxfull.7918814384_bpah.jpg,https://i.etsystatic.com/24638998/r/il/dbee88/7918814002/il_fullxfull.7918814002_k2s6.jpg,https://i.etsystatic.com/24638998/r/il/3062a5/7966766385/il_fullxfull.7966766385_kjrt.jpg,https://i.etsystatic.com/24638998/r/il/e1e51b/7918814004/il_fullxfull.7918814004_gfel.jpg,https://i.etsystatic.com/24638998/r/il/36ffb1/7966766395/il_fullxfull.7966766395_p60h.jpg,https://i.etsystatic.com/24638998/r/il/aa4d89/6812623953/il_fullxfull.6812623953_cgcl.jpg,https://i.etsystatic.com/24638998/r/il/2d1957/6812525709/il_fullxfull.6812525709_8qbv.jpg,,,,,,,,,,K-6021
"Natural Teardrop Emerald Diamond Pendant, 925 Sterling Silver Jewelry, Wedding Anniversary Gift","Natural Teardrop Emerald Diamond Pendant – 925 Sterling Silver Statement Jewelry, Anniversary Gift

✨ Product Specifications
Main Stone: Natural Emerald (Teardrop Cut)
Emerald Size: 23 × 16 mm
Accent Stones: Natural Diamonds
Total Diamond Weight: 2.76 carats
Metal: 925 Sterling Silver
Pendant Dimensions: 46 × 35 mm (+ 10 mm bail)
Style: Statement / Floral Halo / Vintage Inspired

💎 Description
This exquisite Natural Emerald Diamond Pendant is a true statement of elegance and craftsmanship. Featuring a rich green teardrop-shaped emerald at the center, the design is beautifully surrounded by a radiant floral halo of shimmering diamonds.

The intricate openwork pattern enhances the brilliance of each diamond while giving the pendant a delicate yet luxurious look. Its large size and eye-catching design make it perfect for special occasions or when you want to stand out effortlessly.

Crafted in high-quality 925 sterling silver, this pendant blends timeless beauty with modern sophistication—ideal for those who appreciate fine gemstone jewelry.

🎁 Perfect Gift

A stunning choice for anniversaries, weddings, birthdays, or special celebrations. Perfect for someone who loves bold, elegant, and timeless jewelry pieces.",3340.99,USD,5,"Emerald_Pendant,Diamond_Pendant,Teardrop_Pendant,Statement_Jewelry,Green_Gemstone,Silver_Pendant,Anniversary_Gift,Wedding_Jewelry,Gift_For_Her,Handmade_Jewelry,Large_Pendant,Luxury_Jewelry,Designer_Pendant","Stone,Emerald,Diamond,Sterling silver,Silver,Emerald",https://i.etsystatic.com/24638998/r/il/5e5955/7918745132/il_fullxfull.7918745132_g3wh.jpg,https://i.etsystatic.com/24638998/r/il/b0b378/7918741528/il_fullxfull.7918741528_2jyq.jpg,https://i.etsystatic.com/24638998/r/il/6e1910/7918741510/il_fullxfull.7918741510_m846.jpg,https://i.etsystatic.com/24638998/r/il/4a2011/7918741504/il_fullxfull.7918741504_57so.jpg,https://i.etsystatic.com/24638998/r/il/79a57c/7918741516/il_fullxfull.7918741516_pd4u.jpg,https://i.etsystatic.com/24638998/r/il/6687e0/7918741518/il_fullxfull.7918741518_h64q.jpg,https://i.etsystatic.com/24638998/r/il/8f715d/7918741520/il_fullxfull.7918741520_hebu.jpg,https://i.etsystatic.com/24638998/r/il/aa4d89/6812623953/il_fullxfull.6812623953_cgcl.jpg,https://i.etsystatic.com/24638998/r/il/2d1957/6812525709/il_fullxfull.6812525709_8qbv.jpg,,,,,,,,K-6023
"Natural Emerald Diamond Dangle Earrings – Gold Plated 925 Sterling Silver Jewelry, Birthday Gift","Natural Emerald Diamond Dangle Earrings – Gold Plated 925 Sterling Silver Statement Jewelry, Luxury Gift For Her


✨ Product Specifications
Main Stones: Natural Emeralds
Accent Stones: Natural Diamonds
Total Emerald Weight: 10.40 carats
Total Diamond Weight: 1.85 carats
Metal: 925 Sterling Silver with Gold Plating
Earring Length: 65 mm
Closure: Push Back / Secure Lock
Style: Dangle / Statement / Designer Earrings

💎 Description

Make a bold and elegant statement with these stunning Natural Emerald & Diamond Dangle Earrings. Designed in a graceful teardrop silhouette, these earrings feature beautifully arranged marquise-cut emeralds forming a delicate floral pattern that radiates sophistication.

At the center, a subtle ruby-toned accent adds a unique touch of color contrast, enhancing the richness of the green emeralds. The outer frame is adorned with sparkling natural diamonds, creating a brilliant halo that catches light from every angle.

Crafted in gold-plated 925 sterling silver, these earrings combine vintage-inspired artistry with modern luxury—perfect for special occasions or standout everyday glamour.

🎁 Perfect Gift

A perfect gift for birthdays, anniversaries, weddings, or festive occasions. Ideal for someone who loves elegant, colorful gemstone jewelry with a luxurious feel.",1400.99,USD,5,"Emerald_Earring,Diamond_Earring,Dangle_Earring,Statement_Ear,Green_Gemstone,Gold_Silver,Handmade_Jewelry,Anniversary_Gift,Birthday_Gift,Wedding_Jewelry,Gift_For_Her,Teardrop_Ear,Luxury_Jewelry","Stone,Emerald,Diamond,Sterling silver,Silver,Emerald",https://i.etsystatic.com/24638998/r/il/cff78a/7966575025/il_fullxfull.7966575025_lot7.jpg,https://i.etsystatic.com/24638998/r/il/23d641/7918621954/il_fullxfull.7918621954_2mdr.jpg,https://i.etsystatic.com/24638998/r/il/95d3b1/7966574541/il_fullxfull.7966574541_83op.jpg,https://i.etsystatic.com/24638998/r/il/9f9676/7966574555/il_fullxfull.7966574555_llty.jpg,https://i.etsystatic.com/24638998/r/il/4c60be/7966574571/il_fullxfull.7966574571_ng2x.jpg,https://i.etsystatic.com/24638998/r/il/aa4d89/6812623953/il_fullxfull.6812623953_cgcl.jpg,https://i.etsystatic.com/24638998/r/il/2d1957/6812525709/il_fullxfull.6812525709_8qbv.jpg,,,,,,,,,,K-6024
"Natural Opal Emerald & Diamond Cluster Ring, 925 Sterling Silver Statement Jewelry, Anniversary Gift","Natural Opal, Emerald & Diamond Cluster Ring, 925 Sterling Silver Statement Jewelry, Luxury Anniversary Gift


✨ Product Specifications
Main Stone: Natural Opal (Oval Cabochon)
Accent Stones: Natural Emerald
Diamonds: Natural Diamonds (Pavé Set)
Metal: 925 Sterling Silver
Setting: Prong & Halo Setting
Style: Cluster / Cocktail / Statement Ring
Finish: Black Rhodium Accents
💎 Description

This exquisite Natural Opal, Emerald & Diamond Cluster Ring is a true showstopper, designed for those who love bold and luxurious gemstone jewelry. At the center lies a mesmerizing opal, glowing with deep green flashes and natural play-of-color that changes beautifully with light.

Surrounding the opal is a vibrant halo of emerald gemstones, adding rich green brilliance and enhancing the overall depth of the design. Sparkling diamonds are delicately set around the frame, bringing extra shimmer and elevating the elegance of the piece.

Crafted in 925 sterling silver with subtle dark accents, this ring has a vintage-inspired yet modern appeal—perfect for making a statement on any occasion.

🎁 Perfect Gift

An ideal gift for anniversaries, birthdays, weddings, or special celebrations. Perfect for someone who appreciates rare gemstones and bold designer jewelry.",1119.99,USD,5,"Opal_Emerald_Ring,Black_Opal_Ring,Statement_Ring,Cocktail_Ring,Sterling_Silver_925,Handmade_Jewelry,Anniversary_Gift,Gift_For_Her,Luxury_Ring,Designer_Ring,Green_Gemstone_Ring,Vintage_Style_Ring,Gemstone_ClusterRing","Diamond,Emerald,Opal,Sterling silver,Silver,Opal",https://i.etsystatic.com/24638998/r/il/af3d1a/7921967618/il_fullxfull.7921967618_rt1w.jpg,https://i.etsystatic.com/24638998/r/il/729eb2/7918226326/il_fullxfull.7918226326_acf8.jpg,https://i.etsystatic.com/24638998/r/il/c8f05e/7918225446/il_fullxfull.7918225446_25hc.jpg,https://i.etsystatic.com/24638998/r/il/a547e9/7966179627/il_fullxfull.7966179627_5dli.jpg,https://i.etsystatic.com/24638998/r/il/c99e16/7966179625/il_fullxfull.7966179625_6hjg.jpg,https://i.etsystatic.com/24638998/r/il/aa4d89/6812623953/il_fullxfull.6812623953_cgcl.jpg,https://i.etsystatic.com/24638998/r/il/2d1957/6812525709/il_fullxfull.6812525709_8qbv.jpg,,,,"Ring size","Ring size","5,5 1/4,5 1/2,5 3/4,6,6 1/4,6 1/2,6 3/4,7,7 1/4,7 1/2,7 3/4,8,8 1/4,8 1/2,8 3/4,9,9 1/4,9 1/2,9 3/4,10,10 1/4,10 1/2,10 3/4,11,11 1/4,11 1/2,11 3/4,12,12 1/4,12 1/2,12 3/4,13,13 1/4,13 1/2,13 3/4,14,14 1/4,14 1/2,14 3/4,15,15 1/4,15 1/2,15 3/4,16",,,,K-6025
"Natural Diamond Dangle Earrings – 925 Sterling Silver Statement Jewelry, Wedding Gift For Wife","Natural Diamond Dangle Earrings, 925 Sterling Silver Leaf Design Statement Jewelry, Elegant Wedding Gift
✨ Product Specifications
Gemstone: Natural Diamonds – 2.20 Carats
Metal: 925 Sterling Silver
Earring Length: 6 cm
Closure: English Lock
Setting: Pavé Setting
Style: Dangle / Leaf Design / Statement Earrings
Finish: High Polish Silver
💎 Description

Inspired by the beauty of nature, these exquisite Natural Diamond Dangle Earrings feature a graceful leaf-like design that flows elegantly with movement. Handcrafted in 925 sterling silver, each curve is adorned with sparkling pavé-set diamonds, creating a delicate yet eye-catching shimmer.

The elongated silhouette enhances the elegance of the earrings, while the intricate detailing gives them a light, airy feel. Designed with a secure English lock, they offer both comfort and confidence for all-day wear.

Perfectly balancing sophistication and modern style, these earrings are ideal for special occasions or elevating any evening look.

🎁 Perfect Gift

A thoughtful gift for weddings, anniversaries, birthdays, or special celebrations—perfect for someone who loves elegant, nature-inspired diamond jewelry.",1350.99,USD,4,"Diamond_Leaf_Earring,Leaf_Dangle_Earring,Statement_Earring,Sterling_Silver_925,Bridal_Earring,Wedding_Jewelry,Handmade_Jewelry,Gift_For_Wife,Anniversary_Gift,Long_Drop_Earring,Designer_Earring,Elegant_Fine_Jewelry,Nature_Jewelry","Diamond,Sterling silver,Silver,Diamond",https://i.etsystatic.com/24638998/r/il/214b2a/7966053289/il_fullxfull.7966053289_spgm.jpg,https://i.etsystatic.com/24638998/r/il/100766/7918099718/il_fullxfull.7918099718_1u4u.jpg,https://i.etsystatic.com/24638998/r/il/a49fdc/7918099714/il_fullxfull.7918099714_ka8u.jpg,https://i.etsystatic.com/24638998/r/il/f1b1f0/7966052811/il_fullxfull.7966052811_8cqq.jpg,https://i.etsystatic.com/24638998/r/il/aa4d89/6812623953/il_fullxfull.6812623953_cgcl.jpg,https://i.etsystatic.com/24638998/r/il/2d1957/6812525709/il_fullxfull.6812525709_8qbv.jpg,,,,,,,,,,,K-6027
"Natural Diamond Dangle Earrings – 925 Sterling Silver Statement Jewelry, Wedding Gift For Wife","Natural Diamond Dangle Earrings, 925 Sterling Silver Statement Jewelry, Elegant Wedding Gift
✨ Product Specifications
Gemstone: Natural Diamonds – 2.56 Carats
Metal: 925 Sterling Silver
Earring Length: 4 cm
Setting: Pavé & Prong Setting
Style: Dangle / Statement / Designer Earrings
Finish: High Polish Silver
💎 Description

Add brilliance and sophistication to your look with these stunning Natural Diamond Dangle Earrings, crafted in fine 925 sterling silver. Featuring a radiant floral-inspired top and a bold geometric drop design, these earrings are fully encrusted with shimmering diamonds for maximum sparkle.

The intricate arrangement of diamonds creates a luxurious, high-impact statement while maintaining elegance and balance. Lightweight and beautifully structured, they offer both comfort and glamour—perfect for special occasions or evening wear.

These earrings are designed to stand out, making them an ideal choice for weddings, parties, or any moment that calls for timeless sparkle.

🎁 Perfect Gift

A beautiful gift for weddings, anniversaries, birthdays, or festive occasions—perfect for someone who loves classic diamond elegance with a modern statement twist.",1315.99,USD,4,"Diamond_Earrings,Dangle_Earrings,Statement_Earrings,Sterling_Silver_925,Bridal_Earrings,Wedding_Jewelry,Handmade_Jewelry,Luxury_Earrings,Gift_For_Wife,Anniversary_Gift,Designer_Earring,Long_Drop_Earring,Elegant_Fine_Jewelry","Diamond,Sterling silver,Silver,Diamond",https://i.etsystatic.com/24638998/r/il/aead02/7965959973/il_fullxfull.7965959973_kg67.jpg,https://i.etsystatic.com/24638998/r/il/1f9eb3/7965959131/il_fullxfull.7965959131_s54n.jpg,https://i.etsystatic.com/24638998/r/il/50624d/7965959129/il_fullxfull.7965959129_jlrh.jpg,https://i.etsystatic.com/24638998/r/il/0628e8/7965959157/il_fullxfull.7965959157_7vpr.jpg,https://i.etsystatic.com/24638998/r/il/98427b/7918006904/il_fullxfull.7918006904_kmwg.jpg,https://i.etsystatic.com/24638998/r/il/aa4d89/6812623953/il_fullxfull.6812623953_cgcl.jpg,https://i.etsystatic.com/24638998/r/il/2d1957/6812525709/il_fullxfull.6812525709_8qbv.jpg,,,,,,,,,,K-6028
"Genuine Ethiopian Opal Ring & Sterling Silver Dangle Earrings Statement Jewelry Set","Natural Ethiopian Opal Jewelry Set for Women — Sterling Silver Clip-On Earrings & Ring, Statement Gift for Anniversary or Birthday

Vamika Jewels – Where elegance meets earth. Every piece is handcrafted with soul, made to celebrate love, moments, and memories that last forever. 💫

Product Specifications:

Main Stone: Genuine Natural Ethiopian Opal (Cabochon Cut, Oval)

Metal: Solid 925 Sterling Silver

Set Includes: Clip-On Dangle Earrings and Matching Ring

Earring Length: 35 mm

Setting Style: Prong Set

Finish: Rhodium Plated for Extra Shine

Style: Dainty, Modern, Elegant, Minimalist

Occasions: Anniversary, Birthday, Wedding, Engagement, Women’s Day, Mother's Day

Packaging: Comes in a Gift-Ready Box

Shipping: Free Worldwide Shipping

Description:

Celebrate elegance with this exquisite Natural Ethiopian Opal Jewelry Set, showcasing the mesmerizing play-of-color that only high-quality opals can offer. Handcrafted in solid 925 sterling silver, this luminous duo features a graceful clip-on dangle earring design and a sleek opal ring, both ideal for sensitive ears and modern styling.

These October birthstone pieces shimmer with rainbow hues that shift in every light, making them a stunning gift for anniversaries, weddings, birthdays, or simply to treat yourself. Their minimalist charm meets statement-worthy sparkle — ideal for the woman who cherishes timeless beauty with a unique twist.

Whether you're styling up for a formal celebration or adding a magical touch to your everyday outfit, this opal ring and earring set ensures effortless elegance.

★ This Jewelry comes with a Specially Designed Jewelry Box.
★ Have your own custom design? Send us a message and we will make it for you exactly how you want it to be:))
★ All our gemstones are 100% natural.

Visit links: For Other Design
https://vamijewells.etsy.com

Please Pay more attention to the Jewelry Care Tips:
★ Do not use chemical jewelry cleaners.
★ Gently polish with a soft, lint-free cloth.
★ Store your jewelry in a cool dry place.
★ Do not wear it to the pool, spa, or the beach.
★ Avoid contact with perfumes, body oils, and other chemicals, including household cleaners.
★ Remove when sleeping, exercising, or doing other physically strenuous activities.

Custom Order:
★ Please Noted that Once Custom Order has been Arranged for Production, Cancellation is not Allowed because all the Materials has been Prepared well for your Jewelry Making. Hope to get Your highly Understand! There are NO returns on custom Jewelry Thanks So Much!

Feedback:
★ If you have any problem with your order or you are not satisfied with your order please feel free to contact us and allow us to resolve your problem. But please do not leave negative or neutral feedback before contacting us.",253.99,USD,2,"925_silver_ring,Unique_silver_ring,Handmade_jewelry,Luxury_jewelry,Gemstone_Ring,Engagement_Ring,Anniversary_Gift,Statement_Jewelry,Vintage_jewelry,Opal_Ring,white_Opal_earrings,Party_wear_jewelry,Mothers_day_gift","Opal,Stone,Sterling silver",https://i.etsystatic.com/24638998/r/il/085b0d/6795510114/il_fullxfull.6795510114_qe2s.jpg,https://i.etsystatic.com/24638998/r/il/422176/6843516505/il_fullxfull.6843516505_54pc.jpg,https://i.etsystatic.com/24638998/r/il/bd2651/6795509818/il_fullxfull.6795509818_kt3c.jpg,https://i.etsystatic.com/24638998/r/il/3735c7/6843516503/il_fullxfull.6843516503_5fn5.jpg,https://i.etsystatic.com/24638998/r/il/aa4d89/6812623953/il_fullxfull.6812623953_cgcl.jpg,https://i.etsystatic.com/24638998/r/il/2d1957/6812525709/il_fullxfull.6812525709_8qbv.jpg,,,,,"Custom Property",Style,"Earrings,Ring,Complete Set","Custom Property","Ring Size","NA FOR EARRINGS,5 US,5 1/4 US,5 1/2 US,5 3/4 US,6 US,6 1/4 US,6 1/2 US,6 3/4 US,7 US,7 1/4 US,7 1/2 US,7 3/4 US,8 US,8 1/4 US,8 1/2 US,8 3/4 US,9 US,9 1/4 US,9 1/2 US,9 3/4 US,10 US,10 1/4 US,10 1/2 US,10 3/4 US,11 US,11 1/4 US,11 1/2 US,11 3/4 US,12 US,12 1/4 US,12 1/2 US,12 3/4 US,13 US,13 1/4 US,13 1/2 US,13 3/4 US,14 US,14 1/4 US,14 1/2 US,14 3/4 US,15 US,15 1/4 US,15 1/2 US,15 3/4 US,16 US",K-134
